1;CD0010;Conc;Fourrages déshydratés et agglomérés;Luzerne déshydratée, protéines < 16 % sur sec;91.4000015258789;0.730000019073486;0.639999985694885;46;93;6;6.69129578730775;1.6808197994806;1.77365054924997;0.382999986410141;883;60;154;66;306;467;64;345;88;27;12;23;2.70000004768372;2,0;22.1000003814697;6.59999990463257;2,0;498;4390;57;2090;60;60;75;82;80;52;52;4.6;0.61;24.8;5.8;212;7;26;51;0.5;0.100000001490116;0.400000005960464;;;;5.50045075999088;1.62308381319524;4.77908041522098;4.77908041522098;8.47610423836116;1.2623985333177;5.0495941332708;9.01713253440156;5.68079366866114;14.4274120550425;5.68079366866114;12.2633005907624;5.59062199934081;5.68079366866114;6.49233525278097;3.69702425311056;3.64900070234157;6.69129578730775;1.77365054924997;4.63526622522687;5.07605193811792;6.55828383874056;1.6808197994806;5.15167686517554;8.6897127542864;5.2697990234821;11.5560889132698;5.06175548944225;12.719827725787;4.47809414003872;6.77103093572205;6.67555412369234;4.05180122100469;;2,0;1.89999997615814;25.6000003814697;1.39999997615814;3.79999995231628;4.40000009536743;19.2999992370605;37,0;3.59999990463257;;2.90000009536743;;0.699999988079071
2;CD0020;Conc;Fourrages déshydratés et agglomérés;Luzerne déshydratée, protéines 16-18 % sur sec;90.8000030517578;0.730000019073486;0.649999976158142;50;97;16;6.74225681388185;1.69928901868987;1.85970293816854;0.382999986410141;880;61;170;68;302;464;64;341;87;31;12;24;2.5;1.89999997615814;22.2000007629395;6.69999980926514;2,0;515;4410;58;2100;60;60;75;82;80;52;52;6.3;0.38;25.7;5.7;121;6;25;33;0.5;0.200000002980232;0.5;61000;;201.15;5.71428556290884;1.82539678755261;5.00000015137688;4.8412697655814;8.17460332598005;1.34920638705057;5.15873015873016;9.12698412698413;5.79365094502767;13.8095235067701;5.55555555555556;12.142857294234;5.47619055187891;5.71428556290884;6.50793635655963;3.80952396090069;3.52220531241393;6.74225681388185;1.85970293816854;4.68756380096299;5.08396713275579;6.48109257337556;1.69928901868987;5.19022960933226;8.75987976409152;5.32365877075696;11.4010717548668;5.02283975570262;12.6560678617537;4.4616957584681;6.78755848696238;6.66806919639382;4.06093031413937;;2,0;1.89999997615814;25.6000003814697;1.39999997615814;3.79999995231628;4.40000009536743;19.2999992370605;37,0;3.59999990463257;;2.90000009536743;;0.699999988079071
3;CD0030;Conc;Fourrages déshydratés et agglomérés;Luzerne déshydratée, protéines 17-19 % sur sec;90.5999984741211;0.75;0.660000026226044;53;100;21;6.7376674601726;1.74972433149581;1.90383312659466;0.382999986410141;877;62;179;69;290;453;64;330;85;31;12;25;2.70000004768372;2,0;23.2999992370605;7,0;2,0;516;4420;59;2140;60;60;75;82;80;52;52;2.9;0.43;26,0;6,0;333;7;25;36;0.899999976158142;0.300000011920929;0.5;;;;5.76070916743739;1.92023627175605;5.16986707512665;4.87444602897127;7.97636648534881;1.47710487860761;5.16986707512665;9.23190549129758;5.83456434093392;13.5155090757889;5.46528812128202;12.112259722847;5.39143294778549;5.68685364177161;6.4992616067412;3.91432806917787;3.42368043295943;6.7376674601726;1.90383312659466;4.73253116851258;5.08884199497931;6.42923353621804;1.74972433149581;5.18763761674721;8.82732324667121;5.34947143235807;11.3307304706785;4.9935172334012;12.6363396797275;4.44756870983494;6.77658405676763;6.66172941503639;4.07311589133576;;2,0;1.89999997615814;25.6000003814697;1.39999997615814;3.79999995231628;4.40000009536743;19.2999992370605;37,0;3.59999990463257;;2.90000009536743;;0.699999988079071
4;CD0040;Conc;Fourrages déshydratés et agglomérés;Luzerne déshydratée, protéines 19-22 % sur sec;90.8000030517578;0.790000021457672;0.709999978542328;60;107;33;6.76558494009685;1.78438595001283;1.9662457990022;0.377999991178513;869;64;201;71;261;426;65;302;80;31;15;30;2.70000004768372;2,0;25,0;7.5;2.09999990463257;537;4430;61;2230;60;60;75;82;80;52;52;3.1;0.43;27.1;6.3;344;6;33;35;0.899999976158142;0.300000011920929;0.200000002980232;61000;;201.15;5.93490762253004;2.04211874038616;5.42437782332122;4.97766447723806;7.72176161546149;1.5954052421533;5.23292907254306;9.31716685761479;5.99872346705689;12.9546900794058;5.29674552566872;11.9974469341138;5.29674552566872;5.67964241862623;6.5092532662657;4.02042133194608;3.27160507045383;6.76558494009685;1.9662457990022;4.80528482684639;5.1122384572471;6.36862900025496;1.78438595001283;5.20260275735462;8.90994175340663;5.43990590283569;11.1793370274554;4.93243574549705;12.5641591879885;4.4484244615461;6.77495369706147;6.65075570279007;4.08337362960201;;2,0;1.89999997615814;25.6000003814697;1.39999997615814;3.79999995231628;4.40000009536743;19.2999992370605;37,0;3.59999990463257;;2.90000009536743;;0.699999988079071
5;CD0050;Conc;Fourrages déshydratés et agglomérés;Luzerne déshydratée, protéines 22-25 % sur sec;90.1999969482422;0.829999983310699;0.75;74;121;52;6.7675136879094;1.83359095813177;2.07583115685252;0.382999986410141;871;66;233;73;237;405;66;280;76;29;17;34;3.09999990463257;2.29999995231628;22.3999996185303;6.69999980926514;2.09999990463257;557;4500;63;2330;60;60;80;82;80;52;52;6.5;0.46;27.5;6,0;149;7;37;35;0.899999976158142;0.300000011920929;0.600000023841858;101000;;335.25;6.10727564101643;2.23048317629553;5.68242158208743;5.04514074692661;7.4349442586287;1.75252254992492;5.31067447044907;9.39989421786716;6.10727564101643;12.373871110974;5.09824769421726;11.8959106112198;5.20446108233316;5.68242158208743;6.47902275265479;4.1954328823013;3.13786016204791;6.7675136879094;2.07583115685252;4.8929515366102;5.11300769519901;6.29977403470171;1.83359095813177;5.217407923251;9.02263642447959;5.52408922146745;11.0024195159924;4.853664175179;12.4687887129996;4.47024353408766;6.77712786973075;6.61892640776812;4.1020134928172;;2,0;1.89999997615814;25.6000003814697;1.39999997615814;3.79999995231628;4.40000009536743;19.2999992370605;37,0;3.59999990463257;;2.90000009536743;;0.699999988079071
6;CD0060;Conc;Fourrages déshydratés et agglomérés;Luzerne déshydratée, protéines > 25 % sur sec;90.4000015258789;0.819999992847443;0.740000009536743;83;130;72;6.78852342330528;1.89092638122287;2.14226199218764;0.382999986410141;871;66;264;74;243;410;66;285;77;29;20;39;3.20000004768372;2.29999995231628;24.1000003814697;7.19999980926514;2.09999990463257;564;4560;63;2330;60;60;80;82;80;52;52;3.4;0.6;26.8;5.3;352;7;32;36;0.5;0.0399999991059303;;;;;6.21856442310503;2.33196154964812;5.89849091439449;5.07544599503904;7.27023302807368;1.87471417842172;5.34979415613583;9.46502093323848;6.21856442310503;11.9798814749837;4.9839961719417;11.796981828789;5.12117047052263;5.66986722878129;6.44718810871823;4.2981251151021;3.01552114888464;6.78852342330528;2.14226199218764;4.97004308489303;5.11485176974095;6.25130049398701;1.89092638122287;5.22911999730174;9.0999131741788;5.60238515806942;10.8672692428573;4.80072214461188;12.3976847848022;4.46173876217727;6.77221760792142;6.60006159759976;4.11676303624006;;2,0;1.89999997615814;25.6000003814697;1.39999997615814;3.79999995231628;4.40000009536743;19.2999992370605;37,0;3.59999990463257;;2.90000009536743;;0.699999988079071
7;CD0070;Conc;Fourrages déshydratés et agglomérés;Herbe déshydratée;90,0;0.920000016689301;0.870000004768372;51;103;2;6.61160113104963;1.97834137822018;2.29833495340212;0.395999997854233;914;72;162;71;260;542;78;307;37;12;17;34;2.70000004768372;2,0;6.30000019073486;2.5;1.70000004768372;511;4460;68;2550;61;60;80;82;80;48;50;1.1;1.87;23,0;5.7;441;6;27;119;0.200000002980232;0.0700000002980232;0.400000005960464;;;181.78;5.31045755357845;2.85947714423455;5.39215682264201;4.98366008775136;6.61764741688681;1.87908494153971;5.22875828451489;8.74182997083077;5.80065355753266;12.4183005848466;4.98366008775136;12.9084969783737;6.86274483450464;5.88235282659622;7.10784303126817;3.02287587714809;2.85714289498708;6.61160113104963;2.29833495340212;4.78025817239479;5.15207206845393;5.90361703476676;1.97834137822018;5.24272254903008;8.58160052231485;5.32121669838425;10.9910418178324;4.74460605993343;12.9709715131555;5.01176238063124;6.87196906886381;6.79977000578732;3.97240311525216;;0.200000002980232;2,0;23.5;2,0;4.30000019073486;6,0;18.6000003814697;40.7999992370605;;;;;
8;CD0080;Conc;Fourrages déshydratés et agglomérés;Paille de blé;90.1999969482422;0.5;0.379999995231628;10;53;-58;7.3252426326772;2.17103854870999;1.86879289737357;0.665000021457672;934;45;39;0;416;780;68;500;75;8;11;14;0.699999988079071;0.400000005960464;4.40000009536743;2.40000009536743;1.10000002384186;144;4410;41;1510;61;60;65;82;80;21;18;1.1;0.17;11.9;6,0;76;4;14;46;0.800000011920929;0.200000002980232;;1000;699.999988079071;;5.19;1.9;4.15;5.71;8.65;1.9;3.81;6.57;3.46;11.94;6.06;14.01;11.25;6.06;7.09;2.25;3.12;7.3252426326772;1.86879289737357;4.60727418379198;5.44236796942465;6.0968545997342;2.17103854870999;5.18953634748616;7.98756759145316;4.84513921563361;10.9013047782055;4.83210783359746;13.2439789901169;4.90085922719133;6.86171063425109;6.89403339169846;4.06917229073017;;;;;;;;;;;;;;
9;CD0090;Conc;Fourrages déshydratés et agglomérés;Maïs, stade laiteux;91,0;0.895624535105331;0.844594215868808;20.7490936476;73.969111306824;-50.5803531525375;6.56139727822319;2.05307134478909;2.08741044586366;0.3655427;950;69.63;76;43.1818181818182;223;496;;247;27;170;18.75;25;1.8;1.26;2.3;0.92;1.5;345.668660794197;4360.198;66.83963;2482.3200277574;61.547269;61;77.0629605;86.531;90;;;1.4;0.4;15,0;2,0;258.168660794197;6;25;60;0.05;0.05;0.05;1000;10;20;2.98614429049212;2.77114190157668;4.6225513616818;4.59866220735786;6.13951266125179;1.66029622551362;4.35977066411849;11.7892976588629;5.47061634018156;8.65981844242714;5.303392259914;17.4510272336359;7.52508361204013;4.80172001911132;7.85953177257525;4.00143334925944;3.12;6.56139727822319;2.08741044586366;4.64015601910681;5.21294066309531;5.7566380765009;2.05307134478909;5.15509763314167;9.12864230193349;5.17040850664578;10.3692650761983;4.76244078120051;14.0425730501368;4.6073141725642;6.55399350987205;6.95824935909471;4.13697727316439;;;;;;;;;;;;;;
10;CD0100;Conc;Fourrages déshydratés et agglomérés;Maïs, stade vitreux;91,0;0.916771259001376;0.86950206556613;19.6570360872;71.4978071528642;-50.8871711101003;6.5863347549646;2.05776843419923;2.0828938926273;0.3440026;954;70.63;72;40.5405405405405;195;450;;215;23;300;22.5;30;1.8;1.26;2.3;0.92;1.5;381.782781415359;4372.441;67.84063;2531.4387740883;61.547269;61;77.82217926;75.343;70;;;1.2;0.4;23,0;8,0;306.782781415359;6;25;60;0.05;0.05;0.05;1000;10;20;2.98614429049212;2.77114190157668;4.6225513616818;4.59866220735786;6.13951266125179;1.66029622551362;4.35977066411849;11.7892976588629;5.47061634018156;8.65981844242714;5.303392259914;17.4510272336359;7.52508361204013;4.80172001911132;7.85953177257525;4.00143334925944;3.12;6.5863347549646;2.0828938926273;4.64117111282656;5.21814085077248;5.75723677226933;2.05776843419923;5.16401724117745;9.11015679834873;5.16995234646063;10.3809722039383;4.75908360932718;14.0256856030729;4.5895922695968;6.55928805661434;6.95854829714395;4.13818767068437;;;;;;;;;;;;;;
11;CD0110;Conc;Fourrages déshydratés et agglomérés;Ray-Grass Italien, 1er cycle, début épiaison;91,0;0.886943376194506;0.843470948056988;27.6266615625;80.7672709927888;-29.0677509848262;6.52250060648986;2.29453330567551;1.95585196028623;0.3781776;899;71.63;105;49.5238095238095;238;508;;269;;0;12.5;25;2.7;1.62;4.3;1.72;1,0;381.782781415359;4189.33;68.84489;2444.714535862;64.918525;65;75;0;0;;;1.7;0.4;23,0;8,0;275.532781415359;7;22;78;0.1;0.05;0.1;2000;1000;100;3.75278527031781;2.146124076463;5.78163480708338;5.04280520698956;6.61428403893515;2.53313005746452;5.47672100387006;9.14741409639967;5.86372698487158;10.8361674680427;5.0545326609593;14.5068605605723;5.65263281341621;5.99272897853876;7.97466869942535;3.62378327665064;3.12;6.52250060648986;1.95585196028623;4.81984408631701;5.27110460099446;5.87213733244732;2.29453330567551;5.44408883377961;8.5864495144507;5.2900511150949;10.6792577512468;4.72476537756254;13.4698360074172;4.26662034660439;6.89934228705288;6.97720277528852;4.09591091974814;;;;;;;;;;;;;;
12;CD0120;Conc;Fourrages déshydratés et agglomérés;Ray-Grass Italien, 2e cycle, repousses de 5 semaines;91,0;0.851051974287175;0.796784444742133;42.3608810625;93.6314260447568;10.2085987152238;6.10565153704186;2.29599075122939;1.98679330322318;0.3901656;889;69.63;161;61.4906832298137;263;553;;292;;0;12.5;25;3,0;1.8;4.8;1.92;2,0;447.000172719707;4250.343;66.83889;2369.6525270577;64.918525;65;75;0;0;;;2.6;1.9;23,0;8,0;284.500172719707;7;22;78;0.1;0.05;0.1;2000;1000;100;3.75278527031781;2.146124076463;5.78163480708338;5.04280520698956;6.61428403893515;2.53313005746452;5.47672100387006;9.14741409639967;5.86372698487158;10.8361674680427;5.0545326609593;14.5068605605723;5.65263281341621;5.99272897853876;7.97466869942535;3.62378327665064;3.12;6.10565153704186;1.98679330322318;4.86114323830811;5.20548126076605;5.89955374591137;2.29599075122939;5.39235786283939;8.71188286500186;5.3359034437777;10.5890770140591;4.767085448545;13.559536529789;4.44444753939386;6.92450418079284;6.97844394717056;4.06308182119079;;;;;;;;;;;;;;
13;CD0130;Conc;Fourrages déshydratés et agglomérés;Fétuque élevée 1er cycle, début épiaison;91,0;0.788970397434855;0.728065920642054;33.9413270625;83.8457363363408;-8.43074224037622;6.64798281399708;2.13260533637979;2.52424214254614;0.4035456;874;66.63;129;61.2403100775194;269;579;;307;;0;12.5;25;2.66;1.862;3.3;1.32;1.5;460.043650980577;4141.857;63.82989;2216.2270505973;64.918525;65;75;0;0;;;2.1;2.2;23,0;8,0;328.793650980577;6;16;68;0.1;0.05;0.1;1000;1000;100;4.76042957455597;3.72779843040066;6.10285006195787;4.88434531185461;7.07352333746386;2.11689384551838;5.09087154068567;9.28335398595622;5.91697645600991;8.94258570838497;4.92565055762082;14.0231309376291;5.23543990086741;5.60718711276332;7.89962825278811;4.40933498554316;3.12;6.64798281399708;2.52424214254614;4.9081054541596;5.19095623629921;6.02565242505728;2.13260533637979;5.26226511540449;8.71020279625415;5.33766858741193;10.1936768665934;4.70378251820114;13.3806700374053;4.2284273386664;6.76645435678122;6.97102219394867;4.15817077397728;;;;;;;;;;;;;;
14;CD0140;Conc;Fourrages déshydratés et agglomérés;Fétuque élevée 2e cycle, repousses de 5 semaines;91,0;0.852107485236869;0.802245073621166;37.31645925;88.7303317313408;16.710545247905;6.60252555340792;2.12649697438769;2.55003697424805;0.3849976;873;70.63;161;65.8385093167702;256;543;;284;;0;12.5;25;4.1;2.87;4.8;1.92;2.5;429.608868371881;4172.508;67.84189;2364.1923807162;69.0961;70;75;0;0;;;2.6;1.5;23,0;8,0;267.108868371881;6;17;86;0.1;0.05;0.1;1000;1000;100;4.76042957455597;3.72779843040066;6.10285006195787;4.88434531185461;7.07352333746386;2.11689384551838;5.09087154068567;9.28335398595622;5.91697645600991;8.94258570838497;4.92565055762082;14.0231309376291;5.23543990086741;5.60718711276332;7.89962825278811;4.40933498554316;3.12;6.60252555340792;2.55003697424805;4.91651718705176;5.17992296267913;6.0349205743326;2.12649697438769;5.24896311030309;8.73014985547346;5.34505267102954;10.1639441115858;4.7080777561504;13.3880397637578;4.24841481240931;6.7643350903702;6.97093240220292;4.15662364719817;;;;;;;;;;;;;;
15;CC0010;Conc;Céréales;Orge;87.1999969482422;1.0900000333786;1.08000004291534;29;86;-23;6.61125387920594;2.05277069648774;2.04972960580245;0.194000005722046;975;81;112;65;54;215;68;65;12;600;15;19;3.90000009536743;2.90000009536743;0.800000011920929;0.400000005960464;1.29999995231628;115;4380;78;2920;71;71;91;86;89;73;75;1.5;0.11;5.6;1.2;24;9;35;17;0.100000001490116;0.100000001490116;0.100000001490116;3000;;28.31;4.2074366084216;2.5440312314903;5.28375746021682;3.81604708052173;5.5772992562123;1.85909979095181;4.01174161118539;7.53424642913908;5.38160472554864;6.55577284267569;4.59882566974891;24.9510764548164;11.545988506897;4.50097840441708;4.50097840441708;3.1311155233401;3.76647825417577;6.61125387920594;2.04972960580245;4.69357965387044;4.92510568251972;5.56584321348732;2.05277069648774;4.90421537731284;8.04853870343883;5.10592617161302;9.75621373021472;4.53589054414762;16.0121853195117;5.87939229501385;6.34584683863602;6.44940895652867;4.01772875812656;;;1.20000004768372;22.2000007629395;;1.5;12,0;55.4000015258789;5.59999990463257;;;;;
16;CC0020;Conc;Céréales;Maïs;86.3000030517578;1.24000000953674;1.25999999046326;43;94;-53;5.82335811350027;2.14460247617986;2.3242779066723;0.335999995470047;986;87;89;65;26;125;79;31;6;739;43;41;2.90000009536743;2.20000004768372;0.5;0.200000002980232;1.20000004768372;77;4450;85;3240;47;44;90;61;60;58;56;1.3;0.04;3.6;0.6;-0.899999976158142;3;24;10;0.0500000007450581;0.100000001490116;0.100000001490116;3000;;29.8;3.13588856493914;3.0197443799213;4.87804857111765;3.83275256741054;5.22648084926227;2.20673633088651;3.83275256741054;12.5435542597566;4.99419303304441;6.73635331613183;5.11033694115334;19.0476186520349;9.52380932601744;3.94889675242839;7.66550513482109;4.29732875366409;3.14960638473692;5.82335811350027;2.3242779066723;4.65599525368868;4.78676711140675;5.43035606143719;2.14460247617986;4.62507551822579;9.98661699723118;5.00006117403034;9.47835212216419;4.77961813326625;15.1137598450912;5.92959594219303;5.99768314771315;6.90341375440781;4.12564650083788;;;0.100000001490116;10.5;0.400000005960464;1.79999995231628;26.1000003814697;59.5;1.29999995231628;;;;;
17;CC0030;Conc;Céréales;Maïs extrudé;86.3000030517578;1.24000000953674;1.25999999046326;52;107;-69;5.69971839609646;2.13559463314961;2.35306104992225;0.230000004172325;986;87;89;65;26;125;79;31;6;739;43;41;2.90000009536743;2.20000004768372;0.5;0.200000002980232;1.20000004768372;77;4450;85;3240;35;30;90;75;77;66;70;1.3;0.04;3.6;0.6;-0.899999976158142;3;24;10;0.0500000007450581;0.100000001490116;0.100000001490116;3000;;29.8;3.13588856493914;3.0197443799213;4.87804857111765;3.83275256741054;5.22648084926227;2.20673633088651;3.83275256741054;12.5435542597566;4.99419303304441;6.73635331613183;5.11033694115334;19.0476186520349;9.52380932601744;3.94889675242839;7.66550513482109;4.29732875366409;3.14960638473692;5.69971839609646;2.35306104992225;4.65380138679391;4.74411630397138;5.40827004537034;2.13559463314961;4.56437051368572;10.0975153999344;4.99093073968126;9.38657863662363;4.79116833210042;15.2328687874792;6.0668727820883;5.94667534285895;6.89907798435733;4.12115974059412;;;0.100000001490116;10.5;0.400000005960464;1.79999995231628;26.1000003814697;59.5;1.29999995231628;;;;;
18;CC0040;Conc;Céréales;Maïs floconné;86.3000030517578;1.24000000953674;1.25999999046326;52;110;-74;5.75713553228692;2.13977781588204;2.33969447715405;0.187999993562698;986;87;89;65;26;125;79;31;6;739;43;41;2.90000009536743;2.20000004768372;0.5;0.200000002980232;1.20000004768372;77;4450;85;3240;35;33;90;87;86;71;75;1.3;0.04;3.6;0.6;-0.899999976158142;3;24;10;0.0500000007450581;0.100000001490116;0.100000001490116;3000;;29.8;3.13588856493914;3.0197443799213;4.87804857111765;3.83275256741054;5.22648084926227;2.20673633088651;3.83275256741054;12.5435542597566;4.99419303304441;6.73635331613183;5.11033694115334;19.0476186520349;9.52380932601744;3.94889675242839;7.66550513482109;4.29732875366409;3.14960638473692;5.75713553228692;2.33969447715405;4.65482026200118;4.76392298166294;5.41852664758371;2.13977781588204;4.59256137861244;10.0460154250813;4.99517089261916;9.42919746301859;4.78580460166531;15.1775559915416;6.00312286660582;5.97036294397192;6.90109156957437;4.12324340522663;;;0.100000001490116;10.5;0.400000005960464;1.79999995231628;26.1000003814697;59.5;1.29999995231628;;;;;
19;CC0050;Conc;Céréales;Maïs humide;67,0;1.23000001907349;1.25999999046326;24;78;-34;6.46955096667603;2.16450098300834;2.1689760201662;0.199000000953674;984;87;92;66;26;124;79;31;6;737;33;39;3.09999990463257;2.29999995231628;0.5;0.300000011920929;2.29999995231628;;4440;85;3220;71;74;90;68;60;71;74;1.3;;3.8;;;;24;;0.0500000007450581;0.100000001490116;0.100000001490116;;;;3.11457171068998;3.00333711092413;4.89432716337297;3.78198010489768;5.11679636290467;2.11345938458264;3.78198010489768;12.7919911724659;5.00556176313882;6.67408235085176;5.11679636290467;19.2436032629691;9.45494999703999;3.89321470466353;7.6751948095612;4.33815363413532;3.12499999197136;6.46955096667603;2.1689760201662;4.67089726949157;5.00090163150559;5.52355276227894;2.16450098300834;4.92992695837884;9.46890756714705;5.05203987814468;9.95233996261759;4.72171034041577;14.5363684844783;5.19056065839841;6.2507202113134;6.92890222557346;4.15322100595307;;;0.100000001490116;10.5;0.400000005960464;1.79999995231628;26.1000003814697;59.5;1.29999995231628;;;;;
20;CC0060;Conc;Céréales;Avoine décortiquée;85.6999969482422;1.1599999666214;1.16999995708466;25;83;-6;6.86564226021106;2.11472210850993;1.99634360634522;0.146999999880791;975;83;129;69;46;128;68;54;19;618;28;31;3.40000009536743;2.59999990463257;1,0;0.600000023841858;1,0;91;4500;81;3080;77;81;85;88;93;75;80;1.6;0.08;4.3;0.8;-7;3;30;37;0.00999999977648258;0.100000001490116;;;;22.35;4.60750864003914;2.38907847121596;7.59385637305865;3.83959046555634;5.80204797736153;1.96245730837637;4.18088747719955;8.10580209395228;5.6313992681111;9.55631388486383;5.37542681452194;19.5392489325673;6.8259386054335;5.46075096571832;5.20477810527151;3.92491461675273;4.56026062963976;6.86564226021106;1.99634360634522;5.03405116237087;5.00434366847765;5.65551243096675;2.11472210850993;5.04496034793764;8.23312373996015;5.1877969020042;10.4336499200889;4.77319024674576;14.520808770038;4.47485036757024;6.69725445966769;6.60940075927743;4.108005686684;;;0.200000002980232;16.6000003814697;0.200000002980232;1.20000004768372;37.0999984741211;37.5;1.5;;;;;
21;CC0070;Conc;Céréales;Avoine;87.5999984741211;0.990000009536743;0.949999988079071;20;73;-14;6.95129603088827;2.12735685699088;1.97797616387215;0.310000002384186;971;71;108;59;133;361;68;165;26;419;49;54;3.59999990463257;2.70000004768372;1.10000002384186;0.600000023841858;1,0;112;4650;69;2740;77;81;79;88;93;59;62;1.9;0.13;5.1;0.9;-6;4;27;48;0.100000001490116;0.200000002980232;0.100000001490116;2000;;20.86;4.6439628837187;2.37358098024702;7.43034041711311;3.92156860815325;5.88235278920688;1.96078430407663;4.2311660845253;8.15273493872456;5.57275555888084;9.59752348985545;5.46955648210549;18.9886478419762;6.91434454114437;5.67595463565619;5.26315783646279;3.92156860815325;4.90677126879869;6.95129603088827;1.97797616387215;4.97610585182739;5.05658604823518;5.67595588675751;2.12735685699088;5.102600146044;8.2302432335751;5.16468045449396;10.4742984025317;4.77497529654947;14.268429657053;4.42134549706929;6.7572265128434;6.6401125481329;4.11073709291697;;;0.200000002980232;16.6000003814697;0.200000002980232;1.20000004768372;37.0999984741211;37.5;1.5;;;;;
22;CC0080;Conc;Céréales;Avoine floconnée;87.5999984741211;0.990000009536743;0.949999988079071;24;77;-15;6.83290070704927;2.10516556601111;1.99410157970337;0.321999996900558;971;71;108;59;133;361;68;165;26;419;49;54;3.59999990463257;2.70000004768372;1.10000002384186;0.600000023841858;1,0;112;4650;69;2740;75;79;92;88;93;71;75;1.9;0.13;5.1;0.9;-6;4;27;48;0.100000001490116;0.200000002980232;0.100000001490116;2000;;20.86;4.6439628837187;2.37358098024702;7.43034041711311;3.92156860815325;5.88235278920688;1.96078430407663;4.2311660845253;8.15273493872456;5.57275555888084;9.59752348985545;5.46955648210549;18.9886478419762;6.91434454114437;5.67595463565619;5.26315783646279;3.92156860815325;4.90677126879869;6.83290070704927;1.99410157970337;5.01489083378979;4.99946559680265;5.660793779676;2.10516556601111;5.03406020703054;8.23481745120309;5.16699640481279;10.4080245429132;4.79973529746429;14.4152522565741;4.5178335619879;6.74847154514842;6.5946289117895;4.09880318075609;;;0.200000002980232;16.6000003814697;0.200000002980232;1.20000004768372;37.0999984741211;37.5;1.5;;;;;
23;CC0090;Conc;Céréales;Brisures de riz;87.5;1.23000001907349;1.25999999046326;24;80;-39;6.76073379473243;2.31920372641792;2.00461297413828;0.230000004172325;986;89;90;68;16;62;57;21;5;855;17;19;2.79999995231628;2.09999990463257;0.5;0.300000011920929;1.29999995231628;87;4320;86;3200;70;71;90;73;67;66;70;0.9;0.48;3,0;0.4;30;13;17;10;0.0500000007450581;0.100000001490116;0.0599999986588955;;;4.47;4.04280628963633;2.37812128014039;8.44233043110073;3.80499410492346;6.1831151015697;2.61593346485326;4.75624256028079;8.44233043110073;5.46967883092524;9.63139163815923;5.11296097909716;19.0249702411231;4.87514851089015;4.75624256028079;5.94530320035098;4.51843037556792;3.6655212379064;6.76073379473243;2.00461297413828;5.18184565542696;5.02783304198392;5.77117409843122;2.31920372641792;5.24955361331911;8.36536672043561;5.17826590924844;10.5095693349072;4.72693536468068;14.4817149414108;4.00351273253554;6.53038175500925;6.73768284144044;4.17595712451029;;0.100000001490116;0.699999988079071;18.1000003814697;0.300000011920929;1.89999997615814;40.2000007629395;35.9000015258789;1.5;0.200000002980232;;;;
24;CC0100;Conc;Céréales;Riz cargo;88.5;1.27999997138977;1.32000005245209;28;83;-28;6.5835576416895;2.27885482675309;2.0242129543773;0.230000004172325;988;91;105;71;11;32;57;15;20;869;19;21;3,0;2.29999995231628;0.200000002980232;0.100000001490116;1.60000002384186;444;4360;88;3300;69;71;85;68;67;66;70;1.1;0.23;17.1;0.2;376;3;20;29;2,00;0.200000002980232;0.0299999993294477;;;14.9;3.8575668453531;2.37388732572875;8.40751727787128;3.8575668453531;6.13254182578768;2.47279919937391;4.74777465145751;8.30860493257711;5.44015823862259;9.9901091427898;5.14342214603812;19.2878337551165;4.84668652510266;4.74777465145751;5.93471807849738;4.45103855887303;3.34608029372439;6.5835576416895;2.0242129543773;5.24452991198283;4.99211750777042;5.76498119118652;2.27885482675309;5.20978276223303;8.36029208996503;5.18117202015607;10.5381231073482;4.75974488223078;14.7305846563395;4.03704706354007;6.50052372119022;6.71632949014895;4.17344438725381;;0.100000001490116;0.699999988079071;18.1000003814697;0.300000011920929;1.89999997615814;40.2000007629395;35.9000015258789;1.5;0.200000002980232;;;;
25;CC0110;Conc;Céréales;Seigle;86.6999969482422;1.19000005722046;1.21000003814697;20;81;-34;6.98515006640336;2.10595006831254;1.96515296057356;0.152999997138977;980;88;97;68;23;148;68;33;11;620;11;14;3.40000009536743;2.59999990463257;0.699999988079071;0.400000005960464;1.20000004768372;115;4290;85;3100;77;77;88;89;96;77;80;1.4;0.04;5.2;0.7;25;6;25;53;0.0299999993294477;0.0799999982118607;0.0900000035762787;;;25.33;4.38695170420184;2.36220459876261;5.51181108802925;3.82452201228814;5.39932525692146;1.79977504094259;3.82452201228814;6.63667047185666;4.83689556500776;8.43644537870556;4.83689556500776;24.6344200767204;10.911135808576;4.94938139611555;4.83689556500776;2.81214845956852;3.36956521710962;6.98515006640336;1.96515296057356;4.72927909677745;5.0833072013809;5.60493250715737;2.10595006831254;5.05482471760469;7.9204539711825;5.01847415863307;10.3635444672221;4.61518138458789;15.2360752734247;5.18411419193459;6.59320148155679;6.63514762551425;4.05494781116397;;;0.300000011920929;16.6000003814697;1.70000004768372;1,0;18.7000007629395;52.2999992370605;6.09999990463257;;;;;
26;CC0120;Conc;Céréales;Sorgho;87.9000015258789;1.21000003814697;1.23000001907349;47;97;-48;5.44466832796266;1.90322057220745;2.10224580807037;0.256000012159348;979;86;105;67;28;110;79;45;12;736;30;33;3.5;2.59999990463257;0.300000011920929;0.200000002980232;1.70000004768372;97;4470;83;3180;43;40;78;62;61;66;67;1,0;0.19;4.2;0.6;35;6;24;14;0.300000011920929;0.5;0.0199999995529652;100.000001490116;;17.88;2.51762337079857;2.41691853200634;4.33031238985296;3.524672719118;5.74018109334132;1.71198394016288;4.43101722864519;14.3001005540564;5.63947625454908;2.01409869663885;4.83383706401267;22.0543803440366;9.06344413487485;3.32326280143426;9.76837848661902;4.33031238985296;3.02734378103651;5.44466832796266;2.10224580807037;4.52994525306911;4.63841292425805;5.58786538457511;1.90322057220745;4.856872118932;10.800794072269;5.24583418076274;8.07764372526758;4.66673440858281;16.3410038924355;5.87286240439644;5.65508925807601;7.30289861865856;4.12560845554133;;;0.200000002980232;13.5;3.20000004768372;2.29999995231628;33.2999992370605;33.7999992370605;2.59999990463257;;;;;
27;CC0130;Conc;Céréales;Triticale;86.8000030517578;1.16999995708466;1.19000005722046;24;85;-21;6.82843080453401;2.1043268144601;2.02644133234984;0.17399999499321;979;87;115;69;29;150;68;38;12;678;10;14;3.90000009536743;2.90000009536743;0.699999988079071;0.400000005960464;1.20000004768372;131;4320;84;3080;77;78;90;92;95;75;77;1.7;0.07;5.7;0.7;27;6;28;24;0.100000001490116;;0.100000001490116;;;2.98;4.2816365210912;2.56898195802457;5.80399608229503;3.61560412799605;5.23311130355591;1.90294956492942;4.18648913358444;6.94576609347181;4.75737391232356;7.2312082559921;4.94766868733709;26.2607043589849;9.51474782464711;4.75737391232356;4.66222652481679;3.33016173862649;4.01826480528558;6.82843080453401;2.02644133234984;4.76490459593351;4.97603355577004;5.53576706438517;2.1043268144601;5.06937433209092;7.93975538224705;4.97315103677735;10.0657074024426;4.63913572805775;15.8498071251995;5.05353986117874;6.49670613449218;6.55598383121863;4.06307199501726;;;1.20000004768372;16.5;;0.899999976158142;14,0;60.5999984741211;7.90000009536743;;;;;
28;CC0140;Conc;Céréales;Blé dur;87.8000030517578;1.19000005722046;1.21000003814697;36;95;16;5.98998244845005;1.95489609413334;2.01924265882634;0.146999999880791;979;86;163;73;30;159;68;42;13;641;15;20;3.90000009536743;2.79999995231628;0.800000011920929;0.400000005960464;1.20000004768372;105;4420;84;3140;76;76;90;90;94;77;80;1.9;0.11;4.9;0.9;-17;8;17;57;;0.0700000002980232;;;;;2.75994878383272;2.37483957646999;5.00641862451513;3.08087304678735;4.49293968136483;1.66880610615263;3.78690636407609;7.06033378500188;5.07060341589461;5.1989733047108;5.26315779003305;32.1566101686709;10.9756100378942;4.1720154184102;3.59435168388042;3.33761221230527;3.34987585565241;5.98998244845005;2.01924265882634;4.64655835770365;4.65899182941596;5.24880894217586;1.95489609413334;4.73594352509108;7.88486341708944;5.00750032751088;9.31926407506544;4.7623105176643;18.4340334743939;5.96538088322185;6.1696589882495;6.25266344501608;4.01605332332404;;;0.100000001490116;17.7999992370605;0.400000005960464;0.800000011920929;15.1999998092651;56.4000015258789;5.90000009536743;;1.29999995231628;;;
29;CC0150;Conc;Céréales;Blé tendre;86.9000015258789;1.19000005722046;1.21000003814697;28;89;-13;6.37594194963666;2.0184393618732;2.01369488393704;0.152999997138977;983;87;126;70;28;149;68;38;12;691;12;16;3.5;2.59999990463257;0.699999988079071;0.400000005960464;1.10000002384186;91;4360;84;3120;76;76;92;90;94;77;80;1.7;0.05;4.4;0.9;-18;5;30;35;0.0199999995529652;0.100000001490116;0.0700000002980232;200.000002980232;;26.82;3.04568518498927;2.45346876691918;5.32994937629286;3.21488996231262;4.73773255480725;1.69204736981798;3.80710658209047;7.19120132172644;4.99153982164616;5.49915395190845;5.24534668506954;30.6260580391704;10.5752960613624;4.39932300016055;3.89170886989826;3.29949245182818;3.51020402904353;6.37594194963666;2.01369488393704;4.70204849120887;4.82696459975882;5.39454708209607;2.0184393618732;4.88866397762252;7.97207952336369;5.01139658157268;9.6496915088813;4.7292343586483;17.1894385846426;5.48250744491885;6.34887960408301;6.41116540682098;4.04411885651719;;;0.100000001490116;17.7999992370605;0.400000005960464;0.800000011920929;15.1999998092651;56.4000015258789;5.90000009536743;;1.29999995231628;;;
30;CS0010;Conc;Coproduits du blé;Son de blé tendre;86.9000015258789;0.910000026226044;0.850000023841858;37;89;34;6.53114867955225;1.9848273208508;2.31338303324179;0.310000002384186;944;69;176;67;106;458;68;136;39;223;30;37;11,0;8.30000019073486;1.39999997615814;0.800000011920929;4.19999980926514;324;4520;67;2530;73;75;80;89;95;60;61;2.1;0.08;13.5;0.9;190;13;87;128;0.100000001490116;0.5;0,00;600.000023841858;;31.29;4.67914438055243;3.14171109944578;7.41978634415484;3.74331544069366;5.28074872180031;1.80481286437293;3.74331544069366;7.15240628277643;4.67914438055243;7.75401094276573;5.08021383513721;23.729946501373;7.8208554799982;5.68181817638509;5.21390386582641;3.07486624347188;3.85604112756034;6.53114867955225;2.31338303324179;5.12778997018923;4.79704561017833;5.45025092872492;1.9848273208508;4.65240578005371;7.91644349089369;4.88130761758254;9.80448221658481;4.726309106614;16.3421807358981;5.10617791494163;6.73784183085521;6.47227955064023;3.98721023881969;;;0.100000001490116;17.7999992370605;0.400000005960464;0.800000011920929;15.1999998092651;56.4000015258789;5.90000009536743;;1.29999995231628;;;
31;CS0020;Conc;Coproduits du blé;Son de blé d'amidonnerie;87.5;0.920000016689301;0.870000004768372;37;89;32;6.52448902754686;1.99266718432081;2.3016581194488;0.310000002384186;949;70;174;67;103;445;68;132;38;228;26;33;10.1999998092651;7.59999990463257;1.29999995231628;0.699999988079071;;;4510;68;2560;73;75;80;89;95;60;61;2.1;;12.6;;;;;128;0.100000001490116;;0.0900000035762787;600.000023841858;;31.29;4.66531453078095;3.11020957971893;7.3698443337671;3.78634211106675;5.27383387347501;1.82555786687961;3.78634211106675;7.16700509021094;4.66531453078095;7.70791059944101;5.07099398510862;23.732250818612;7.84313762155876;5.67951300539756;5.20622036241614;3.11020957971893;3.89863552952412;6.52448902754686;2.3016581194488;5.11680535067607;4.8087375169872;5.44681958330087;1.99266718432081;4.66898012347972;7.91945910274984;4.87541745900264;9.79103340890225;4.72157085656257;16.338758416593;5.11263333329008;6.73520328138298;6.46937782378861;3.98976565250267;;;0.100000001490116;17.7999992370605;0.400000005960464;0.800000011920929;15.1999998092651;56.4000015258789;5.90000009536743;;1.29999995231628;;;
32;CS0030;Conc;Coproduits du blé;Son de blé dur;86.5999984741211;0.930000007152557;0.870000004768372;37;88;33;6.49673382357464;1.96671442030689;2.31421735453233;0.303000003099442;948;69;173;67;108;467;68;139;40;253;41;52;10.3999996185303;7.80000019073486;1.29999995231628;0.699999988079071;3.09999990463257;311;4610;67;2580;73;75;80;89;95;60;61;;0.15;12.9;0.9;;;;;;;;;;;4.62899940102242;3.1313817949976;7.42001327795089;3.74404352816231;5.30973458796102;1.7699114211204;3.74404352816231;7.21579324122904;4.69707285479632;7.69230774224613;5.03744044826562;23.7576590628766;7.82845464979392;5.71817531060439;5.1735873558134;3.1313817949976;3.92413338137507;6.49673382357464;2.31421735453233;5.1314731741101;4.78846614283616;5.4538040766644;1.96671442030689;4.64086247201166;7.93341909911479;4.88321191439843;9.77425607426728;4.71004328485984;16.3824127844201;5.1232380650034;6.75003447772403;6.45838207895815;3.98962922186689;;;0.100000001490116;17.7999992370605;0.400000005960464;0.800000011920929;15.1999998092651;56.4000015258789;5.90000009536743;;1.29999995231628;;;
33;CS0040;Conc;Coproduits du blé;Drêches de blé de distillerie, amidon < 7 %;91.3000030517578;1.10000002384186;1.05999994277954;93;145;152;4.62077861175336;1.83367111464422;2.1823359616043;0.241999998688698;944;75;358;76;78;351;68;140;54;41;35;53;8.69999980926514;5.90000009536743;1.70000004768372;0.899999976158142;3.40000009536743;454;4910;75;2990;70;71;85;88;94;67;69;5.6;4.42;12.5;2,0;104;10;130;74;;;0.200000002980232;;;;2.49916693720409;2.46584474315325;5.09830061545345;3.73208922933434;5.16494500355512;1.83272242061633;4.13195587572989;7.7307566466464;5.33155613270206;5.89803422603006;5.26491174460039;30.6897694804094;7.56414551749946;4.73175600421598;4.33188935782043;3.53215606502932;3.50482309706765;4.62077861175336;2.1823359616043;4.65615113438627;4.41665002966429;5.20230775787948;1.83367111464422;4.37690868213002;8.04819506556341;5.06049069825734;8.4856306584191;4.89124562949064;21.3338302616438;5.69496152553823;6.08881943817715;5.96538494575217;3.93361401594249;;;0.100000001490116;17.7999992370605;0.400000005960464;0.800000011920929;15.1999998092651;56.4000015258789;5.90000009536743;;1.29999995231628;;;
34;CS0050;Conc;Coproduits du blé;Drêches de blé de distillerie, amidon > 7 %;91.9000015258789;1.1599999666214;1.13999998569489;70;125;144;5.01604600024133;1.88798193119933;2.15153072317254;0.209999993443489;945;80;327;76;60;307;68;87;34;120;30;46;8.60000038146973;5.90000009536743;1.5;0.800000011920929;3,0;437;4810;79;3110;75;78;85;88;94;70;73;3.8;1.39;17.3;2.4;198;9;55;83;;0,00;0.200000002980232;;;;2.48084644665947;2.48084644665947;5.21707406843182;3.83071867048129;5.18059089430312;1.82415174784824;4.08609984559418;7.66143734096259;5.18059089430312;5.98321759377048;5.36300606908795;30.5727844073103;7.55198851443516;4.66982854407735;4.37796419483576;3.53885432123971;3.41789982556699;5.01604600024133;2.15153072317254;4.69644288052215;4.5931931915426;5.28709092519243;1.88798193119933;4.50954409201686;8.04339804318366;5.00878879018884;8.8307049644857;4.90977656811053;20.2911811660842;5.44817891647551;6.15340866817578;6.10773348017001;3.97177575692103;;;0.100000001490116;17.7999992370605;0.400000005960464;0.800000011920929;15.1999998092651;56.4000015258789;5.90000009536743;;1.29999995231628;;;
35;CS0060;Conc;Coproduits du blé;Farine basse de blé tendre;87.6999969482422;1.30999994277954;1.35000002384186;34;94;6;6.57695541335856;1.99974608553029;2.24038578895565;0.146999999880791;982;90;152;74;11;83;68;18;5;695;22;27;4.40000009536743;3.29999995231628;0.800000011920929;0.5;1.79999995231628;144;4510;88;3390;75;76;90;84;89;75;80;1.7;0.07;6.2;0.7;40;6;45;57;;;;;;;4.30513582775844;3.09667667962878;6.57099686555738;3.54984881515879;5.13595182973718;1.7371600929643;3.62537780453788;7.17522661969667;4.68277933405826;6.94864037185721;4.90936558189772;27.0392744748292;7.62839911537559;5.51359533603701;4.83383695266754;3.24773429823806;3.63901012204261;6.57695541335856;2.24038578895565;4.92662951546961;4.8321876499919;5.45446325880648;1.99974608553029;4.73107161662174;7.95674762300205;4.91504293499472;9.78318347369013;4.65054005598371;16.8429966403545;4.86701255167063;6.68743792646546;6.48046235854425;4.02826110497047;;;0.100000001490116;17.7999992370605;0.400000005960464;0.800000011920929;15.1999998092651;56.4000015258789;5.90000009536743;;1.29999995231628;;;
36;CS0070;Conc;Coproduits du blé;Farine basse de blé dur;87,0;1.28999996185303;1.33000004291534;38;98;21;6.58723256333683;1.99595065962786;2.26277089576913;0.146999999880791;979;89;171;75;17;107;68;25;5;660;25;32;5,0;3.79999995231628;0.899999976158142;0.5;1.79999995231628;;4550;87;3360;75;76;90;84;89;75;80;1.7;;6.9;0.7;;6;45;57;;;;;;;4.57963072922449;3.0758714728636;7.24538639682355;3.69104583262253;5.26315772319417;1.77717011913498;3.69104583262253;7.17703343668173;4.64798368936631;7.51879693366657;4.98974718635115;24.7436777031924;7.72385516222991;5.60492122017902;5.12645245477266;3.14422410707435;3.68663600762816;6.58723256333683;2.26277089576913;5.07016198983078;4.83042607721007;5.47104304808927;1.99595065962786;4.69848558645215;7.94769783512347;4.89214186415441;9.83503819923042;4.68780458815841;16.4412726446493;4.98487282047549;6.71848472951257;6.4961266482995;4.01016160222452;;;0.100000001490116;17.7999992370605;0.400000005960464;0.800000011920929;15.1999998092651;56.4000015258789;5.90000009536743;;1.29999995231628;;;
37;CS0080;Conc;Coproduits du blé;Farine de blé dur, gruau D;86.4000015258789;1.32000005245209;1.35000002384186;42;101;34;6.57151565225967;1.99358998118935;2.29347975716131;0.146999999880791;973;90;188;76;14;93;68;21;5;628;30;38;6.09999990463257;4.59999990463257;1,0;0.5;1.79999995231628;;4580;88;3410;75;76;90;84;89;75;80;1.7;;8.10000048828125;0.7;;6;45;57;;;;;;;4.77686986470391;3.07982409030551;7.73098697161291;3.83406659010278;5.27969809799906;1.82275305750401;3.77121309840453;7.10245145521216;4.6511628813074;7.98240093840594;5.02828413120603;23.0043989411985;7.85669395500943;5.71967343901413;5.34255188940641;3.01697059860726;3.8089480012636;6.57151565225967;2.29347975716131;5.19249819818533;4.82804305162727;5.45429330289756;1.99358998118935;4.66747408207752;7.90560044322891;4.87579486708088;9.86653180872125;4.71024437857528;16.1266545224595;5.12319471190366;6.75855871596454;6.4985110349934;3.98455196639664;;;0.100000001490116;17.7999992370605;0.400000005960464;0.800000011920929;15.1999998092651;56.4000015258789;5.90000009536743;;1.29999995231628;;;
38;CS0090;Conc;Coproduits du blé;Gluten de blé;93.8000030517578;1.60000002384186;1.6599999666214;511;556;204;2.80304176655838;1.30408411982919;2.06280519005767;0.561999976634979;991;95;856;81;7;4;68;7;3;57;30;16;2.20000004768372;1.5;1.29999995231628;0.699999988079071;;;5460;100;4140;34;29;90;85;87;29;30;;;1.6;;;;;;;;;;;;1.90531843799656;2.13909985237411;4.2548219200326;2.68848626534191;3.95090581380018;1.44944472455059;3.67036816113738;6.73290455571258;5.30683828473161;4.44184687317358;5.13150222394844;36.4699006428989;12.0397428404442;3.58854479987603;2.89888944910117;3.33138515488019;2.75093790405268;2.80304176655838;2.06280519005767;4.27713590827365;3.28421238339407;4.16693252875739;1.30408411982919;3.43930966172673;7.22443068693155;4.99542737744614;6.6789476484159;4.89519777567477;28.6689860075279;9.89067429661037;4.77187537491827;5.0212720638391;3.77047068311286;;;;;;;;;;;;;;
39;CS0100;Conc;Coproduits du blé;Gluten feed de blé, type 20 % amidon;90.9000015258789;1.04999995231628;1.01999998092651;42;97;41;6.09778700284171;1.93232993792356;2.38824641078651;0.230000004172325;925;77;190;71;69;319;68;94;30;209;29;44;8.30000019073486;5.59999990463257;1.29999995231628;0.699999988079071;3.20000004768372;640;4520;75;2840;74;76;85;88;94;66;70;4.3;13.78;11.7;9.2;370;9;63;85;;;;;;;3.6540803462616;3.28867236971548;7.12545655905003;3.83678447973477;5.7856272149142;1.70523746588206;3.89768576075908;7.36906226394773;4.567600432827;7.73446995009363;5.54202209081693;23.5688186980277;7.36906226394773;5.84652878633873;5.60292308144103;3.10596823624232;3.75146542699144;6.09778700284171;2.38824641078651;5.09083912353364;4.80272019396498;5.59708334518399;1.93232993792356;4.68384539070439;7.9897913976216;4.8356621827432;9.7609775031746;4.92070222573256;16.4331692616967;5.00413168923444;6.80950976276762;6.52387381153636;3.98539727670217;;;0.100000001490116;17.7999992370605;0.400000005960464;0.800000011920929;15.1999998092651;56.4000015258789;5.90000009536743;;1.29999995231628;;;
40;CS0110;Conc;Coproduits du blé;Gluten feed de blé, type 30 % amidon;88.5;1.0900000333786;1.07000005245209;37;93;22;6.28675068553451;1.96947339425914;2.35489413493885;0.230000004172325;959;79;167;70;64;312;68;91;30;335;19;29;7.90000009536743;5.40000009536743;1.39999997615814;0.800000011920929;2.40000009536743;293;4550;76;2930;74;76;85;88;94;66;70;2.5;0.97;11.6;1.6;137;8;48;63;0,00;0,00;;;;;3.7983425489414;3.31491726534456;7.11325981428596;3.86740325669703;5.80110472039183;1.72651934042791;3.86740325669703;7.38950264530848;4.55801099286819;7.73480651339406;5.52486188936931;23.4806630298196;7.32044226686028;5.80110472039183;5.59392292643237;3.10773481277024;3.72340420135388;6.28675068553451;2.35489413493885;5.05697780204672;4.86605670736686;5.6172863384482;1.96947339425914;4.74636661577293;8.01392876650873;4.85810937417285;9.85837652820498;4.88855555869726;16.1475193269846;4.88468728544525;6.79360658050879;6.5592366972402;4.00305640333144;;;0.100000001490116;17.7999992370605;0.400000005960464;0.800000011920929;15.1999998092651;56.4000015258789;5.90000009536743;;1.29999995231628;;;
41;CS0120;Conc;Coproduits du blé;Remoulage de blé tendre (tous);87.9000015258789;1.03999996185303;1,00;39;93;35;6.47180827962793;1.95205887070618;2.27171025886571;0.289000004529953;953;75;179;70;79;351;68;102;30;325;36;44;9.39999961853027;7.09999990463257;1.29999995231628;0.699999988079071;4,0;274;4580;74;2820;75;76;87;89;95;62;65;1.9;0.05;11.8;1.1;156;15;103;114;0.0799999982118607;0.699999988079071;0.100000001490116;;;41.72;4.56005142993598;3.01862551250942;7.32177257183201;3.7251126082597;5.20231250959637;1.73410411882316;3.660886285916;7.00064218512872;4.56005142993598;7.6429029585353;7.00064218512872;23.1856129399655;7.6429029585353;5.58766860613575;5.13808618725267;3.01862551250942;3.71057522558928;6.47180827962793;2.27171025886571;5.10860015751412;4.78214891072502;5.41991157215102;1.95205887070618;4.60646551583403;7.85550072536914;4.83503373567238;9.76065167241922;5.46684949993816;16.1837530638829;5.05198215606206;6.69396459354303;6.45066344820592;3.97672083197802;;;0.100000001490116;17.7999992370605;0.400000005960464;0.800000011920929;15.1999998092651;56.4000015258789;5.90000009536743;;1.29999995231628;;;
42;CS0130;Conc;Coproduits du blé;Remoulage de blé dur;87.0999984741211;1.03999996185303;1.00999999046326;38;92;36;6.49450246799445;1.95826915916493;2.26744978538237;0.270999997854233;955;75;179;69;80;356;68;104;30;357;38;48;9.10000038146973;6.90000009536743;1.20000004768372;0.699999988079071;;273;4600;73;2830;75;76;85;89;95;62;65;;0.08;11.5;0.9;;;;117;;;;;;;4.56885456776857;3.02445294162066;7.33590718722374;3.73230390428701;5.14800521592966;1.73745179106076;3.66795359361187;7.01415686122814;4.56885456776857;7.59330781623425;7.01415686122814;23.1660234716835;7.65765751321935;5.59845554958549;5.14800521592966;3.02445294162066;3.71747216618528;6.49450246799445;2.26744978538237;5.10471700280161;4.79422546363475;5.40897970036988;1.95826915916493;4.62385183442822;7.86457472003148;4.84224082699775;9.76601451331031;5.45857787985691;16.1318270642361;5.03677816360826;6.69964003687093;6.45954474070063;3.98028552849142;;;0.100000001490116;17.7999992370605;0.400000005960464;0.800000011920929;15.1999998092651;56.4000015258789;5.90000009536743;;1.29999995231628;;;
43;CS0140;Conc;Coproduits du blé;Remoulage de blé tendre, amidon < 20 %;88.0999984741211;1.03999996185303;1,00;39;93;34;6.52510271312422;1.97346174086043;2.30342031363985;0.222000002861023;957;75;178;69;80;356;68;104;30;214;35;43;8.80000019073486;6.59999990463257;1.20000004768372;0.699999988079071;2.59999990463257;261;4590;73;2820;75;76;87;89;95;69;65;2.3;0.09;11,0;0.9;117;16;97;110;0.100000001490116;0.800000011920929;0.100000001490116;;;90.89;4.68028996709523;3.09822003494682;7.51483162762915;3.75741581381457;5.27356623094202;1.77982863437584;3.75741581381457;7.11931453750334;4.68028996709523;7.7785103163711;5.07580737155008;23.6651294672052;7.84442951706302;5.6690839497259;5.20764671592105;3.09822003494682;3.74365472250504;6.52510271312422;2.30342031363985;5.15380724953926;4.7988803404368;5.44907935763057;1.97346174086043;4.65337359243156;7.90816094386573;4.88287483334661;9.80737287416883;4.72911467915822;16.3603089790077;5.13010722303929;6.73674793934452;6.4715290507764;3.99060941503114;;;0.100000001490116;17.7999992370605;0.400000005960464;0.800000011920929;15.1999998092651;56.4000015258789;5.90000009536743;;1.29999995231628;;;
44;CS0150;Conc;Coproduits du blé;Remoulage de blé tendre, amidon 20-30 %;88,0;1.03999996185303;1.00999999046326;39;94;37;6.50629387589791;1.97032436009089;2.27340538821951;0.289000004529953;957;75;182;70;80;354;68;103;30;286;37;46;8.69999980926514;6.5;1.20000004768372;0.699999988079071;4,0;255;4610;73;2840;75;76;87;89;95;62;65;1.9;0.05;11,0;1,0;138;15;101;114;0.0799999982118607;0.699999988079071;0.100000001490116;;;41.72;4.61733093367923;3.03605325798152;7.40037940162338;3.73181537496756;5.18659065564658;1.77103096662096;3.66856432826061;6.95762177306994;4.5540795853675;7.65338419166075;6.95762177306994;23.1499042070792;7.65338419166075;5.56609753909786;5.12333991054441;2.97280190966979;3.71498182103344;6.50629387589791;2.27340538821951;5.11914806368456;4.79119073830322;5.41884285085122;1.97032436009089;4.61988181699109;7.84389716392296;4.8360615199118;9.7752317066965;5.44091294422548;16.1401842711502;5.04128452290371;6.68629617067549;6.45341248214332;3.97422477305228;;;0.100000001490116;17.7999992370605;0.400000005960464;0.800000011920929;15.1999998092651;56.4000015258789;5.90000009536743;;1.29999995231628;;;
45;CS0160;Conc;Coproduits du blé;Remoulage de blé tendre, amidon 30-40 %;87.9000015258789;1.0900000333786;1.07000005245209;38;94;30;6.5121331958359;1.98061020922417;2.25986782254099;0.289000004529953;963;78;175;70;67;304;68;88;26;386;34;42;7.80000019073486;5.90000009536743;1.10000002384186;0.600000023841858;4,0;;4590;76;2940;75;76;87;89;95;62;70;1.9;0.06;10,0;;;16;97;114;0.0799999982118607;0.699999988079071;0.100000001490116;;;41.72;4.54246224172862;3.02830805651402;7.24160637223209;3.68663590853512;5.20079009374972;1.77748523184849;3.68663590853512;7.04410789105969;4.60829496414769;7.57077029824264;7.04410789105969;23.2389726740805;7.63660333457689;5.59578674217934;5.06912433499639;3.02830805651402;3.6778693686786;6.5121331958359;2.25986782254099;5.07750964795277;4.79452547965702;5.43132423093647;1.98061020922417;4.65130140319969;7.88042391886215;4.86084156772719;9.78448226387319;5.45075436052374;16.090049074139;5.00109678568981;6.70017160560443;6.45685313797854;3.98466129615086;;;0.100000001490116;17.7999992370605;0.400000005960464;0.800000011920929;15.1999998092651;56.4000015258789;5.90000009536743;;1.29999995231628;;;
46;CS0170;Conc;Coproduits du blé;Remoulage de blé tendre, amidon > 40 %;87.9000015258789;1.10000002384186;1.08000004291534;36;92;25;6.54949757784867;1.99356391667786;2.2683408526397;0.289000004529953;965;79;168;70;64;291;68;83;24;509;31;39;7.40000009536743;5.59999990463257;1.10000002384186;0.600000023841858;4,0;;4570;77;2960;75;76;87;89;95;62;70;1.9;0.1;9.5;;;16;97;114;0.0799999982118607;0.699999988079071;0.100000001490116;;;41.72;4.53920205782712;3.09491053869329;7.08390647529961;3.64511698786262;5.22695995531452;1.78817046787753;3.71389271202165;7.08390647529961;4.60797778198616;7.42778542404331;7.08390647529961;23.3149937742581;7.70288832067945;5.57083923200674;5.02063278283742;3.09491053869329;3.70860930184702;6.54949757784867;2.2683408526397;5.03425396695311;4.80221425035167;5.44744285629389;1.99356391667786;4.68999980393442;7.89979496731185;4.86764289962537;9.78534364945528;5.43553695113497;16.0136911903697;4.97979556282898;6.69156654411576;6.46285250644108;3.99596321199057;;;0.100000001490116;17.7999992370605;0.400000005960464;0.800000011920929;15.1999998092651;56.4000015258789;5.90000009536743;;1.29999995231628;;;
47;CS0180;Conc;Coproduits du maïs;Corn gluten feed;87.8000030517578;1.03999996185303;1.01999998092651;53;107;54;6.06367081724662;2.09371421268394;2.60923678691654;0.308999985456467;935;78;215;73;90;399;79;106;13;205;25;28;9.80000019073486;6.69999980926514;1.60000002384186;0.899999976158142;4.19999980926514;477;4470;76;2820;71;74;85;82;85;60;60;3.1;3.5;15.3;2.4;281;7;64;22;0.200000002980232;0.200000002980232;0.100000001490116;3000;;17.88;4.08042584225833;3.60733288472666;6.15020675599974;4.37610887021929;5.97279739039966;2.12891774492186;4.0212892930632;10.2306323162728;4.61265534898512;7.27380260063377;5.20402140490704;17.7409816776577;7.98344175494595;5.44056760168756;7.98344175494595;3.19337675837544;3.15005727548919;6.06367081724662;2.60923678691654;4.94472793038477;4.92178101556277;5.6614277403183;2.09371421268394;4.63433512814583;9.17441370759087;4.83101245738839;9.50271580904004;4.83455712073902;14.7671275266824;5.46664409474217;6.64325423438214;6.95503575098943;3.9835135587669;;;0.100000001490116;10.5;0.400000005960464;1.79999995231628;26.1000003814697;59.5;1.29999995231628;;;;;
48;CS0190;Conc;Coproduits du maïs;Corn gluten meal;90.9000015258789;1.62000000476837;1.67999994754791;423;470;118;2.89969017710444;2.19821991475543;2.07452125039729;0.501999974250793;979;94;676;81;15;39;79;14;2;173;52;66;4.30000019073486;3,0;0.300000011920929;0.200000002980232;0.600000023841858;49;5500;97;4190;31;27;90;87;87;39;37;6.5;0.91;1.2;0.8;-357;13;37;11;2,00;0.200000002980232;;16000;;40.23;1.79948580297868;2.08679875801521;3.17556328352383;3.3872674447406;4.62724941367669;2.40435499984036;4.05262350360363;16.0290337168346;6.13942211740679;6.00332689422184;4.97504937492662;20.2631180948663;8.80084692970712;2.69166781066484;8.66475112967395;4.89944072531891;2.30462400685991;2.89969017710444;2.07452125039729;3.94575973760648;3.87666256597515;4.75102615739534;2.19821991475543;3.92215113491118;14.4263456823763;5.74579149014875;7.75966142993224;4.89147478225907;17.9496915639779;7.57360556533367;4.15716473038452;7.25844038091785;4.22763183035048;;;0.200000002980232;13,0;0.300000011920929;2.09999990463257;24.2000007629395;56.7999992370605;2.20000004768372;;;;;
49;CS0200;Conc;Coproduits du maïs;Son de maïs;91,0;1.10000002384186;1.08000004291534;52;103;-43;6.29032282616478;1.95147756027017;2.753805173577;0.354000002145767;955;78;113;65;82;377;79;102;17;392;38;45;3.29999995231628;2.40000009536743;2.90000009536743;1.60000002384186;2.20000004768372;139;4560;76;2960;46;43;85;68;60;53;55;1.2;0.13;7.5;2.1;65;8;77;16;0.300000011920929;0.200000002980232;;;;;4.66883839499813;3.90879465841738;8.57763305341551;4.34310529107231;5.75461471776621;1.84581980047958;3.4744842846317;12.3778496653653;3.58306181336081;6.9489685692634;4.99457098118546;16.9381110493728;6.40608040787936;5.86319224649532;7.49185673064744;2.8230183356493;3.45911936580733;6.29032282616478;2.753805173577;5.52381421502613;4.899829608501;5.58109660934114;1.95147756027017;4.34142700858317;10.0953840987546;4.40369039624387;9.38211168674682;4.74188012225117;14.4898976455691;4.83199500128163;6.84795884104632;6.85756770991962;3.9343996809761;;;0.100000001490116;10.5;0.400000005960464;1.79999995231628;26.1000003814697;59.5;1.29999995231628;;;;;
50;CS0210;Conc;Coproduits du maïs;Drêches de maïs de distillerie avec solubles,  huile < 6 %, déshydratées;88.3000030517578;1.14999997615814;1.14999997615814;108;162;59;5.08334246678331;2.05601726855224;2.62235546489237;0.277999997138977;932;82;279;77;83;361;79;109;23;135;38;51;9.5;6.5;2.40000009536743;1.29999995231628;3.29999995231628;440;4590;81;3080;57;56;90;84;85;63;65;3.6;4.94;12.4;3.2;214;6;68;25;0.100000001490116;0.400000005960464;0.0299999993294477;1000;600.000023841858;64.07;3.43239845299014;3.18124738075132;4.93930528561701;4.22771054767419;5.73461698110711;2.17664289219907;4.18585186930358;12.180829099351;5.19045615825886;7.36709944965187;5.02302224316429;17.2038505441274;8.91586416226146;4.73001269215183;7.86940119493557;3.64169104645532;3.08316429729923;5.08334246678331;2.62235546489237;4.65165235804276;4.65786363313003;5.50178718373161;2.05601726855224;4.40824403656348;10.5802167229909;5.03133633003837;9.03375076293604;4.80264047127103;15.0244969037636;6.58326532643044;6.11971612358598;6.91436429215749;3.98017445693086;;;0.100000001490116;10.5;0.400000005960464;1.79999995231628;26.1000003814697;59.5;1.29999995231628;;;;;
51;CS0220;Conc;Coproduits du maïs;Drêches de maïs de distillerie avec solubles, huile > 6 %, déshydratées;89.5999984741211;1.37000000476837;1.37999999523163;118;172;74;4.95591882094323;2.04586775931978;2.61079821931855;0.277999997138977;951;83;303;77;79;356;79;105;28;52;105;140;8.5;5.80000019073486;1.29999995231628;0.699999988079071;3.20000004768372;358;5170;84;3610;57;56;90;83;89;63;65;6.7;2.98;11,0;1.9;-60;5;65;21;0.100000001490116;0.200000002980232;0,00;1000;600.000023841858;64.07;3.35493714081032;3.12619128618949;4.68928711107499;4.19367133511753;5.71864272970572;2.17308416457187;4.19367133511753;12.7716354296761;5.26115138404556;7.31986298488853;4.99428146270893;17.0796793285225;8.99733137350294;4.61303861406189;7.85360282756179;3.65993149244427;3.06725790444392;4.95591882094323;2.61079821931855;4.56815068537812;4.61512028016265;5.48294216630026;2.04586775931978;4.37690098255636;10.9786979035998;5.06459668316629;8.95521573674109;4.78797513760727;15.0046182697284;6.70902792259959;6.01879222336411;6.90481358723451;3.97488668753593;;;0.100000001490116;10.5;0.400000005960464;1.79999995231628;26.1000003814697;59.5;1.29999995231628;;;;;
52;CS0230;Conc;Coproduits du maïs;Farine fourragère de maïs;87.4000015258789;1.26999998092651;1.28999996185303;48;100;-49;6.27081330849678;2.06411566200101;2.52287505190799;0.312999993562698;975;84;104;67;51;223;79;61;11;558;73;77;5,0;3.70000004768372;0.800000011920929;0.5;2.09999990463257;145;4710;82;3350;46;43;85;68;60;57;60;1.1;0.07;6.3;0.7;73;3;42;14;0.200000002980232;0.100000001490116;0.100000001490116;;;;4.39914155445904;3.43347646621419;6.54506431386616;4.29184551881425;5.4721029341626;2.03862659585538;3.75536482896247;11.6952786294665;4.93562224431082;8.04721034777672;5.0429182799556;18.3476400022332;5.4721029341626;5.15021482722824;7.72532172921451;3.64806879331768;3.11850307625243;6.27081330849678;2.52287505190799;5.04147219891419;4.92490375478538;5.5107451940186;2.06411566200101;4.55120714346103;9.75944998766426;4.98221506262656;9.79123641441079;4.7704376990397;14.9879814020308;4.41389476394423;6.5338239872548;6.92832968327366;4.05601720956906;;;0.100000001490116;10.5;0.400000005960464;1.79999995231628;26.1000003814697;59.5;1.29999995231628;;;;;
53;CS0240;Conc;Coproduits du maïs;Farine de maïs, cellulose brute < 2 %;87.5999984741211;1.27999997138977;1.32000005245209;39;93;-62;6.5349708883965;2.06075557883642;2.42549246673591;0.270999997854233;992;89;81;66;11;44;79;14;4;797;24;28;1.70000004768372;1.20000004768372;0.300000011920929;0.200000002980232;0.200000002980232;;4460;87;3330;46;43;90;68;60;62;65;1.1;0.12;1.3;;;1;5;1;;;0.100000001490116;;;;4.55136541808944;3.38101418656586;6.76202837313172;4.29128733219118;5.33159936574705;1.95058517918119;3.64109227246412;12.6137839106753;5.07152158988596;8.45253577645182;5.07152158988596;18.5955789562237;3.77113147043183;4.94148239191825;7.67230182879421;3.90117035836238;3.02648169131038;6.5349708883965;2.42549246673591;5.05046239226619;5.00420507983203;5.51446677194073;2.06075557883642;4.64538050686147;9.90433435935948;5.05977164011155;10.0567490385884;4.76900269940129;14.8717953229668;3.73184894475035;6.49789683705959;6.93932676507584;4.10824193404208;;;0.100000001490116;10.5;0.400000005960464;1.79999995231628;26.1000003814697;59.5;1.29999995231628;;;;;
54;CS0250;Conc;Coproduits du maïs;Tourteau de germes de maïs, huile < 5 %;87.8000030517578;1.12000000476837;1.10000002384186;107;160;55;5.31716295405186;2.03308808484513;2.87357108130279;0.370000004768372;966;79;273;75;101;426;79;118;23;199;21;28;6.59999990463257;4.5;0.600000023841858;0.300000011920929;3.09999990463257;78;4630;79;3000;55;51;88;66;67;55;52;2.5;0.45;3.9;1.4;-78;14;150;19;0.300000011920929;0.600000023841858;;1000;;140.06;3.86819504043491;3.62941735233243;5.53963726314079;4.39350518002621;6.0171921839139;2.14899714347898;4.01146115232136;9.50334274121209;4.48901607309446;7.06781291852836;5.20534845425412;17.5740207201049;9.93314198773514;5.53963726314079;7.97516754125638;3.1041069850252;3.19001392496778;5.31716295405186;2.87357108130279;4.82855555068592;4.72535752916874;5.62357370854562;2.03308808484513;4.27966584959635;9.08498803154232;4.64161249352916;8.89445132869546;4.90545126727399;15.1862431029879;7.14646387689147;6.62746882062896;6.92734259346312;3.88393191446901;;;0.100000001490116;10.5;0.400000005960464;1.79999995231628;26.1000003814697;59.5;1.29999995231628;;;;;
55;CS0260;Conc;Coproduits du maïs;Tourteau de germes de maïs, huile 5-20 %;96.8000030517578;1.25999999046326;1.25999999046326;66;120;92;5.76231853162797;2.08440734004743;2.69746897562624;0.370000004768372;978;80;265;75;95;407;79;113;27;224;77;96;5.40000009536743;3.70000004768372;0.300000011920929;0.200000002980232;3.20000004768372;;5020;80;3370;72;72;88;66;67;55;52;2.4;0.76;1.6;;;14;;13;;;;;;;3.8782523913881;3.63279338223807;5.59646522135037;4.36917017560021;6.03829171872597;2.16003932733787;4.02552765642535;9.52380936775089;4.51644567472541;7.11831126535094;5.20373118125105;17.5748646806016;9.81836036600129;5.49828171132554;7.95287227100177;3.09278360892559;3.1844107332874;5.76231853162797;2.69746897562624;4.81977607509141;4.848139987822;5.66137981397592;2.08440734004743;4.52081942338605;8.93957743046703;4.7433796744076;9.27450494993684;4.85050922527941;14.8383759840127;6.49161953128861;6.64046485452564;6.93164532468937;3.93818697450774;;;0.100000001490116;10.5;0.400000005960464;1.79999995231628;26.1000003814697;59.5;1.29999995231628;;;;;
56;CS0270;Conc;Coproduits du maïs;Germes de maïs, huile > 30 %;95.3000030517578;2,00;2.05999994277954;35;85;3;6.40392937409913;2.0771110207783;2.43892866926706;0.370000004768372;988;79;135;68;95;408;79;113;22;120;387;484;4.40000009536743;3,0;1,0;0.600000023841858;0.300000011920929;24;6910;84;5180;71;72;88;73;67;55;52;2.4;0.12;1.2;0.5;-129;14;;13;;;;;;;4.14866047448079;3.45721692468987;7.26015521214282;4.32152115586233;5.61797750262103;1.98789969048344;3.80293869958533;10.890233642479;4.75367327144857;7.69230732772905;5.01296470565326;17.8046674918587;6.82800350868896;5.1858253870348;7.7787380805522;3.45721692468987;3.01760268842787;6.40392937409913;2.43892866926706;5.13364215709014;5.01503747061453;5.59663734939128;2.0771110207783;4.72315526017492;9.26754492517636;4.947810241534;9.87904065654976;4.73697802409984;14.571752496171;4.78868202179587;6.5931464817387;6.94801403896878;4.05957694084477;;;0.100000001490116;10.5;0.400000005960464;1.79999995231628;26.1000003814697;59.5;1.29999995231628;;;;;
57;CS0280;Conc;Coproduits du maïs;Issues de maïs, protéines 8-18 %, huile < 5 %;88.9000015258789;1.05999994277954;1.04999995231628;39;92;14;6.40662811167392;2.10434538668286;2.48284715939915;0.370000004768372;950;80;156;71;80;368;79;100;16;367;19;24;5.80000019073486;4,0;1.5;0.800000011920929;;;4350;78;2850;72;72;88;66;67;55;52;;;;;;;;;;;;6000;;10.43;4.32766608255282;3.55486855465058;6.02782086503689;4.32766608255282;5.71870178017627;2.0865533621859;3.86398763951119;10.5873259848612;4.71406484650393;7.57341592084136;5.10046361045505;17.8516231893406;7.65069523143329;5.33230301622516;7.88253463720339;3.40030919646956;3.28849027028879;6.40662811167392;2.48284715939915;4.88408286190721;4.98610234844026;5.60226466009265;2.10434538668286;4.70679474803022;9.16005323308808;4.91121081343099;9.78426048041911;4.75921697298281;14.5770577500044;5.0968923849612;6.62403600087013;6.94066115355132;4.03559897206065;;;0.100000001490116;10.5;0.400000005960464;1.79999995231628;26.1000003814697;59.5;1.29999995231628;;;;;
58;CS0290;Conc;Coproduits du maïs;Issues de maïs, protéines 8-18 %, huile 5-14 %;89.4000015258789;1.21000003814697;1.21000003814697;35;89;3;6.53065791538201;2.09407691600634;2.43354932219734;0.370000004768372;957;83;141;70;58;285;79;77;12;426;64;80;8.5;5.80000019073486;0.600000023841858;0.400000005960464;2.90000009536743;195;4630;81;3200;72;72;88;66;67;55;52;1.1;0.7;7.7;1.2;123;8;50;24;;0.100000001490116;;6000;;10.43;4.37710426223186;3.53535341169665;6.14478136945827;4.29292925745396;5.72390594419067;2.02020212156012;3.87205383218635;10.8585856508017;4.79797968749947;7.65993306097288;5.13468010798917;17.9292924741951;7.15488222954929;5.21885511276707;7.82828307052869;3.45117840691875;3.17848412088187;6.53065791538201;2.43354932219734;4.89592604120249;5.01557604659709;5.62173821315498;2.09407691600634;4.77854341558842;9.18734946356069;4.95920126905795;9.89664821739056;4.76378409496366;14.5130271665768;4.8375158323729;6.6003741592114;6.94042064825693;4.05557819723474;;;0.100000001490116;10.5;0.400000005960464;1.79999995231628;26.1000003814697;59.5;1.29999995231628;;;;;
59;CS0300;Conc;Coproduits du maïs;Issues de maïs, protéines 8-18 %, huile 14-30 %;91,0;1.47000002861023;1.49000000953674;38;90;14;6.41763003077867;2.09059317467534;2.47838130728636;0.377999991178513;940;83;153;71;60;293;79;79;12;295;184;231;12.1000003814697;8.19999980926514;0.600000023841858;0.300000011920929;5.09999990463257;380;5360;83;3850;72;72;88;66;67;55;52;1.9;0.36;15.5;1.2;260;8;88;23;;0.300000011920929;;;;;4.33412130328334;3.54609924814091;6.0677696742934;4.33412130328334;5.75256115284298;2.04885726821867;3.86130814534952;10.6382977444227;4.72813233085455;7.56501202997384;5.12214335842576;17.8881012529462;7.56501202997384;5.27974761915097;7.88022055142425;3.38849498741571;3.20366132515034;6.41763003077867;2.47838130728636;4.89352775381206;4.99236856146949;5.61586999125172;2.09059317467534;4.71144444108803;9.17846675640124;4.91929092393396;9.79149160159557;4.76929456472195;14.590206139871;5.0633747169206;6.60635687235416;6.94367476137993;4.03692695406309;;;0.100000001490116;10.5;0.400000005960464;1.79999995231628;26.1000003814697;59.5;1.29999995231628;;;;;
60;CS0310;Conc;Coproduits du maïs;Drêches d'amidonnerie de maïs;87.4000015258789;1.03999996185303;1.00999999046326;30;85;-13;6.70666484353859;2.13135825320136;2.35857212092215;0.324000000953674;979;76;123;65;117;518;79;139;13;334;21;27;2.09999990463257;1.39999997615814;0.699999988079071;0.400000005960464;;;4480;74;2810;71;74;85;82;85;53;55;;1.66;6.1;;;3;29;11;;;;;;;4.51127836059854;3.47744364292904;6.29699228218671;4.32330816748305;5.63909772667056;2.0676692112614;3.85338335692717;11.1842101327058;4.79323297803894;7.89473645881461;5.07518804363455;18.0451134423942;6.39097760282206;5.16917291611468;7.8007520344897;3.47744364292904;3.18471341863174;6.70666484353859;2.35857212092215;4.90251754723395;5.07258742139215;5.61970009724432;2.13135825320136;4.85850600121612;9.18624448394998;4.97931857027881;10.0574227549845;4.72902592107814;14.4160113097606;4.49774948089527;6.60883779926251;6.94310537408077;4.07424387320838;;;0.100000001490116;10.5;0.400000005960464;1.79999995231628;26.1000003814697;59.5;1.29999995231628;;;;;
61;CS0320;Conc;Autres coproduits de céréales;Radicelles d'orge de brasserie déshydratées;89.8000030517578;0.879999995231628;0.829999983310699;48;100;66;6.59929195675689;1.93795679274038;2.13126125772767;0.284000009298325;941;70;229;71;137;441;68;163;25;165;8;18;5.90000009536743;4.59999990463257;2.29999995231628;1.29999995231628;1.70000004768372;241;4390;68;2450;71;73;72;89;95;62;64;3.7;0.29;13.4;4.1;9;13;104;80;0.100000001490116;0.699999988079071;;;;;5.29290856607903;2.51798563090201;5.39568338977524;4.00822204470398;5.65262069405025;1.79856112992508;4.21377169209638;8.06783125622155;5.24152090919643;7.75950678513294;4.67625913383281;22.0452214909064;10.071942523608;4.47070899637139;5.39568338977524;3.39157236742325;3.18407949682882;6.59929195675689;2.13126125772767;4.74835538065411;4.79161539012105;5.53322811976457;1.93795679274038;4.73721600110621;8.24818590156351;5.0655122905985;9.64261672893582;4.57407191064271;16.2308538559071;6.23003869350718;6.17181201903469;6.43876220739414;3.99726333506765;;;1.29999995231628;22.5;;1.29999995231628;9.89999961853027;42.2000007629395;23.5;;;;;
62;CS0330;Conc;Autres coproduits de céréales;Coproduits de biscuiterie;91.1999969482422;1.47000002861023;1.51999998092651;25;86;-30;6.66368439439931;2.04417753922446;2.21479434059552;0.104999996721745;974;90;106;70;14;94;68;21;7;452;92;123;5.90000009536743;4.5;1,0;;1.60000002384186;377;4910;88;3770;74;76;90;89;95;80;85;;6.63;10.2;6.2;;7;50;45;;0.300000011920929;;;;;3.78006871726037;3.32187872695456;4.58190154167381;3.20733102455115;5.49828206849067;1.71821307812768;3.78006871726037;8.24742255653077;5.38373409298464;5.38373409298464;8.24742255653077;24.5131728109907;8.13287512722997;5.72737692709227;4.2382589806688;4.2382589806688;3.42920347593088;6.66368439439931;2.21479434059552;4.59511555721833;4.86924501571903;5.57605210711837;2.04417753922446;4.92978031706203;8.23522143312139;5.10880717195823;9.71925968771053;5.5197973910392;15.5203490662622;4.74985838835194;6.75152192199375;6.48664349897276;4.11790046113347;;;5.40000009536743;36.2999992370605;;8.30000019073486;31.2999992370605;6.90000009536743;0.400000005960464;;;;;
63;CS0340;Conc;Autres coproduits de céréales;Drêches d'orge de brasserie déshydratées;90.9000015258789;0.829999983310699;0.740000009536743;121;166;34;5.24993827470758;1.75284117417523;2.30247601024235;0.510999977588654;955;61;263;70;156;570;68;220;56;64;39;86;5.90000009536743;4.59999990463257;2.5;1.39999997615814;2.5;108;4850;61;2370;45;44;84;78;84;38;36;2.4;0.27;5,0;1.1;-41;19;89;47;0.100000001490116;0.400000005960464;;;;46.19;4.11710885849157;2.56175657943497;5.48947847798876;4.11710885849157;5.76395257639402;1.7840805489728;4.30009129991871;8.2799635454722;5.30649603656162;8.09698110404506;4.7575478397511;21.820677299017;9.9725522193346;4.52881956983491;5.62671552719139;3.47666965909976;3.14576866665142;5.24993827470758;2.30247601024235;4.82125733385555;4.51158299400877;5.47525101812614;1.75284117417523;4.36811666921179;8.42320593198034;5.07466753356049;9.13428350279949;4.63041898803939;17.700963318765;7.47103589606756;5.89659095880879;6.24804162785876;3.91982269149868;;;1.20000004768372;22.2000007629395;;1.5;12,0;55.4000015258789;5.59999990463257;;;;;
64;CS0350;Conc;Autres coproduits de céréales;Cosses de sarrasin;88,0;0.529999971389771;0.409999996423721;12;55;-39;;;;0.602999985218048;974;44;70;35;489;827;68;647;282;30;8;10;2.20000004768372;;2.20000004768372;1.20000004768372;;66;4630;42;1600;61;60;45;82;80;24;25;;0.23;3.1;0.8;;;;;;;;;;;;;;;;;;;;;;;;;;;;;;;;;;;;;;;;;;;;;;;;;;;;;;;;;
65;CS0360;Conc;Autres coproduits de céréales;Issues de céréales, cellulose brute 5-14 %;88.8000030517578;0.800000011920929;0.730000019073486;27;75;-4;6.43773502647462;1.99918856141419;2.29227724243905;0.289000004529953;933;63;117;55;133;374;68;144;34;351;43;54;3.79999995231628;2.79999995231628;5.69999980926514;3.09999990463257;4,0;384;4500;60;2280;73;75;87;89;95;62;64;1.9;0.53;15.6;1.4;267;8;;;;;;;;;3.91752571440843;3.2989691132148;5.25773184752284;3.2989691132148;5.36082453245766;1.7525773644384;3.71134009874644;8.0412372902712;5.15463916258802;5.87628844871647;8.0412372902712;24.2268040641637;8.0412372902712;5.67010307884683;4.43298987645958;3.91752571440843;3.57852895566615;6.43773502647462;2.29227724243905;4.68766065969802;4.752580575086;5.49371449744388;1.99918856141419;4.74859695784691;8.18658654337524;5.03536223760327;9.53286389933408;5.67173291511381;15.9966224189141;4.96808549959914;6.71816124120646;6.40251647079218;4.07284482961927;;;0.100000001490116;17.7999992370605;0.400000005960464;0.800000011920929;15.1999998092651;56.4000015258789;5.90000009536743;;1.29999995231628;;;
66;CS0370;Conc;Autres coproduits de céréales;Issues de céréales, cellulose brute > 14 %;89.6999969482422;0.629999995231628;0.519999980926514;26;69;-0.5;6.34079374126075;1.98258327484188;2.30263288822085;0.289000004529953;921;52;111;51;182;554;68;310;55;245;49;61;3,0;2.20000004768372;8.60000038146973;4.69999980926514;1.10000002384186;196;4510;49;1850;73;75;87;89;95;62;64;1.9;0.36;8.9;1.7;79;;;;;;;;;;3.81263618241074;3.26797387063777;4.90196080595666;3.26797387063777;5.44662311772962;1.742919423645;3.70370382394224;8.16993467659444;5.22875840079262;5.66448783466662;8.16993467659444;24.4008711518843;8.06100231812593;5.66448783466662;4.3572984941837;4.13943351753147;3.4700316331315;6.34079374126075;2.30263288822085;4.62583645011308;4.71160332034924;5.50399052803712;1.98258327484188;4.70701913900363;8.2274081946723;5.05347766374217;9.42306369253527;5.76687540305064;16.1779245221248;5.032805923734;6.71237628720786;6.36598122649182;4.08793466546354;;;0.100000001490116;17.7999992370605;0.400000005960464;0.800000011920929;15.1999998092651;56.4000015258789;5.90000009536743;;1.29999995231628;;;
67;CS0380;Conc;Coproduits du riz;Son de riz, huile < 5 %, cellulose brute 5-11 %;89.6999969482422;0.740000009536743;0.670000016689301;64;108;1;6.25391789487315;2.21484071149812;2.42642883653116;0.270000010728836;872;65;164;65;102;264;57;128;45;320;23;32;16.7000007629395;10.6999998092651;0.899999976158142;0.5;4.19999980926514;226;4210;61;2110;52;49;80;75;73;64;66;1.6;0.55;9.1;1.2;126;14;80;221;;0.200000002980232;0.400000005960464;;;99.83;5.04087197664576;2.92915542995957;8.37874668583154;4.15531326763819;6.13079016285597;2.38419617444399;5.65395105789555;7.7656672797608;5.10899180237997;9.87738415126795;5.10899180237997;15.3269754071399;5.38147143013776;5.79019070936397;6.88010922039512;4.08719344190398;3.23005922215327;6.25391789487315;2.42642883653116;5.64338324724508;4.74656835644481;5.73658535210021;2.21484071149812;5.43897009996149;8.19922154048765;5.036611367306;10.1613183450373;4.85716863160808;14.0639319505687;4.54051122103733;6.84863195404984;6.73190118479938;4.09404828591643;;0.100000001490116;0.699999988079071;18.1000003814697;0.300000011920929;1.89999997615814;40.2000007629395;35.9000015258789;1.5;0.200000002980232;;;;
68;CS0390;Conc;Coproduits du riz;Son de riz, huile < 5 %, cellulose brute 11-20 %;88.8000030517578;0.620000004768372;0.529999971389771;60;102;4;6.26347869393309;2.21441144013435;2.42121694139902;0.270000010728836;860;59;164;63;152;326;57;183;62;264;9;13;17.2000007629395;11,0;1.39999997615814;0.800000011920929;3.79999995231628;196;4110;54;1810;52;49;75;75;73;64;66;2,0;0.31;8,0;0.8;72;11;79;151;1,00;0.200000002980232;0.400000005960464;;;99.83;5.03744048096866;2.92716145267904;8.3730429835425;4.15248460236342;6.12661672222139;2.38257316975276;5.65010221811077;7.76038092180056;5.17358738940032;9.87066027469001;5.10551393518449;15.3165418055535;5.37780807664763;5.78624912654242;6.87542569239498;4.08441114814759;3.22793138543878;6.26347869393309;2.42121694139902;5.63470659038455;4.7505917142498;5.73506487175038;2.21441144013435;5.43780131095506;8.19642281341704;5.06828707796625;10.1646643875654;4.85322349790842;14.0525199308227;4.53253352216583;6.84601768818738;6.7324278650796;4.09431907441126;;0.100000001490116;0.699999988079071;18.1000003814697;0.300000011920929;1.89999997615814;40.2000007629395;35.9000015258789;1.5;0.200000002980232;;;;
69;CS0400;Conc;Coproduits du riz;Son de riz, huile < 5 %, cellulose brute > 20 %;91.5999984741211;0.419999986886978;0.310000002384186;20;59;-41;6.45686994907649;2.31370260967579;1.89391543201595;0.270000010728836;816;45;65;31;328;544;57;377;122;155;26;37;4.30000019073486;2.70000004768372;1,0;0.600000023841858;2.20000004768372;181;4050;39;1290;52;49;65;75;73;64;66;1.6;0.38;7.5;1,0;81;7;40;170;1,00;0.200000002980232;0.400000005960464;;;99.83;3.61842111261288;1.9736842788921;6.90789438791862;3.61842111261288;6.57894733488312;2.63157897316683;5.59210539150498;8.71710553242879;5.59210539150498;9.70394747580693;4.93421050116234;19.2434206408245;5.59210539150498;4.44078952947327;5.75657891802273;5.09868402768009;5.14820583278405;6.45686994907649;1.89391543201595;4.96958306098107;4.89317435634029;5.82911833608679;2.31370260967579;5.45320875069377;8.41254151171196;5.18373094885057;10.4003713103869;4.65871981769937;14.6145257348145;4.21998770436462;6.34860420608157;6.64019689054234;4.19506943736143;;0.100000001490116;0.699999988079071;18.1000003814697;0.300000011920929;1.89999997615814;40.2000007629395;35.9000015258789;1.5;0.200000002980232;;;;
70;CS0410;Conc;Coproduits du riz;Son de riz, huile > 5 %, cellulose brute 5-11 %;89.5;1.0900000333786;1.02999997138977;44;90;20;6.4986424203182;2.24457622711855;2.31651333044935;0.270000010728836;925;68;162;65;89;230;57;102;37;253;147;184;16.3999996185303;10.5;0.699999988079071;0.400000005960464;7.80000019073486;366;5230;68;3010;66;68;80;75;73;64;66;1.6;0.2;14.9;0.9;269;10;66;206;0.5;0.200000002980232;;;;56.62;4.97925296699225;2.904564175785;8.36791172167958;4.14937758241451;6.1549098167712;2.42047025640846;5.67081589739467;7.74550468860192;5.18672197801814;9.88935003665974;5.11756575093048;15.3526975825543;5.39419098904402;5.73997245424523;6.84647274717362;4.08022135532685;3.27759187233075;6.4986424203182;2.31651333044935;5.47312206596794;4.87011773210629;5.75207641494976;2.24457622711855;5.47453363068566;8.18798178149165;5.08539703413728;10.3008825511745;4.81353606897243;13.917003463598;4.40011240108493;6.81779665840289;6.76544267216874;4.11010952090102;;0.100000001490116;0.699999988079071;18.1000003814697;0.300000011920929;1.89999997615814;40.2000007629395;35.9000015258789;1.5;0.200000002980232;;;;
71;CS0420;Conc;Coproduits du riz;Son de riz, huile > 5 %, cellulose brute 11-20 %;90,0;0.810000002384186;0.730000019073486;31;74;0.100000001490116;6.56650773956514;2.25171389558175;2.17467337507139;0.270000010728836;872;61;123;58;163;339;57;195;66;264;112;140;12.3999996185303;7.90000009536743;0.899999976158142;0.5;5.19999980926514;259;4770;58;2330;66;68;75;75;73;64;66;1.6;0.21;10.8;1,0;159;9;55;159;0.5;;;;;56.62;4.68468450278917;2.70270269689753;8.10810809069258;4.05405404534629;6.21621628878092;2.43243247016608;5.67567583531802;7.92792808273262;5.22522538583509;9.81981945506126;5.13513495227209;16.2162161813852;5.40540539379505;5.49549539777503;6.57657673428386;4.32432448686925;3.72940151361927;6.56650773956514;2.17467337507139;5.30038687548024;4.9181591726096;5.76464227463502;2.25171389558175;5.48487776857598;8.23750447636536;5.09781787560371;10.3586387055757;4.77993873141485;14.0643786629746;4.29798984194801;6.70570371028511;6.73753302622661;4.13991972048972;;0.100000001490116;0.699999988079071;18.1000003814697;0.300000011920929;1.89999997615814;40.2000007629395;35.9000015258789;1.5;0.200000002980232;;;;
72;CS0430;Conc;Coproduits du riz;Balle de riz;91.6999969482422;0.300000011920929;0.200000002980232;10;47;-52;6.65349700241928;2.35259980682541;1.70729708521306;0.270000010728836;826;36;38;0;421;658;57;478;154;57;11;16;3.20000004768372;2.09999990463257;1.39999997615814;0.800000011920929;1,0;88;4030;30;960;52;49;55;77;73;64;66;1.6;0.27;4,0;1,0;-12;2;43;442;;0.200000002980232;;;;99.83;2.1164021456029;1.05820107280145;5.5555552971286;2.91005296991452;7.14285726112033;2.91005296991452;5.5555552971286;9.78835990370289;6.08465595179251;9.52380926100245;4.76190463050122;23.2804237593162;5.82010593982904;2.91005296991452;4.49735461853776;6.08465595179251;7.12530719961098;6.65349700241928;1.70729708521306;4.71153719142752;4.97814644294681;5.87445711800746;2.35259980682541;5.47838508440317;8.48628717679189;5.23332084995726;10.5407120621544;4.58091558429064;14.6820215811132;4.05599720479094;6.18029986481468;6.62926537834145;4.22945052403241;;0.100000001490116;0.699999988079071;18.1000003814697;0.300000011920929;1.89999997615814;40.2000007629395;35.9000015258789;1.5;0.200000002980232;;;;
73;CS0440;Conc;Coproduits du riz;Farine basse de riz, huile < 5 %, cellulose brute < 5 %;87.6999969482422;1.04999995231628;1.01999998092651;47;98;-34;6.34327488324972;2.26967736366842;2.20815650002188;0.270999997854233;975;76;115;61;38;186;57;58;24;599;25;35;7.59999990463257;4.90000009536743;0.600000023841858;0.300000011920929;4.09999990463257;;4560;73;2840;52;49;85;75;73;62;65;;;7.3;;;;;;;;;;;;4.58452740071518;2.67430749860657;8.02292226810377;4.01146113405188;6.30372483440947;2.48328548562411;5.63514813054478;8.02292226810377;5.25310410457987;9.83763150529505;5.06208231931335;16.427889928468;5.44412588984639;5.34861499721313;6.59025796774112;4.29799426738353;3.76838247781574;6.34327488324972;2.20815650002188;5.36833501116987;4.82251829143692;5.79084425696464;2.26967736366842;5.44753265751993;8.28045689581594;5.10096741335126;10.2757697429509;4.77376876046039;14.2662539751896;4.39733109244509;6.61975511982881;6.70539139953617;4.12798728478496;;0.100000001490116;0.699999988079071;18.1000003814697;0.300000011920929;1.89999997615814;40.2000007629395;35.9000015258789;1.5;0.200000002980232;;;;
74;CS0450;Conc;Coproduits du riz;Farine basse de riz, huile > 5 %, cellulose brute < 5 %;89.6999969482422;1.10000002384186;1.05999994277954;40;89;1;6.55586416969145;2.27023458443342;2.23539834194173;0.270999997854233;934;74;139;64;42;190;57;62;25;427;87;125;12.1999998092651;7.80000019073486;0.5;0.300000011920929;5.5;;4880;72;3000;66;68;85;75;73;62;65;;0.21;10.2;;;9;62;137;0.300000011920929;;;;;;4.87220442265019;2.7955271714554;8.22683725691288;4.07348237366294;6.23003213444474;2.47603827568842;5.67092647163745;7.82747623241925;5.19169331841717;9.82428135488739;5.11182118969051;15.8146959605711;5.43131008545748;5.59105434291079;6.70926490680467;4.15335450238959;3.46954512194427;6.55586416969145;2.23539834194173;5.37481594435797;4.88888520272017;5.77310965749734;2.27023458443342;5.47937738124465;8.21086845664442;5.08691336292112;10.3262813481537;4.78841500553979;14.0032383745016;4.3544138881776;6.74573566769227;6.75065347602104;4.1209433982621;;0.100000001490116;0.699999988079071;18.1000003814697;0.300000011920929;1.89999997615814;40.2000007629395;35.9000015258789;1.5;0.200000002980232;;;;
75;CN0010;Conc;Graines de légumineuses et d'oléagineux;Pois chiche, type Kabuli;87.3000030517578;1.37999999523163;1.41999995708466;42;100;61;7.60463860314423;1.81271714809562;2.21508268067271;0.219999998807907;967;91;213;77;39;113;88;45;2;502;53;63;4.69999980926514;3.40000009536743;1.39999997615814;0.800000011920929;1.5;261;4670;90;3560;79;79;91;77;79;71;71;2.1;0.38;11.1;1.4;130;7;36;34;;0.100000001490116;;1000;;;7.44186019461915;2.79069769619592;9.0956073426278;3.92764849081066;4.44444459777709;1.34366918811582;4.28940574104441;8.06201562154986;6.04651146973493;12.4031006529352;5.37467675246328;19.5865639029948;4.59948296165483;3.87596895404225;4.18604666750761;2.53229976592643;2.32205949649535;7.60463860314423;2.21508268067271;5.51648823535198;4.89573807781832;5.24997198909407;1.81271714809562;4.92038013951284;8.31443443778962;5.39796611665262;11.0212635675124;4.89147854201989;15.2049811833653;4.02877281243543;6.06464947654173;6.36175123351415;3.97002076795112;;;;25.5;;1.79999995231628;53.2999992370605;13.1000003814697;5.5;;;;;
76;CN0020;Conc;Graines de légumineuses et d'oléagineux;Haricot;88.8000030517578;1.24000000953674;1.26999998092651;62;120;77;7.42793408650617;1.9350083679258;2.43516212948291;0.308999985456467;953;91;248;78;52;208;88;79;2;415;14;17;4.90000009536743;;2.40000009536743;1.29999995231628;2.20000004768372;;4350;89;3230;74;74;95;77;79;62;59;;0.03;16.9;;;9;36;16;0.00999999977648258;;;;;;7.23285113681961;3.12645814433126;7.23285113681961;4.71301930587044;5.50629966413086;1.81987871763709;4.80634632830961;8.63275780846212;6.01959851005544;11.19925337314;6.11292597751295;17.4055059280738;3.73308445771335;4.33971077109544;4.4330377935346;3.68642094649377;2.72355878111903;7.42793408650617;2.43516212948291;5.22990051988767;5.0363453027469;5.49714948018282;1.9350083679258;5.00891776824425;8.55088623665662;5.42048268561714;10.6296385287489;5.2925293533046;14.737839010648;3.70662045434243;6.09827459949461;6.2446211747329;4.04618493123351;;;0.100000001490116;16,0;;6.30000019073486;16.7999992370605;31.7999992370605;14.8999996185303;;;;;
77;CN0030;Conc;Graines de légumineuses et d'oléagineux;Vesce commune;88.0999984741211;1.25999999046326;1.29999995231628;78;137;87;7.13355773741683;1.62697021540919;2.38000250126024;0.238000005483627;962;91;279;79;47;215;88;84;21;425;12;14;4.90000009536743;;5.5;3,0;1.60000002384186;;4410;90;3280;69;70;90;81;79;66;69;2.1;0,0;11,0;;;15;40;23;;;;;;;6.6719938629096;2.87654804465481;8.07031586610412;3.87534947550804;6.31242511919493;1.31841786967564;4.35477408611509;7.5109864552063;4.87415090636127;12.2652818756877;5.83300050858788;20.6552138948548;3.99520572341293;4.47463033401998;3.99520572341293;2.91650025429394;2.45518312853812;7.13355773741683;2.38000250126024;5.52689350915183;4.66185725664034;5.81622747383842;1.62697021540919;4.70813012265342;8.08285003764915;4.93485924449407;10.982646241771;5.23346210313847;16.3648852137738;3.84464186981487;6.12071850589558;6.09300386259785;3.93729203131264;;;0.5;16.7999992370605;;4.59999990463257;18.6000003814697;38.9000015258789;8,0;;;;;
78;CN0040;Conc;Graines de légumineuses et d'oléagineux;Graine de coton;92,0;1.10000002384186;1.01999998092651;49;95;65;6.51181490405336;1.99583704246399;2.84815716218548;0.513000011444092;957;63;220;71;276;456;64;354;105;21;188;198;5.80000019073486;4.30000019073486;1.60000002384186;0.899999976158142;3.5;288;5680;65;3080;69;71;71;82;80;37;37;2.2;0.11;11.6;0.5;153;61;33;20;0.400000005960464;0.100000001490116;;;;;5.09554125246549;4.0176383491276;11.8569333384919;4.06663412679411;4.31161208060992;1.91082808648915;3.62567376319982;6.46741788728569;5.73248402583827;10.4850562364133;5.04654594205735;20.1371870560461;4.85056329864968;4.75257221057503;4.21362099253527;3.42969135342133;2.8557829812355;6.51181490405336;2.84815716218548;6.39433464866985;4.83036467169151;5.09354480775677;1.99583704246399;4.43434525672486;7.67609842729044;5.33855954143855;10.4950333364257;4.81594710829344;15.9292293636245;4.22262395530335;6.35312606303346;6.24667216063362;4.04364453903695;;0.5;0.800000011920929;23.2000007629395;0.699999988079071;2.09999990463257;16.8999996185303;55.7999992370605;0.200000002980232;;;;;
79;CN0050;Conc;Graines de légumineuses et d'oléagineux;Graine de coton extrudée;92,0;1.10000002384186;1.01999998092651;95;139;25;6.0859113750724;1.90001511534254;3.17020024944854;0.437000006437302;957;63;220;71;276;456;64;354;105;21;188;198;5.80000019073486;4.30000019073486;1.60000002384186;0.899999976158142;3.5;288;5680;65;3080;49;50;85;82;80;45;45;2.2;0.11;11.6;0.5;153;61;33;20;0.400000005960464;0.100000001490116;;;;;5.09554125246549;4.0176383491276;11.8569333384919;4.06663412679411;4.31161208060992;1.91082808648915;3.62567376319982;6.46741788728569;5.73248402583827;10.4850562364133;5.04654594205735;20.1371870560461;4.85056329864968;4.75257221057503;4.21362099253527;3.42969135342133;2.8557829812355;6.0859113750724;3.17020024944854;6.94911388889543;4.62029713819457;4.86770571677594;1.90001511534254;4.05299536428119;7.50667533773555;5.40084265095461;10.3436566943072;4.88855061378795;16.821351546204;4.38851431640314;6.20070491194143;6.00996652260807;3.9933591104404;;0.5;0.800000011920929;23.2000007629395;0.699999988079071;2.09999990463257;16.8999996185303;55.7999992370605;0.200000002980232;;;;;
80;CN0060;Conc;Graines de légumineuses et d'oléagineux;Féverole à fleurs colorées;86.5999984741211;1.25999999046326;1.27999997138977;54;112;129;7.41200974538912;1.47636857057328;2.25090665957646;0.174999997019768;962;90;295;79;90;155;88;112;9;442;12;15;5.5;4,0;1.5;0.800000011920929;1.89999997615814;280;4480;89;3270;79;82;89;74;75;75;77;2.7;0.12;11.6;0.8;110;14;36;8;0.400000005960464;0.0199999995529652;;;;8.94;6.95904342974607;2.71837623172599;10.1123594437569;3.80572672441639;4.82058725339264;0.761145310317336;4.34940197076159;8.1188835404912;4.49438189818987;12.7944905207961;5.4005073087652;18.8111640765989;4.42189193447573;4.6031170165908;4.42189193447573;3.40703140549948;2.16312062358971;7.41200974538912;2.25090665957646;5.90411805867985;4.79547034566144;5.33248692745679;1.47636857057328;4.87692668183618;8.4043133272843;4.85207773181562;11.2053122422503;4.97647615867739;15.3055151019678;4.02668629433797;6.33281527765613;6.35401356648535;4.06371300969268;;;0.400000005960464;16.8999996185303;;2.59999990463257;26,0;49.5999984741211;3.5;;;;;
81;CN0070;Conc;Graines de légumineuses et d'oléagineux;Féverole à fleurs colorées, extrudée;86.5999984741211;1.25999999046326;1.27999997138977;99;154;93;7.27538895464683;1.20347068945813;2.38214503825112;0.234999999403954;962;90;295;79;90;155;88;112;9;442;12;15;5.5;4,0;1.5;0.800000011920929;1.89999997615814;280;4480;89;3270;66;65;98;70;63;68;70;2.7;0.12;11.6;0.8;110;14;36;8;0.400000005960464;0.0199999995529652;;;;8.94;6.95904342974607;2.71837623172599;10.1123594437569;3.80572672441639;4.82058725339264;0.761145310317336;4.34940197076159;8.1188835404912;4.49438189818987;12.7944905207961;5.4005073087652;18.8111640765989;4.42189193447573;4.6031170165908;4.42189193447573;3.40703140549948;2.16312062358971;7.27538895464683;2.38214503825112;6.3108568945621;4.56745480174928;5.18007582782779;1.20347068945813;4.63270752283546;8.47407332210151;4.75300682130294;11.2876201597558;5.10504037829145;16.0147468618961;4.13174291024749;6.16903403916032;6.14626887733777;4.01864649969683;;;0.400000005960464;16.8999996185303;;2.59999990463257;26,0;49.5999984741211;3.5;;;;;
82;CN0080;Conc;Graines de légumineuses et d'oléagineux;Féverole à fleurs blanches;85.9000015258789;1.25;1.27999997138977;58;116;142;7.35407001654525;1.44129444238161;2.2561210563624;0.174999997019768;960;90;312;79;86;149;88;103;8;431;10;12;5.59999990463257;4.09999990463257;1.5;0.800000011920929;2,0;289;4480;89;3270;79;82;89;74;75;75;77;2.1;0.12;12,0;0.8;159;13;36;8;;0.0199999995529652;;;;8.94;6.85772790940309;2.69532587612453;10.4060048391651;3.78710353063306;4.84476284365103;0.75059708663476;4.33299211385602;8.08597779106112;4.46946450369307;12.7942682448751;5.42476960567702;18.7990442872031;4.40122814608701;4.57181838935201;4.40122814608701;3.377686686497;2.2022021840461;7.35407001654525;2.2561210563624;6.02047883972555;4.76463676680095;5.32577438547857;1.44129444238161;4.84286917917082;8.40049213321839;4.83215876437511;11.2174350074686;5.0034843542561;15.383715644032;4.03065249599779;6.30096942551044;6.3285508033078;4.05619559334554;;;0.400000005960464;16.8999996185303;;2.59999990463257;26,0;49.5999984741211;3.5;;;;;
83;CN0090;Conc;Graines de légumineuses et d'oléagineux;Lentilles;88.1999969482422;1.25999999046326;1.28999996185303;45;104;109;7.61225401718909;1.69353738027678;2.27621555864057;0.146999999880791;960;91;266;78;49;128;88;56;12;463;14;17;4.69999980926514;;1.79999995231628;1,0;1.29999995231628;;4400;89;3270;81;86;90;77;79;77;80;;0.4;10.2;;;14;38;18;;;;;;;7.43155157580991;2.9117773701588;8.34419840598334;3.95480237813712;5.0847456187043;1.08648412427275;4.56323332194554;8.38765710781697;5.47588015211897;12.8639721971737;4.91090832460498;17.992177761094;4.30247696633576;4.69361149975043;4.56323332194554;3.43328987414796;2.20994469568026;7.61225401718909;2.27621555864057;5.40098672246874;4.8984049597317;5.44598124565494;1.69353738027678;5.03044931477227;8.45591397827509;5.2160980679303;11.1647449918244;4.72453036598978;14.770679284941;3.93894901484708;6.40280333200263;6.42342236454166;4.06841871528316;;;0.400000005960464;18,0;;1,0;18.6000003814697;45.7999992370605;8.5;;;;;
84;CN0100;Conc;Graines de légumineuses et d'oléagineux;Graine de lin;92,0;1.69000005722046;1.70000004768372;48;97;79;6.0233954119482;2.02661449092316;2.07763726704384;0.319999992847443;958;77;226;73;102;235;61;139;57;60;354;373;6.30000019073486;4.59999990463257;3,0;1.60000002384186;4,0;232;6450;80;4470;75;78;85;82;80;59;60;3,0;0.49;8.7;0.4;47;13;50;32;;;0.400000005960464;;;;3.96932803567318;2.34551188420914;10.1939560427329;4.51059994277309;5.32250801850511;1.98466401783659;4.82634185273434;6.49526374552751;5.45782610282117;10.2841675253912;5.14208376269559;22.0117273766012;3.78890377986366;6.08930992274367;4.73612993991174;2.84167804997991;3.69244138134821;6.0233954119482;2.07763726704384;5.88692545687018;4.97549945559382;5.43700637838909;2.02661449092316;5.03720179906079;7.644693569172;5.17600341744115;10.3693773526988;4.81074134685952;16.3949777349923;3.72525359326277;6.96211393485592;6.32630946598532;3.94524740423597;;;0.0399999991059303;6.30000019073486;0.0799999982118607;4.19999980926514;19.3999996185303;13.3000001907349;41.0999984741211;;;;;
85;CN0110;Conc;Graines de légumineuses et d'oléagineux;Graine de lin extrudée;92,0;1.69000005722046;1.70000004768372;99;146;29;5.36447223505486;1.92995833859158;2.15759438745076;0.474999994039536;958;77;226;73;102;235;61;139;57;60;354;373;6.30000019073486;4.59999990463257;3,0;1.60000002384186;4,0;232;6450;80;4470;51;50;90;82;80;42;41;3,0;0.49;8.7;0.4;47;13;50;32;;;0.400000005960464;;;;3.96932803567318;2.34551188420914;10.1939560427329;4.51059994277309;5.32250801850511;1.98466401783659;4.82634185273434;6.49526374552751;5.45782610282117;10.2841675253912;5.14208376269559;22.0117273766012;3.78890377986366;6.08930992274367;4.73612993991174;2.84167804997991;3.69244138134821;5.36447223505486;2.15759438745076;6.32543213880767;4.79208438518316;5.30857974694246;1.92995833859158;4.82881592513726;7.44223552186046;5.18641239671764;10.1526149457372;4.8905048642827;17.5702002847952;3.72953668907029;7.01374942365079;6.08884258404247;3.85244766176121;;;0.0399999991059303;6.30000019073486;0.0799999982118607;4.19999980926514;19.3999996185303;13.3000001907349;41.0999984741211;;;;;
86;CN0120;Conc;Graines de légumineuses et d'oléagineux;Lupin bleu;90.1999969482422;1.3400000333786;1.37000000476837;67;126;155;6.58301112193194;1.46569912915426;2.12808678318774;0.181999996304512;965;88;337;80;161;239;88;191;12;48;54;60;3.79999995231628;2.70000004768372;2.79999995231628;1.5;2.09999990463257;265;4860;88;3510;78;79;89;82;80;75;76;2.5;0.5;10.1;0.5;107;5;34;44;0.0799999982118607;0.0900000035762787;;;;;5.28771385705368;2.36391910643131;10.4510104428584;4.10575422967983;4.66562987387089;0.902021805278315;4.88335920865831;7.74494547197258;4.13685854749207;11.1041993371189;5.66096448426955;21.4618974198061;4.41679622127123;4.29237954328777;3.70139958128447;4.82115086966659;2.57575758320131;6.58301112193194;2.12808678318774;6.11399060085673;4.84152160202429;5.22506770005786;1.46569912915426;5.08742492454854;8.25717101188743;4.66450564840376;10.7065897763923;5.14531628157119;16.6114812166213;4.05616885707976;6.11887923039867;6.13567246597775;4.23484414137889;;;0.300000011920929;6.90000009536743;0,0;3.59999990463257;31.8999996185303;46.7000007629395;4.80000019073486;1,0;;1.79999995231628;;0.400000005960464
87;CN0130;Conc;Graines de légumineuses et d'oléagineux;Lupin blanc;88.0999984741211;1.42999994754791;1.47000002861023;65;124;201;6.54346635406952;1.44254569748349;2.09538959244859;0.181999996304512;960;88;380;80;137;219;88;165;10;81;88;98;4.30000019073486;3.20000004768372;3,0;1.70000004768372;1.60000002384186;298;5070;89;3730;81;86;89;82;80;75;76;2.8;0.34;11.6;0.5;123;8;39;1414;0.200000002980232;0.0900000035762787;;;;11.92;5.12820516865705;2.28839263467895;11.3041079356325;3.88751039523397;4.52164306907799;0.827129848948718;4.85249521900748;7.6095947155032;4.08050730740118;11.1386823865427;5.59691176753633;21.7535154480513;4.41135919439316;4.16322034488355;3.55665824530449;4.88006631914743;2.42130753882353;6.54346635406952;2.09538959244859;6.32182671505036;4.77885748649428;5.19173185034113;1.44254569748349;5.09150856476163;8.21758896862736;4.65902706960077;10.748195940365;5.11902465026725;16.7235862250113;4.0592330280865;6.07786142271053;6.13294357825826;4.25281777558916;;;0.100000001490116;6.30000019073486;0,0;1.29999995231628;48.5999984741211;18.7000007629395;8.69999980926514;1,0;4.09999990463257;2.70000004768372;1.20000004768372;0,0
88;CN0140;Conc;Graines de légumineuses et d'oléagineux;Lupin blanc extrudé;88.0999984741211;1.42999994754791;1.46000003814697;124;180;154;6.14053579122145;1.1739865801216;2.17107729418486;0.25;960;88;380;80;137;219;88;165;10;81;88;97;4.30000019073486;3.20000004768372;3,0;1.70000004768372;1.60000002384186;298;5070;89;3730;67;67;100;82;80;67;67;2.8;0.34;11.6;0.5;123;8;39;1414;0.200000002980232;0.0900000035762787;;;;11.92;5.13245032023364;2.2902869765162;11.2858721303137;3.89072849403084;4.52538610578815;0.827814550801868;4.85651213663302;7.61589397263925;4.08388516992025;11.1479030385134;5.60154491656851;21.7439297098256;4.41501093760996;4.16666667763146;3.532008802719;4.88410606025515;2.42326333707451;6.14053579122145;2.17107729418486;6.83234717248876;4.55899100181901;5.00418728059778;1.1739865801216;4.93079569079316;8.227049966963;4.50545412981346;10.6834897145366;5.28826601604586;17.8372303631319;4.17060645997225;5.84370073334475;5.85876665660637;4.27037818281897;;;0.100000001490116;6.30000019073486;0.600000023841858;1.29999995231628;48.5999984741211;18.7000007629395;8.69999980926514;1,0;4.09999990463257;2.70000004768372;1.20000004768372;1,0
89;CN0150;Conc;Graines de légumineuses et d'oléagineux;Pois;87.1999969482422;1.25;1.27999997138977;40;99;83;7.78013597152619;1.72433225243928;2.18506851614071;0.151999995112419;965;91;233;78;64;145;88;72;5;513;11;13;4.40000009536743;3.20000004768372;1.20000004768372;0.699999988079071;1.29999995231628;262;4370;89;3240;81;86;91;77;79;77;80;2.3;0.05;11.4;1.1;116;8;40;18;0.100000001490116;;0.300000011920929;500;;7.45;7.85945451510776;2.72769308168657;9.20018481485297;4.11465542272442;5.08552939212855;1.06333794176352;4.53074445571341;7.67452634993722;5.08552939212855;12.5751275768952;5.03929713038415;17.6144238254723;4.48451219396902;4.80813670346922;4.76190488262835;3.37494232113874;2.3916967458532;7.78013597152619;2.18506851614071;5.51860074546529;4.98505501714953;5.47012582463942;1.72433225243928;5.05656336738592;8.19902569530485;5.08358699951064;11.0862546243565;4.76545343669042;14.5519129848266;3.98729176963807;6.47742954709562;6.49345340036455;4.07219601075801;;;0.300000011920929;13.1999998092651;;3.29999995231628;26.2000007629395;47.2000007629395;8.69999980926514;3.29999995231628;;;;
90;CN0160;Conc;Graines de légumineuses et d'oléagineux;Pois extrudé;87.1999969482422;1.25;1.27999997138977;65;124;62;7.76687517449669;1.55557327582439;2.28148496627013;0.177000001072884;965;91;233;78;64;145;88;72;5;515;11;13;4.5;3.29999995231628;1.20000004768372;0.600000023841858;1.29999995231628;264;4370;89;3240;72;74;100;82;87;73;78;2.3;0.05;11.5;1.1;118;8;40;18;0.100000001490116;0.200000002980232;0.300000011920929;500;;7.45;7.85582259064547;2.72643259023517;9.19593332688744;4.1127540035286;5.12939022076019;1.06284656375822;4.52865075804146;7.67097988243961;5.08317932335884;12.5693164975926;5.03696842595748;17.6062840421505;4.48243986064011;4.80591482035026;4.75970436364868;3.37338273000537;2.39061794301973;7.76687517449669;2.28148496627013;5.76405101919679;4.83833581335321;5.3924121020591;1.55557327582439;4.89211357744701;8.19837584024516;5.06361320808487;11.1222718550674;4.81570230600089;14.954273907689;4.06800151138121;6.37397507044247;6.35008873283338;4.03454384689631;;;0.300000011920929;13.1999998092651;;3.29999995231628;26.2000007629395;47.2000007629395;8.69999980926514;3.29999995231628;;;;
91;CN0170;Conc;Graines de légumineuses et d'oléagineux;Graine de colza;92.4000015258789;2.01999998092651;2.07999992370605;37;86;65;7.3214015953535;2.23756602635534;2.21343408004913;0.270999997854233;957;81;202;74;92;200;68;140;64;39;452;476;7.19999980926514;5.30000019073486;4.90000009536743;2.70000004768372;2.59999990463257;196;6940;86;5230;77;79;80;82;80;62;65;3.6;0.07;8.2;0.6;-26;3;38;40;;0.800000011920929;;;;189.23;6.97544636175141;2.84598206237614;6.69642850728135;5.35714301869881;5.97098197922234;2.45535717255493;4.68749974222322;7.81249992516158;4.35267863616974;8.42633941786943;4.96651759669327;18.6383935300947;6.97544636175141;5.58035708940113;5.07812516422876;3.18080343452178;4.11985005157903;7.3214015953535;2.21343408004913;4.98105671495209;5.25712269629784;5.63122546260765;2.23756602635534;5.00598035847494;8.11479815931282;4.74266730542863;9.89688892431606;4.67012690026471;14.735936904682;4.83367082554344;6.67041686407721;6.41054426273849;3.97769254851791;;;0.0299999993294477;4.80000019073486;0.200000002980232;1.60000002384186;59.9000015258789;20.3999996185303;9.19999980926514;;;;;
92;CN0180;Conc;Graines de légumineuses et d'oléagineux;Graine de colza extrudée;92.4000015258789;2.01999998092651;2.07999992370605;81;129;20;7.09713068519182;2.21385780701049;2.37237359217032;0.312999993562698;957;81;202;74;92;200;68;140;64;39;452;476;7.19999980926514;5.30000019073486;4.90000009536743;2.70000004768372;2.59999990463257;196;6940;86;5230;54;52;87;82;80;57;60;3.6;0.07;8.2;0.6;-26;3;38;40;;0.800000011920929;;;;189.23;6.97544636175141;2.84598206237614;6.69642850728135;5.35714301869881;5.97098197922234;2.45535717255493;4.68749974222322;7.81249992516158;4.35267863616974;8.42633941786943;4.96651759669327;18.6383935300947;6.97544636175141;5.58035708940113;5.07812516422876;3.18080343452178;4.11985005157903;7.09713068519182;2.37237359217032;5.11098950093269;5.15873974657203;5.56092062521443;2.21385780701049;4.73636812698113;8.07769157767337;4.56042006576372;9.4184370823975;4.70446660103238;15.4296919488928;5.33700643577043;6.60228457907237;6.15713925538675;3.87839047708585;;;0.0299999993294477;4.80000019073486;0.200000002980232;1.60000002384186;59.9000015258789;20.3999996185303;9.19999980926514;;;;;
93;CN0190;Conc;Graines de légumineuses et d'oléagineux;Graine de soja extrudée;89.1999969482422;1.51999998092651;1.53999996185303;174;223;110;6.78320718957572;1.54153208644293;2.56838359016247;0.32600000500679;942;84;398;78;65;138;85;81;10;59;207;216;6.19999980926514;4.5;3.29999995231628;1.79999995231628;2.59999990463257;514;5610;86;3990;50;48;88;82;80;59;58;3.2;0.06;20.3;0.3;317;15;50;29;0.100000001490116;0.300000011920929;0.100000001490116;;;61.09;6.55217945496976;2.87978853858131;7.6882431655138;4.25363286168289;5.07265541953486;1.53236464748609;4.91413484318883;7.92602377807133;5.33685621213724;11.7040949107161;5.54821664464993;18.5204751582883;5.3104360320924;4.54425383433011;4.46499329419558;3.75165120456146;2.79917824671236;6.78320718957572;2.56838359016247;5.68226058285102;4.56598563088463;5.12143028773058;1.54153208644293;4.80278112369805;8.29242072059669;5.138986141787;10.7145169068606;5.25121165181147;16.2231814544791;4.74761250686309;5.90184847251839;5.90019171038231;3.99145884502441;;;0.100000001490116;10.5;0.200000002980232;3.79999995231628;21.7000007629395;53.0999984741211;7.40000009536743;;;;;
94;CN0200;Conc;Graines de légumineuses et d'oléagineux;Graine de soja floconnée;91,0;1.5;1.50999999046326;102;154;178;6.92817270353632;1.64084164048759;2.46684304579867;0.131999999284744;942;84;390;78;69;144;85;86;11;91;192;200;6.80000019073486;4.90000009536743;2.79999995231628;1.5;2.59999990463257;;5520;86;3930;70;69;88;82;80;81;82;3.2;0.95;20.3;;;39;45;;;0.300000011920929;0.100000001490116;;;;6.53171413127567;2.88798916344889;7.69230772200792;4.29149788931731;5.07422383526259;1.51147096525083;4.91228092664243;7.93522259974212;5.31713922780074;11.6869094208483;5.61403490347367;18.4885290862296;5.29014857142939;4.53441276705151;4.48043196911277;3.75168682110623;2.78142218501016;6.92817270353632;2.46684304579867;5.53538959299838;4.72162659295215;5.22301655314411;1.64084164048759;4.92292138490971;8.28430212230347;5.1304077028543;10.7464867645753;5.19354663339009;15.7534806865071;4.58150767150881;6.03462749247601;6.06651588557821;4.0231377940509;;;0.100000001490116;10.5;0.200000002980232;3.79999995231628;21.7000007629395;53.0999984741211;7.40000009536743;;;;;
95;CN0210;Conc;Graines de légumineuses et d'oléagineux;Graine de soja toastée;88.5;1.52999997138977;1.54999995231628;120;171;163;6.88659524267584;1.6038476232673;2.49234805259218;0.270999997854233;945;84;403;78;65;139;85;82;10;58;210;218;6,0;4.40000009536743;3.5;1.89999997615814;2.5;496;5640;86;4010;64;62;82;82;80;62;65;3.2;0.08;19.7;0.4;299;36;23;34;;0.300000011920929;;;;61.09;6.55181427341229;2.87131298455045;7.70033936765801;4.25476358704857;5.06395189135997;1.51396507800473;4.90733471990095;7.93526487591042;5.32498034450092;11.7201779443264;5.53380340573704;18.5591226200237;5.29887739961237;4.54189498507807;4.48968959317324;3.73270692970281;2.81582951554645;6.88659524267584;2.49234805259218;5.58703766743665;4.65750592120669;5.18359417350241;1.6038476232673;4.87824861755273;8.28812397175175;5.13300237565199;10.74545580374;5.17592130771669;15.9403451129807;4.63725542341516;5.99216556904315;6.01438735297258;4.00884682621597;;;0.100000001490116;10.5;0.200000002980232;3.79999995231628;21.7000007629395;53.0999984741211;7.40000009536743;;;;;
96;CN0220;Conc;Graines de légumineuses et d'oléagineux;Graine de tournesol;92.8000030517578;1.72000002861023;1.71000003814697;23;69;45;6.84116756703815;2.33082035873791;2.18052323463473;0.245000004768372;966;71;160;68;173;312;64;207;65;13;456;480;5.69999980926514;4.09999990463257;2.70000004768372;1.5;2.90000009536743;196;6850;76;4590;82;89;80;82;80;66;70;2.1;0.06;8.3;0.7;63;17;52;18;;0.600000023841858;;;;;4.83271372038041;2.97397767408025;8.62453553845334;4.53531588206723;5.42750939700677;2.67657983576707;4.6840149784867;6.98884725046798;5.05576218774673;9.51672869886711;5.13011155869359;19.7026020907817;4.90706309132726;6.76579949215319;5.20446092964044;2.97397767408025;3.58422936617787;6.84116756703815;2.18052323463473;5.23926787152661;5.13054804652705;5.5613397817395;2.33082035873791;5.16088051028181;7.94049145330008;5.04448420558853;10.3869863201803;4.72407380213082;14.7263995675826;4.0250405146007;7.11749775932184;6.5813538452371;4.02771537284629;;;0.200000002980232;6.30000019073486;0.400000005960464;4.30000019073486;20.2999992370605;64.9000015258789;0.300000011920929;;;;;
97;CX0010;Conc;Tourteaux d'oléagineux;Tourteau de cacao, huile < 5 %;88.3000030517578;0.449999988079071;0.330000013113022;41;81;136;6.84656970086321;1.65669350907943;2.01328308674776;0.354000002145767;892;46;276;68;154;417;50;312;163;114;7;9;7.40000009536743;5,0;2.40000009536743;1.29999995231628;;;4260;43;1370;77;80;65;82;80;53;55;;0.2;;0.4;;;;;;;;;;;5.8534183177069;2.16428924216358;6.78799802438839;4.77127381389937;5.16478103412857;1.22970977003061;4.77127381389937;8.41121501464821;5.70585352058086;11.6576489951679;5.4107229881347;20.3639945422622;4.32857848432717;4.32857848432717;5.4107229881347;3.63994096620032;2.86669847707372;6.84656970086321;2.01328308674776;5.12958275178785;5.08264804499538;5.39620508528815;1.65669350907943;5.01906252446602;8.47704639976947;5.30249084523365;10.8038313154107;4.96407504772201;15.902200623361;3.97302234259386;6.12671367397591;6.47577411339124;4.05629923704251;;;0.100000001490116;25.5;0.200000002980232;33.7999992370605;33.2999992370605;2.29999995231628;0.5;1,0;;;;
98;CX0020;Conc;Tourteaux d'oléagineux;Tourteau de coprah, huile < 5 %;90.5999984741211;0.970000028610229;0.930000007152557;99;150;27;5.01135635719181;1.76369124976521;2.21294338052142;0.264999985694885;929;74;233;75;136;536;79;275;63;3;32;36;5.80000019073486;3.90000009536743;1,0;0.600000023841858;3.29999995231628;407;4480;72;2670;52;50;89;82;80;63;66;3,0;0.81;21.9;6.7;222;34;64;74;0.200000002980232;;1,00;;;11.92;3.15291645640447;2.41723589979584;12.9269576717154;3.8885970130131;5.72779802867776;1.68155546847285;3.73095108996436;7.5144509879925;4.93956891457664;9.45874936921341;5.46505499064405;22.5959012708987;4.15134005104681;5.04466653070418;4.83447179959167;2.46978445728832;3.15521619940611;5.01135635719181;2.21294338052142;7.19982233201643;4.56026863570593;5.56970829282585;1.76369124976521;4.17310622127727;8.10432686135842;4.95931960539667;9.96469234230077;5.13290772797853;17.9337072740828;3.97081407566806;6.40622605220039;6.20193163948731;3.84153526061509;13.1000003814697;46.4000015258789;17.7000007629395;8.89999961853027;0.400000005960464;3,0;6.5;1.79999995231628;0.100000001490116;0.5;;;;
99;CX0030;Conc;Tourteaux d'oléagineux;Tourteau de coprah, huile 5-20 %;91.5999984741211;1.07000005245209;1.02999997138977;96;146;24;5.0970126956881;1.77541386664461;2.20651267814279;0.219999998807907;932;73;224;74;141;538;79;278;64;4;91;101;5.69999980926514;3.90000009536743;1.29999995231628;0.699999988079071;3,0;333;4830;73;2920;52;50;89;82;80;55;57;3,0;0.44;19.7;6.7;148;33;75;79;0.200000002980232;;1,00;;;11.92;3.28587070598255;2.40963856994804;12.9791897064511;3.99780946340045;5.75027373546946;1.69769981253014;3.72398690456857;7.55750272821488;4.98357077965023;9.3647317209603;5.47645117663758;22.289156706735;4.16210284201705;5.03833497805156;4.81927713989609;2.46440302948691;3.18133611453616;5.0970126956881;2.20651267814279;7.20402848736101;4.61450103666777;5.57914120419607;1.77541386664461;4.17233487672678;8.12544763714948;4.98190545353613;9.92898623916986;5.13601743615493;17.7541305376693;3.97439799992651;6.40136001354743;6.19856849444829;3.84059567861837;13.1000003814697;46.4000015258789;17.7000007629395;8.89999961853027;0.400000005960464;3,0;6.5;1.79999995231628;0.100000001490116;0.5;;;;
100;CX0040;Conc;Tourteaux d'oléagineux;Tourteau de coton, huile < 5 %, cellulose brute < 15 %;90.6999969482422;1.02999997138977;0.980000019073486;167;215;194;5.4493896686256;1.61006401442997;2.85101127555039;0.319000005722046;927;74;469;78;128;268;64;177;60;32;26;29;12.6999998092651;8.10000038146973;2.20000004768372;1.20000004768372;5.80000019073486;408;4890;74;2850;60;60;90;82;80;60;59;3.6;0.66;15.5;0.6;183;106;46;22;0.600000023841858;0.400000005960464;0.100000001490116;;;34.27;4.50254185082636;3.26797385696359;12.5151296961692;3.5826676819539;5.13192950080698;1.59767608476307;3.5826676819539;6.43911895124922;5.88235275784807;10.4333087591554;4.86565005715565;21.471797862193;4.04260488181912;4.62357791960279;4.88985736325412;3.17114509428564;3.34581182186733;5.4493896686256;2.85101127555039;7.50929342206051;4.23355001268755;5.20858816475678;1.61006401442997;3.81182407856008;7.40322322228119;5.5379964727882;10.2490045063019;4.8035479253023;18.1404248783559;3.95333424865126;6.02514353115519;6.0955791792747;3.92085993758201;;0.5;0.800000011920929;23.2000007629395;0.699999988079071;2.09999990463257;16.8999996185303;55.7999992370605;0.200000002980232;;;;;
101;CX0050;Conc;Tourteaux d'oléagineux;Tourteau de coton, huile < 5 %, cellulose brute 15-20 %;90.0999984741211;0.949999988079071;0.879999995231628;136;184;154;5.63107500367385;1.6858611545651;2.88542135187399;0.379000008106232;928;70;401;77;191;358;64;252;79;56;27;31;12.3999996185303;7.90000009536743;2.90000009536743;1.60000002384186;6.80000019073486;429;4860;69;2660;60;60;86;82;80;52;52;3.7;0.21;17,0;0.6;199;11;66;25;0.600000023841858;0.600000023841858;;;;;4.60544783900177;3.3979220673759;12.4122440690519;3.65065995729507;4.99859572727845;1.65683800739962;3.59449601151424;6.4307778176493;5.86913782421929;10.4465040920469;4.88626783571677;21.2580728943313;4.15613600494425;4.63352994579759;4.80202205095093;3.20134785542674;3.25998372626402;5.63107500367385;2.88542135187399;7.33552647437706;4.33022174651899;5.16487109797418;1.6858611545651;3.90733435007577;7.43573783695263;5.51037343573046;10.2880449577034;4.80705636516444;17.7759416371175;4.0125081241068;6.07036063893347;6.11159457887103;3.93938762260103;;0.5;0.800000011920929;23.2000007629395;0.699999988079071;2.09999990463257;16.8999996185303;55.7999992370605;0.200000002980232;;;;;
102;CX0060;Conc;Tourteaux d'oléagineux;Tourteau de coton, huile 5-20 %, cellulose brute < 15 %;92.0999984741211;1.17999994754791;1.13999998569489;163;211;187;5.47059356350022;1.62480251597899;2.86614162013841;0.319000005722046;928;76;457;78;103;230;64;147;52;31;91;103;12.6000003814697;8.10000038146973;2.09999990463257;1.20000004768372;6.80000019073486;471;5240;77;3220;60;60;90;82;80;60;59;3.6;0.83;17.4;0.4;247;17;66;14;0.400000005960464;0.400000005960464;0.200000002980232;;;34.27;4.51276980541053;3.29779322838934;12.4969008540798;3.59533843051797;5.10786020966779;1.61170343437013;3.57054289847904;6.4468137374805;5.87651886526217;10.4388787888797;4.85990583514931;21.4480533958486;4.066451647516;4.61195146063083;4.88470136718825;3.1738160411301;3.30855911854593;5.47059356350022;2.86614162013841;7.48894830212524;4.24849646912152;5.19951175488313;1.62480251597899;3.81307390374322;7.41427400403093;5.53344012521615;10.2577635172858;4.79934949265633;18.1033833077022;3.96859267524337;6.0220678501426;6.10019898000075;3.92379255177141;;0.5;0.800000011920929;23.2000007629395;0.699999988079071;2.09999990463257;16.8999996185303;55.7999992370605;0.200000002980232;;;;;
103;CX0070;Conc;Tourteaux d'oléagineux;Tourteau de coton, huile 5-20 %, cellulose brute 15-20 %;92.9000015258789;1.03999996185303;0.970000028610229;126;174;135;5.7103996683442;1.703581717862;2.89714422589318;0.379000008106232;936;70;370;76;186;351;64;246;77;19;71;80;10.6000003814697;6.80000019073486;2.09999990463257;1.20000004768372;5.69999980926514;392;5110;70;2880;60;60;86;82;80;52;52;3.7;0.18;15.6;0.6;163;;;;0.100000001490116;0.100000001490116;0.100000001490116;;;;4.66242800440998;3.45140771352637;12.352406736029;3.69361182944904;4.93490745436689;1.66515289996495;3.60278524988682;6.4486828179714;5.8431726725296;10.4450500088711;4.90463240906238;21.1625800451585;4.23857101809261;4.66242800440998;4.72297924993795;3.20920388633344;3.22297100947142;5.7103996683442;2.89714422589318;7.25912940145175;4.37505772481351;5.14272938438096;1.703581717862;3.94680437044574;7.45998051103118;5.48598334067828;10.2981609885199;4.81378310853419;17.6242164716835;4.05596311010496;6.1044413223962;6.10451293280117;3.94492581764899;;0.5;0.800000011920929;23.2000007629395;0.699999988079071;2.09999990463257;16.8999996185303;55.7999992370605;0.200000002980232;;;;;
104;CX0080;Conc;Tourteaux d'oléagineux;Tourteau de pépins de raisin;88.5;0.140000000596046;0.0500000007450581;9;40;-3;7.24768569032232;2.05185653197361;2.02512365704842;0.644999980926514;959;18;120;36;487;736;50;650;455;25;12;16;2.29999995231628;1.60000002384186;9.69999980926514;5.30000019073486;0.699999988079071;156;4670;16;480;50;48;15;82;80;19;20;;0.16;6.1;0.2;;17;17;24;0.100000001490116;0.0399999991059303;;;;;5.31073426206431;2.71186452184522;7.11864430249382;4.74576250912985;5.08474577641014;1.46892650374969;4.85875729075598;8.81355956129721;4.63276826630277;6.89265527804061;4.85875729075598;21.2429370482572;4.85875729075598;8.70056477967107;5.9887007966249;2.71186452184522;2.74725275445051;7.24768569032232;2.02512365704842;4.90030816970977;5.27352872829892;5.57592100306339;2.05185653197361;5.34086875738388;8.36086478208264;4.99752931307198;10.2267830754497;4.62244262777823;14.4870499787432;3.91294004613181;7.44148052546203;6.77434093590273;4.06614430782599;;;0.0799999982118607;7.40000009536743;0.600000023841858;3.90000009536743;15.6000003814697;72.1999969482422;0.200000002980232;;;;;
105;CX0090;Conc;Tourteaux d'oléagineux;Tourteau d'arachide, huile < 5 %, cellulose brute < 9 %;88.9000015258789;1.17999994754791;1.16999995708466;163;215;287;4.96867741691928;1.26387708548452;2.33816920728856;0.289000004529953;930;83;556;79;78;189;71;108;34;73;20;26;6.30000019073486;4.19999980926514;1.89999997615814;1,0;3.40000009536743;371;4860;84;3180;69;67;94;82;80;63;63;3.5;0.62;14.4;0.9;152;17;65;40;0.300000011920929;0.100000001490116;0.5;;;4.47;3.60253378201533;2.47426760370743;12.7276331575403;2.9493269081106;4.25574027837678;1.08867774563127;3.54315113300038;6.84877242502754;5.28503575253638;12.6286616983054;5.24544731985975;20.7838478711424;3.91923973325526;6.25494857768103;4.3942994152017;3.99841659860851;2.22566284895847;4.96867741691928;2.33816920728856;7.61717205706567;3.96327334820842;4.80496419060393;1.26387708548452;3.87528457774037;7.78493836811667;5.22491722430188;11.380650967488;5.13526695549764;17.8516306173108;3.91922399720416;7.35497585779146;6.04534107008605;4.13608801526359;;;0.100000001490116;10.1999998092651;0.5;2.40000009536743;46.7999992370605;29.7999992370605;0.800000011920929;3.09999990463257;1.39999997615814;2.90000009536743;;1.39999997615814
106;CX0100;Conc;Tourteaux d'oléagineux;Tourteau d'arachide, huile < 5 %, cellulose brute > 9 %;89.4000015258789;1.04999995231628;1.00999999046326;153;203;278;4.99215787495919;1.2758314468306;2.33747229224354;0.289000004529953;936;76;539;79;135;253;71;166;59;87;8;11;6.30000019073486;4.19999980926514;1.70000004768372;0.899999976158142;3.40000009536743;374;4830;77;2880;69;67;91;82;80;63;63;3.5;0.23;15.1;0.9;155;16;62;42;0.400000005960464;0.200000002980232;0.0700000002980232;;;4.47;3.62082977450199;2.48169238492623;12.6525631679572;2.94955247082072;4.27176564739553;1.09845404301539;3.53946288738728;6.85516693220609;5.28885270629922;12.6525631679572;5.24816906874791;20.7485760016354;3.96663952972442;6.24491469686387;4.41415799083721;3.96663952972442;2.34406032541323;4.99215787495919;2.33747229224354;7.5637316273169;3.96776447695612;4.81402323767762;1.2758314468306;3.87821454767464;7.78237766975045;5.22073174745806;11.3754087189726;5.12797439394663;17.7822198145757;3.94412576983977;7.33567342807649;6.04984693703414;4.12564192906085;;;0.100000001490116;10.1999998092651;0.5;2.40000009536743;46.7999992370605;29.7999992370605;0.800000011920929;3.09999990463257;1.39999997615814;2.90000009536743;;1.39999997615814
107;CX0110;Conc;Tourteaux d'oléagineux;Tourteau d'arachide, huile 5-20 %;92,0;1.3400000333786;1.3400000333786;136;189;238;5.14163695674984;1.34451663682437;2.31493358306116;0.289000004529953;941;84;486;79;72;181;71;101;31;88;76;102;6.40000009536743;4.19999980926514;1.29999995231628;0.699999988079071;3.40000009536743;326;5190;85;3550;69;67;90;82;80;63;63;3.5;0.14;13.5;0.9;107;15;58;45;0.300000011920929;0.100000001490116;0.5;;;4.47;3.66178431164151;2.48557476314879;12.3834885936895;2.97381262903857;4.30537056054457;1.13182422061556;3.52862843383274;6.87971597944768;5.25965399876506;12.716378076566;5.25965399876506;20.772303392861;4.10563695547684;6.21393701369468;4.43852643835334;3.88371063355918;2.40415853974478;5.14163695674984;2.31493358306116;7.32950885055114;4.04467208885169;4.87003184065538;1.34451663682437;3.94444984322221;7.80621395459455;5.1931351976155;11.3684212174455;5.10456578378725;17.5616756634438;4.01421226712957;7.28038389960055;6.09140586402594;4.10872544553523;;;0.100000001490116;10.1999998092651;0.5;2.40000009536743;46.7999992370605;29.7999992370605;0.800000011920929;3.09999990463257;1.39999997615814;2.90000009536743;;1.39999997615814
108;CX0120;Conc;Tourteaux d'oléagineux;Tourteau de lin, huile < 5 %;87.8000030517578;1.02999997138977;0.990000009536743;135;185;115;5.33776054776962;1.91734264102548;2.51842544634749;0.368000000715256;935;76;366;77;111;248;61;155;66;94;35;39;9.69999980926514;6.5;4.5;2.5;;;4650;75;2810;57;55;85;82;80;54;53;4.1;1.08;;0.7;;21;67;48;0.400000005960464;0.600000023841858;0.300000011920929;;;22.35;4.2133176565836;2.88744848163698;10.076605954385;4.12492632205616;5.48025936884137;2.00353569833923;4.59634658554362;6.42309933383967;5.21508564624737;10.3712435488176;5.06776684903107;21.5674710133025;3.97760752483987;6.36417215213912;5.03830297719249;2.59281088720439;3.497298871396;5.33776054776962;2.51842544634749;6.41264707899099;4.53997306194569;5.35793227152394;1.91734264102548;4.60630934645256;7.34626903638408;5.0490160455233;10.13442945351;4.86582812782277;17.6645385756672;3.84854865005046;7.22710177313458;6.11289532579972;3.78457533351984;;;0.100000001490116;6.40000009536743;0.100000001490116;3.40000009536743;18.7000007629395;14.6999998092651;54.2000007629395;;;;;
109;CX0130;Conc;Tourteaux d'oléagineux;Tourteau de lin, huile > 5 %;91.1999969482422;1.1599999666214;1.12999999523163;130;180;108;5.35213235296551;1.92338621789403;2.49363942311055;0.368000000715256;938;77;353;77;96;231;61;148;61;73;95;107;9,0;6,0;4.30000019073486;2.40000009536743;5.40000009536743;322;4980;77;3150;57;55;85;82;80;54;53;4,0;0.69;11.8;0.4;71;19;68;40;0.5;0.600000023841858;0.300000011920929;;;13.41;4.19580426474544;2.85801144513858;10.0638487566129;4.13499556611757;5.47278809576568;2.00668893945154;4.62146544509927;6.41532393935327;5.2295533012542;10.367892539711;5.07753140970515;21.5871085999646;3.98297367456852;6.35451495076665;5.01672242111854;2.6147766506271;3.49178407335905;5.35213235296551;2.49363942311055;6.39092011184482;4.55485407109283;5.35855704600195;1.92338621789403;4.63462506535868;7.35041389793294;5.05858603680886;10.1416513006094;4.86966546760478;17.6300874644733;3.85049599717855;7.21634011101575;6.11563331173178;3.79272362695037;;;0.100000001490116;6.40000009536743;0.100000001490116;3.40000009536743;18.7000007629395;14.6999998092651;54.2000007629395;;;;;
110;CX0140;Conc;Tourteaux d'oléagineux;Grignon d'olive, huile < 5 %;89.3000030517578;0.219999998807907;0.109999999403954;27;60;-19;4.9599432348401;1.83178940592159;1.85371971066253;0.561999976634979;919;25;116;39;402;702;50;545;271;0;19;25;1.10000002384186;0.800000011920929;8.60000038146973;4.69999980926514;;271;4450;22;720;41;40;40;0;0;29;30;;2.04;11.5;4,0;;;;;;;;;;;0.818330602052115;1.8003273635357;7.36497541846904;6.54664481641692;7.03764348981654;1.47299504467276;6.38297885209068;10.96562975533;6.05564653322774;12.9296236685076;7.69230734712153;13.5842883062335;1.8003273635357;6.38297885209068;5.89198017869106;3.27332240820846;3.01587305837267;4.9599432348401;1.85371971066253;5.19776108531143;5.70207612546977;6.03878871051028;1.83178940592159;5.80444484581137;9.39684702272492;5.40809356016556;11.1396441071409;5.87325099762254;13.246289154295;2.98012051778037;7.09884763455657;6.60994621837928;4.02729479254009;;;;8.39999961853027;0.699999988079071;2.5;78,0;8.30000019073486;0.800000011920929;;;;;
111;CX0150;Conc;Tourteaux d'oléagineux;Grignon d'olive, huile > 5 %;88.5;0.310000002384186;0.180000007152557;21;54;-30;5.36893921963145;1.92526386152459;1.85244361066827;0.561999976634979;935;27;88;26;378;683;50;530;268;0;83;111;1,0;0.699999988079071;7.19999980926514;3.90000009536743;0.400000005960464;;4910;26;990;41;40;40;0;0;29;30;;;8.4;;;;;;;;;;;;0.828402355677991;1.77514793525486;7.45562155379213;6.50887576260114;6.98224865819663;1.53846148745711;6.39053267977835;10.8875737771747;6.03550286700564;12.8994078780752;7.69230771943771;13.6094675036206;1.77514793525486;6.39053267977835;5.91715978418285;3.31360942271196;2.19907405467152;5.36893921963145;1.85244361066827;5.16340269232531;5.68006803833529;6.00972541654508;1.92526386152459;5.80019190889768;9.24046334141348;5.38479357391199;11.1465871890331;5.71942727814106;13.2916867674428;3.0816871510051;7.08830919576741;6.68588599578469;4.06815151608925;;;;8.39999961853027;0.699999988079071;2.5;78,0;8.30000019073486;0.800000011920929;;;;;
112;CX0160;Conc;Tourteaux d'oléagineux;Pulpe d'olive, huile < 10 %;88.3000030517578;0.46000000834465;0.340000003576279;9;51;-17;6.72268144362459;2.11918809740698;1.85382217373599;0.479000002145767;922;43;125;51;207;544;50;418;243;0;32;42;1.79999995231628;1.20000004768372;16,0;8.80000019073486;0.800000011920929;;4390;40;1400;50;48;15;0;0;39;40;;0.1;;;;26;25;33;0.400000005960464;;;;;;0.920502133121599;1.75732213624692;7.4476985964287;6.443514632581;7.02928854498767;1.506276145285;6.35983270209818;10.8786613374666;6.02510458113998;12.887029265162;7.69874478690408;13.6401670385343;1.8410042662432;6.35983270209818;5.94142265065716;3.26359848104537;2.12940219632957;6.72268144362459;1.85382217373599;4.90530334715302;5.56026927587146;5.89449450041243;2.11918809740698;5.68865581146995;8.66943698141282;5.25409308412969;11.0443220241735;5.1055865550217;13.2419906789864;3.43701824069023;6.9376536520033;6.84530357494852;4.13734487725414;;;;8.39999961853027;0.699999988079071;2.5;78,0;8.30000019073486;0.800000011920929;;;;;
113;CX0170;Conc;Tourteaux d'oléagineux;Pulpe d'olive, huile > 10 %;76.8000030517578;0.790000021457672;0.649999976158142;35;72;-23;4.7793592641534;1.81551044315117;1.84608688386161;0.519999980926514;948;43;119;48;198;537;50;413;242;0;259;345;1.60000002384186;1.10000002384186;11.8999996185303;6.5;;;6080;46;2360;41;40;50;0;0;34;35;;;;;;;;;;;;;;;0.881834214425941;1.76366842885188;7.40740706478485;6.4373899335059;6.9664903780632;1.49911820657323;6.34920617567025;10.9347439224886;5.99647282629293;12.8747798670118;7.76014125514481;13.6684303236021;1.85185176619621;6.34920617567025;5.99647282629293;3.26278663542511;2.15703192229758;4.7793592641534;1.84608688386161;5.2711167258352;5.70665558550027;6.06074486871708;1.81551044315117;5.82958517877194;9.52217001666251;5.42934860182482;11.1878275229629;6.03281105493886;13.3407089150102;2.95559817255783;7.13641317784037;6.63018572396331;4.03009845757607;;;;8.39999961853027;0.699999988079071;2.5;78,0;8.30000019073486;0.800000011920929;;;;;
114;CX0180;Conc;Tourteaux d'oléagineux;Tourteau de palmiste, huile < 5 %;90.5999984741211;0.860000014305115;0.790000021457672;79;128;-10;5.35915518128111;2.01740549926112;2.41943861158144;0.442999988794327;951;66;181;72;206;729;79;439;141;8;30;34;6,0;4.09999990463257;3.09999990463257;1.70000004768372;3.40000009536743;;4510;65;2410;45;43;79;82;80;46;43;2.4;;7.4;1.6;;31;52;249;0.100000001490116;0.699999988079071;0.100000001490116;;;;3.34346500197995;2.79635248913638;15.5623100592941;3.58662615100716;5.47112454869447;2.00607897220091;4.01215794440182;7.11246179735457;4.55927045724539;9.24012134406908;5.04559275529981;21.2158061219678;3.52583593621801;5.16717318487811;4.43769002766709;2.91793320858529;2.08333330672412;5.35915518128111;2.41943861158144;7.89618636457929;4.53580045940667;5.53341578141268;2.01740549926112;4.4924214363937;7.99444727472557;4.83505950307129;10.0673470182981;4.91253466098661;17.1677601683832;3.66923128972494;6.58321545532432;6.22621451168233;3.97862200864393;7.80000019073486;46.9000015258789;15.6999998092651;8.5;;2.59999990463257;14.8999996185303;2.20000004768372;0.400000005960464;;;;;
115;CX0190;Conc;Tourteaux d'oléagineux;Tourteau de palmiste, huile 5-20 %;91.5999984741211;0.930000007152557;0.860000014305115;74;123;-13;5.42639889580706;2.02972482221504;2.24205160430757;0.442999988794327;952;66;171;71;205;729;79;439;141;11;73;82;6,0;4.09999990463257;3,0;1.60000002384186;3.09999990463257;137;4750;65;2600;45;43;79;82;80;46;43;2.4;0.19;6.8;1.6;-14;28;68;187;0.100000001490116;0.699999988079071;0.100000001490116;;;;3.36700340484373;2.4915825516946;14.6801343313547;3.63636374145172;5.72390578823433;2.02020204290623;4.10774408968885;7.20538715792458;4.57912475902845;9.36026920858358;5.11784511114197;21.5488217909998;3.50168341259649;5.18518511501835;4.64646476290483;2.82828273162774;2.10942647672252;5.42639889580706;2.24205160430757;7.54947918541863;4.57500879146675;5.64229746702559;2.02972482221504;4.57240190626631;8.03490792514864;4.84562393885367;10.1172119600288;4.93802861920416;17.1963483972313;3.65239731169816;6.59009056270083;6.28646982466724;3.96483066375325;7.80000019073486;46.9000015258789;15.6999998092651;8.5;;2.59999990463257;14.8999996185303;2.20000004768372;0.400000005960464;;;;;
116;CX0200;Conc;Tourteaux d'oléagineux;Tourteau de colza, huile < 5 %;89,0;0.990000009536743;0.949999988079071;92;144;169;6.65665981802017;2.14097574954026;2.54900272366813;0.312999993562698;924;75;381;77;144;316;68;208;97;62;19;24;12.6999998092651;9,0;8.60000038146973;4.69999980926514;5.69999980926514;356;4620;74;2730;69;69;79;82;80;60;60;8.3;0.29;14.1;0.7;-165;7;74;60;0.100000001490116;1,00;0,00;;;22.35;6.18932037289916;3.15533974121468;6.67475738970586;4.97572812022537;5.88592230973072;2.33616502852846;4.61165050229182;7.85800972032563;4.4599514707076;8.16140778349408;5.06674788638743;19.6298537611012;6.9781554528743;5.73422327814649;5.00606804227939;3.27669914008783;4.01863727364249;6.65665981802017;2.54900272366813;5.11491453016983;4.982371817324;5.5221546406305;2.14097574954026;4.67678302841851;8.1044538617364;4.60804607944693;9.30201720688287;4.76776923670072;15.9543404403123;5.36950437084934;6.69674223717658;6.12899771107102;3.8900260676697;;;0.0299999993294477;4.80000019073486;0.200000002980232;1.60000002384186;59.9000015258789;20.3999996185303;9.19999980926514;;;;;
117;CX0210;Conc;Tourteaux d'oléagineux;Tourteau de colza, huile 5-20 %;91.4000015258789;1.20000004768372;1.16999995708466;81;133;138;6.76967866260196;2.14399809870378;2.49807670526842;0.312999993562698;933;76;336;77;129;295;68;197;91;68;103;129;11.8000001907349;8.39999961853027;8.30000019073486;4.59999990463257;5.80000019073486;330;5130;77;3240;69;69;79;82;80;60;60;8.3;0.64;12.7;0.8;-190;5;68;69;0.100000001490116;;0.100000001490116;;;;6.3056886518957;3.11857447431098;6.68265930767383;5.03769695118919;5.89444847130535;2.33036331111785;4.62645644377419;7.84784079982043;4.45510620511588;8.19054127713704;5.03769695118919;19.4996576822343;6.99108960652892;5.72309823264704;5.00342709955231;3.25565453450776;4.04472216315637;6.76967866260196;2.49807670526842;5.0967547161158;5.03096359417834;5.53686944476101;2.14399809870378;4.72724878058405;8.10200687268245;4.62948639157749;9.38617621508216;4.74267009377493;15.7649734825498;5.29916723985405;6.69464445808325;6.16584552750506;3.90029313610855;;;0.0299999993294477;4.80000019073486;0.200000002980232;1.60000002384186;59.9000015258789;20.3999996185303;9.19999980926514;;;;;
118;CX0220;Conc;Tourteaux d'oléagineux;Tourteau de sésame, huile > 5 %;92.6999969482422;1.33000004291534;1.3400000333786;121;174;222;4.68918744698814;2.73662576558743;2.42286167650758;0.270999997854233;881;87;443;80;76;222;68;102;19;21;107;122;12.6999998092651;8.60000038146973;19.8999996185303;10.8999996185303;5.90000009536743;241;4970;87;3500;72;72;97;82;80;62;65;5.2;0.07;10.4;1,0;-83;37;133;68;0.800000011920929;0.200000002980232;0.200000002980232;;;4.47;2.87531094245416;2.73707483438109;12.5794858346497;3.62178613698032;5.25297210677682;3.15178315860031;4.09178885169588;7.60298594401907;5.19767745261602;8.81946358959635;4.45120278541877;20.9842416273558;3.98119980703875;5.61238577683525;5.3359135606891;3.7047275908926;3.4178905890323;4.68918744698814;2.42286167650758;7.21847672270413;4.37429564808301;5.31844757627974;2.73662576558743;4.34731862926675;8.14883680383277;5.09489160943395;9.6511562027906;4.50154084614038;17.3205078215036;3.88329572964719;6.76900980095126;6.2978782288702;4.03253867949998;;;0.100000001490116;8.80000019073486;0.100000001490116;4.90000009536743;38.9000015258789;43.7000007629395;0.400000005960464;;;;;
119;CX0230;Conc;Tourteaux d'oléagineux;Tourteau de soja, huile < 5 %, 46 % protéine + huile;87.6999969482422;1.25999999046326;1.27999997138977;163;218;224;6.85335888703772;1.5599792704894;2.51227360402083;0.252999991178513;926;89;496;80;71;148;85;88;8;68;14;19;7.09999990463257;5,0;3.90000009536743;2.20000004768372;3.29999995231628;621;4660;89;3310;65;63;95;82;80;67;67;;0.09;24.6;0.5;;16;41;36;;;;;;7.45;6.59270317650675;2.83763607079192;7.72349071086264;4.0964371385576;5.09921052908703;1.51482823632136;4.84318346226746;8.06486013328873;5.35523800285105;11.9052697980823;5.07787483844928;18.8180067063774;5.26989564724452;4.45914225162143;4.60849167914118;3.73373161854931;2.98074926653961;6.85335888703772;2.51227360402083;5.65406411060492;4.51884875761334;5.16375725895142;1.5599792704894;4.78357868296993;8.37569668183056;5.15101758715265;10.8122336892013;4.89800244004094;16.2690817590181;4.679658558869;5.87864796004606;5.98778031973022;3.99714827441465;;;0.100000001490116;10.5;0.200000002980232;3.79999995231628;21.7000007629395;53.0999984741211;7.40000009536743;;;;;
120;CX0240;Conc;Tourteaux d'oléagineux;Tourteau de soja, huile < 5 %, 48 % protéine + huile;88,0;1.27999997138977;1.28999996185303;172;227;244;6.83614311679927;1.54718627541363;2.52250099405016;0.252999991178513;930;89;526;80;68;142;85;84;6;57;13;18;7,0;4.90000009536743;3.79999995231628;2.09999990463257;3.09999990463257;603;4710;90;3350;65;63;95;82;80;67;67;4.6;0.14;23.6;0.3;318;19;62;45;0.300000011920929;0.200000002980232;0.200000002980232;;;7.45;6.58875688821197;2.84102362292572;7.73725592226076;4.04996981273976;5.09772294665707;1.51118273726755;4.83578475925615;8.09993962547951;5.35966151837163;11.94841802227;4.95667945510029;18.9200081780406;5.27906518258009;4.43280269598481;4.61414454759418;3.72758408525995;3.04747025175176;6.83614311679927;2.52250099405016;5.67030226750808;4.47942687430722;5.15334077857137;1.54718627541363;4.76583520356039;8.39806235611481;5.15246888584641;10.8262895644993;4.8155923887969;16.3649181126035;4.6971495683083;5.84519820461318;5.97483546329594;3.99231433645473;;;0.100000001490116;10.5;0.200000002980232;3.79999995231628;21.7000007629395;53.0999984741211;7.40000009536743;;;;;
121;CX0250;Conc;Tourteaux d'oléagineux;Tourteau de soja, huile < 5 %, 48 % protéine + huile, extrudé;88,0;1.27999997138977;1.28999996185303;185;240;228;6.81921984411722;1.5344004759761;2.5339105245684;0.270999997854233;930;89;526;80;68;142;85;84;6;57;13;18;7,0;4.90000009536743;3.79999995231628;2.09999990463257;3.09999990463257;603;4710;90;3350;62;59;93;82;80;62;65;4.6;0.14;23.6;0.3;318;19;62;45;0.300000011920929;0.200000002980232;0.200000002980232;;;;6.58875688821197;2.84102362292572;7.73725592226076;4.04996981273976;5.09772294665707;1.51118273726755;4.83578475925615;8.09993962547951;5.35966151837163;11.94841802227;4.95667945510029;18.9200081780406;5.27906518258009;4.43280269598481;4.61414454759418;3.72758408525995;3.04747025175176;6.81921984411722;2.5339105245684;5.6871507379457;4.46228556430902;5.14243561945259;1.5344004759761;4.75138998714695;8.40153439548764;5.15255488214294;10.8239892748001;4.81942075375636;16.4195485491728;4.71408076693047;5.82840010017295;5.957647682495;3.98877252246706;;;0.100000001490116;10.5;0.200000002980232;3.79999995231628;21.7000007629395;53.0999984741211;7.40000009536743;;;;;
122;CX0260;Conc;Tourteaux d'oléagineux;Tourteau de soja, huile < 5 %, 48 % protéine + huile, tanné au formol;88,0;1.27999997138977;1.28999996185303;333;380;80;6.68333074311725;1.4317355117386;2.62552308314765;0.425999999046326;930;89;526;80;68;142;85;84;6;57;13;18;7,0;4.90000009536743;3.79999995231628;2.09999990463257;3.09999990463257;603;4710;90;3350;32;28;93;82;80;47;46;4.6;0.14;23.6;0.3;318;19;62;45;0.300000011920929;0.200000002980232;0.200000002980232;;;;6.58875688821197;2.84102362292572;7.73725592226076;4.04996981273976;5.09772294665707;1.51118273726755;4.83578475925615;8.09993962547951;5.35966151837163;11.94841802227;4.95667945510029;18.9200081780406;5.27906518258009;4.43280269598481;4.61414454759418;3.72758408525995;3.04747025175176;6.68333074311725;2.62552308314765;5.82243438737252;4.32464662790794;5.05486998252641;1.4317355117386;4.63539939056114;8.4294101122686;5.15324340800137;10.8055147818611;4.85015899023561;16.8582007095823;4.85002906266872;5.69351642741058;5.8196350292979;3.96033176853038;;;0.100000001490116;10.5;0.200000002980232;3.79999995231628;21.7000007629395;53.0999984741211;7.40000009536743;;;;;
123;CX0270;Conc;Tourteaux d'oléagineux;Tourteau de soja, huile < 5 %, 50 % protéine + huile;87.9000015258789;1.27999997138977;1.29999995231628;183;238;262;6.82658354044261;1.52789373196714;2.52293431411147;0.252999991178513;928;90;552;80;44;105;85;57;4;62;13;18;7.09999990463257;5,0;3.90000009536743;2.09999990463257;3.20000004768372;593;4720;91;3370;65;63;96;82;80;67;67;4.8;0.12;24.1;1,0;296;18;61;47;0.100000001490116;0.200000002980232;0.300000011920929;;;7.45;6.59615374782382;2.82692306098148;7.74999991013453;4.01923072535611;5.11538472627042;1.50000004768372;4.82692318569274;8.11538482163785;5.36538458138528;12.0000003814697;4.88461534708915;18.9807687831348;5.26923073452605;4.42307695552442;4.59615380651147;3.73076918477843;3.07548930425361;6.82658354044261;2.52293431411147;5.68919542158763;4.44759320965114;5.15368668436236;1.52789373196714;4.74664678752075;8.41079819418182;5.15605059777181;10.8469768838236;4.76738593825501;16.4470238716034;4.70517208870943;5.82351371521234;5.95461399312317;3.98983631054021;;;0.100000001490116;10.5;0.200000002980232;3.79999995231628;21.7000007629395;53.0999984741211;7.40000009536743;;;;;
124;CX0280;Conc;Tourteaux d'oléagineux;Tourteau de soja, huile 5-20 %;92.5;1.36000001430511;1.37999999523163;155;209;211;6.85114168242778;1.5705266786313;2.5092504925041;0.252999991178513;934;88;472;80;60;129;85;75;10;65;65;87;6.90000009536743;4.90000009536743;3.70000004768372;2,0;2.90000009536743;574;5000;89;3570;65;63;95;82;80;67;67;4.6;0.11;22.6;0.3;289;13;34;32;0.300000011920929;0.200000002980232;0.200000002980232;;;;6.57718106658406;2.84116324404549;7.7181207395027;4.11633097572812;5.10067092673051;1.5212528261082;4.85458625900485;8.0313201833352;5.34675602115609;11.8568231650331;5.16778527613744;18.769575125252;5.27964209844907;4.47427289246533;4.60850116457928;3.73601803588852;2.95267048579478;6.85114168242778;2.5092504925041;5.64444983217397;4.53731815390436;5.16960284891331;1.5705266786313;4.79869180548515;8.35358222236665;5.14590444209118;10.7928348719145;4.95746296345196;16.2168310771913;4.6779606619264;5.89722210357;5.99578858507551;3.99921184010373;;;0.100000001490116;10.5;0.200000002980232;3.79999995231628;21.7000007629395;53.0999984741211;7.40000009536743;;;;;
125;CX0290;Conc;Tourteaux d'oléagineux;Tourteau de tournesol, huile < 5 %, décortiqué;90.5;0.860000014305115;0.790000021457672;87;137;216;5.55118674589933;2.29908119506369;2.33878635227338;0.321000009775162;928;68;405;76;197;349;61;233;75;36;9;12;11.5;7.59999990463257;4.40000009536743;2.40000009536743;5.59999990463257;392;4620;67;2420;76;77;89;82;80;59;60;4.9;0.08;16.6;1.4;85;34;94;44;0.200000002980232;0.300000011920929;0.100000001490116;;;17.88;4.03474353387501;2.7178480934582;9.30232582996327;4.09078185376508;5.57579145222054;2.54973393541954;4.65116291498163;6.94872494531691;4.98739123105895;10.002802156484;4.70720070045067;21.8268427619217;4.73521986039571;6.38834388410035;4.84729596575481;2.63379088083362;3.22668116468847;5.55118674589933;2.33878635227338;5.9535516850393;4.63879504492401;5.44959966049583;2.29908119506369;4.76350593076856;7.72325997524649;4.93811519978188;10.0937023386433;4.61287746588585;17.1927040959035;4.22976710042254;7.18068028724252;6.1679382291934;3.83928620177189;;;0.200000002980232;6.30000019073486;0.400000005960464;4.30000019073486;20.2999992370605;64.9000015258789;0.300000011920929;;;;;
126;CX0300;Conc;Tourteaux d'oléagineux;Tourteau de tournesol, huile < 5 %, non décortiqué;88.9000015258789;0.639999985694885;0.529999971389771;62;106;150;5.81269171203786;2.30814966036628;2.31867521262133;0.391999989748001;932;54;307;71;296;471;56;338;114;38;16;21;10.8999996185303;7.19999980926514;4.30000019073486;2.29999995231628;5.30000019073486;373;4630;53;1880;76;77;84;82;80;51;51;3.9;0.12;15.9;1.4;131;34;86;39;0.200000002980232;0.300000011920929;0.100000001490116;;;19.37;4.21013416033619;2.75707899664836;9.16542479664983;4.17287619441;5.55141560390461;2.570789877654;4.657227974859;6.9672133346437;5.02980621284772;9.91058127262727;4.76900151731927;21.3859914290618;4.76900151731927;6.48286119887641;4.91803267038744;2.68256324245512;3.31412094143045;5.81269171203786;2.31867521262133;5.81187148755304;4.7345566966349;5.46068021089195;2.30814966036628;4.82835443775832;7.76196086785053;4.96994490123537;10.1210430983773;4.6404256489994;16.6672376161308;4.20199200781018;7.19940617325791;6.24143871294302;3.87067062752532;;;0.200000002980232;6.30000019073486;0.400000005960464;4.30000019073486;20.2999992370605;64.9000015258789;0.300000011920929;;;;;
127;CX0310;Conc;Tourteaux d'oléagineux;Tourteau de tournesol, huile 5-20 %, décortiqué;93.0999984741211;1.03999996185303;0.980000019073486;81;131;193;5.6214501188109;2.29473915751524;2.3297603783063;0.321000009775162;932;71;376;76;176;322;63;210;66;37;73;97;10.8999996185303;7.19999980926514;4.30000019073486;2.29999995231628;5.30000019073486;;5020;71;2880;76;77;89;82;80;59;60;3.9;;15.8;;;;;;0.200000002980232;0.300000011920929;0.100000001490116;;;17.88;4.05814641776638;2.72562080594322;9.26711085573383;4.08843120891484;5.57238019884594;2.54391263668681;4.6638399301982;6.96547539296602;4.99697147756258;9.99394295512516;4.72440951249513;21.7443980205176;4.72440951249513;6.42035146283111;4.87583289060308;2.63476672131502;3.25227080316502;5.6214501188109;2.3297603783063;5.90887166218283;4.65831153107847;5.45542845185071;2.29473915751524;4.79196818185226;7.74211825898633;4.9470502745322;10.1104431111319;4.62096689994783;17.0449072890798;4.20956538507137;7.18856534370294;6.19424829103973;3.84775883241984;;;0.200000002980232;6.30000019073486;0.400000005960464;4.30000019073486;20.2999992370605;64.9000015258789;0.300000011920929;;;;;
128;CX0320;Conc;Tourteaux d'oléagineux;Tourteau de tournesol, huile 5-20 %, non décortiqué;92.3000030517578;0.759999990463257;0.649999976158142;51;95;111;6.02500806676862;2.31675500747422;2.30883578667876;0.391999989748001;942;54;254;69;296;471;56;338;114;48;95;127;9.30000019073486;6.09999990463257;4,0;2.20000004768372;4.59999990463257;;5150;54;2230;76;77;84;82;80;51;51;3.9;0.13;13.5;;;28;78;32;0.200000002980232;0.300000011920929;0.100000001490116;;;19.37;4.32014550944972;2.81946329837746;9.04956778842575;4.22919516440892;5.54797625171413;2.59208721893274;4.68394732329836;6.95770811774558;5.04774913714701;9.82264680548617;4.86584801337996;21.0095500876407;4.77489766833916;6.54843091453381;5.00227374778388;2.72851295333666;3.340659393036;6.02500806676862;2.30883578667876;5.68905622799838;4.81467148586968;5.48354522077277;2.31675500747422;4.90375740073617;7.78971056159036;4.9900421022626;10.1578824502772;4.68264918724836;16.2229585133662;4.16304538183737;7.19960720294561;6.31616080324788;3.90164482150649;;;0.200000002980232;6.30000019073486;0.400000005960464;4.30000019073486;20.2999992370605;64.9000015258789;0.300000011920929;;;;;
129;CP0010;Conc;Amidon, racines et tubercules;Pulpe de betterave déshydratée;88.8000030517578;1.03999996185303;1.02999997138977;33;92;-57;7.53975725283741;2.08173611690084;2.64126976292871;0.308999985456467;929;83;89;70;194;471;83;238;27;9;4;9;1,0;0.899999976158142;14.5;2.90000009536743;1.79999995231628;125;4080;79;2760;56;52;85;82;80;63;59;2.4;0.6;4.5;0.5;-28;6;22;80;0.5;0.100000001490116;0.100000001490116;100.000001490116;600.000023841858;22.35;7.17029438088437;4.35339321321274;5.12163893070983;5.37772063302654;7.8104992472231;1.92061459901619;4.99359807955147;8.06658156008675;5.12163893070983;9.09090897990056;6.53008951454564;11.6517290558024;5.50576209473184;5.37772063302654;6.01792549936527;5.88988464820691;2.6184538973999;7.53975725283741;2.64126976292871;4.71780611172083;5.35212065620904;6.18842509379429;2.08173611690084;5.26622281656404;8.28696182882281;5.08314927776104;10.3113592318191;5.22721190950024;12.7062209587998;4.25175609335015;6.6922454231816;6.70302102921565;4.29281275600536;;;;20.6000003814697;;1.39999997615814;9.69999980926514;57.7999992370605;10.5;;;;;
130;CP0020;Conc;Amidon, racines et tubercules;Pulpe de betterave surpressée;24.2999992370605;1.00999999046326;1.00999999046326;29;88;-54;7.63268206652367;2.15010748353376;2.55976079281426;0.312999993562698;932;82;87;69;208;495;83;248;18;5;2;5;1,0;0.899999976158142;14.3000001907349;2.90000009536743;1.70000004768372;227;4080;78;2710;61;60;85;82;80;57;60;1.9;3.31;4.7;1.3;112;5;17;70;0.100000001490116;0.100000001490116;0.100000001490116;;;;7.40259718927128;4.28571424369246;5.32467522555207;5.58441585806012;7.79220782839884;2.07792211853648;4.93506489605903;7.92207783501835;5.06493521231305;8.96103912651247;6.36363651704619;11.4285717293592;5.45454523217157;5.32467522555207;5.97402587791864;6.10389588453814;2.65486729798158;7.63268206652367;2.55976079281426;4.74905413834025;5.41389142131327;6.1539879935217;2.15010748353376;5.27647961199567;8.24309392054803;5.07513399294768;10.3433779472076;5.12673840204219;12.6941443348949;4.19552124790388;6.68829505297181;6.7218793803381;4.30413458081381;;;;20.6000003814697;;1.39999997615814;9.69999980926514;57.7999992370605;10.5;;;;;
131;CP0030;Conc;Amidon, racines et tubercules;Manioc, amidon 66-70 % sur brut;87.6999969482422;1.07000005245209;1.08000004291534;11;67;-86;7.4393617981154;2.28501670193615;2.44951503324761;0.0820000022649765;955;86;29;33;43;89;68;60;16;779;6;7;1.10000002384186;0.5;1.79999995231628;1,0;0.899999976158142;269;4000;82;2820;56;59;85;78;84;83;89;3.1;0.38;10.2;0.3;75;4;36;26;0.0500000007450581;0.0799999982118607;;;;;5.5276383339421;6.03015101867169;5.5276383339421;4.52261296448294;6.03015101867169;2.51256282460626;4.52261296448294;7.53768847381878;5.02512564921252;9.54773861369546;4.52261296448294;16.5829144027847;6.53266310435961;5.02512564921252;7.0351757890892;3.5175878945446;3.39805828016759;7.4393617981154;2.44951503324761;4.72549491091701;5.30588628464444;5.74914765759855;2.28501670193615;5.36153066394872;8.14894919745547;5.09487792937637;10.6847087893755;4.5672567286626;13.5638197635756;4.09455903935624;6.69212952097059;6.90217961070384;4.13767620471524;0.600000023841858;3.90000009536743;1.70000004768372;31.8999996185303;0.699999988079071;2.90000009536743;35.2000007629395;16.3999996185303;7.59999990463257;;;;;
132;CP0040;Conc;Amidon, racines et tubercules;Manioc, amidon 70-74 %;87.5;1.12000000476837;1.13999998569489;10;68;-88;7.49199748302198;2.29173082460882;2.40052041885046;0.0820000022649765;969;88;28;35;34;76;68;48;12;821;6;7;1.10000002384186;0.5;1.39999997615814;0.800000011920929;0.899999976158142;270;4060;84;2920;56;59;85;78;84;83;89;3.1;0.43;10.1;0.3;78;4;33;23;0.200000002980232;0.0700000002980232;;;;;5.6122450298416;6.12244923404732;5.6122450298416;4.08163272132977;6.12244923404732;2.55102041281794;4.08163272132977;7.65306123845382;5.10204082563588;9.69387744706603;4.59183662143016;16.8367344813141;6.63265283004238;4.59183662143016;7.1428570342481;3.57142851712405;3.44827588231855;7.49199748302198;2.40052041885046;4.72919465152201;5.27784201961809;5.76451937719507;2.29173082460882;5.32348666427416;8.17045290056299;5.11107809600626;10.7288787656772;4.5807757365468;13.5576619914017;4.06853766480435;6.64531268184115;6.91791189752142;4.14711707914771;0.600000023841858;3.90000009536743;1.70000004768372;31.8999996185303;0.699999988079071;2.90000009536743;35.2000007629395;16.3999996185303;7.59999990463257;;;;;
133;CP0050;Conc;Amidon, racines et tubercules;Pulpe de chicorée déshydratée;88.5;1.02999997138977;1.02999997138977;28;87;-59;;;;0.312999993562698;924;82;87;59;214;357;83;279;140;0;13;17;1.60000002384186;;9.39999961853027;5.19999980926514;;;4120;78;2750;54;52;70;0;0;57;60;;2.49;6.8;;;;23;;;;;;;;;;;;;;;;;;;;;;;;;;;;;;;;;;;;;;;;;;;;;;;;;;;;;;
134;CP0060;Conc;Amidon, racines et tubercules;Purée-pelures de pomme de terre;17.6000003814697;1.01999998092651;1.01999998092651;36;92;-17;7.23076168075878;2.07226936040604;1.93643712489933;0.26800000667572;929;84;127;70;47;110;49;59;16;470;7;13;2.29999995231628;;1.89999997615814;1,0;1.60000002384186;841;4020;80;2720;67;65;85;81;79;67;64;0.2;0.3;35.1;2.5;832;12;40;28;;;;;;;6.20821392763912;2.00573056245857;4.58452739027548;4.77554917510701;6.11270303522335;1.91021967004281;4.39350515001208;7.35434554749206;5.06208230778618;18.2425982132543;4.68003828269125;17.0964656825376;3.91595023250138;4.10697247276478;4.48901604242785;5.06208230778618;2.69516736532173;7.23076168075878;1.93643712489933;4.65136865472515;5.20298407836361;5.78491766464058;2.07226936040604;5.03284319054196;8.11474094889563;5.09119758900086;12.3985849907887;4.64054121631076;14.3898995123382;3.79984601113306;6.23546761993372;6.48270792137299;4.24949737989527;;;0.400000005960464;17.7999992370605;1.29999995231628;5.40000009536743;1.89999997615814;56.5;17.2000007629395;1,0;;0.600000023841858;;
135;CP0070;Conc;Amidon, racines et tubercules;Amidon de maïs;88.1999969482422;1.37000000476837;1.44000005722046;4;63;-102;7.83289709694223;2.29398988821587;1.86283742973838;0.129999995231628;998;99;8;0;2;0;79;;;970;4;4;0.200000002980232;;0.200000002980232;0.0799999982118607;;;4180;95;3440;48;45;95;68;60;77;82;;;;;;;;;;;;;;;0,0;0,0;0,0;0,0;0,0;0,0;0,0;0,0;0,0;0,0;0,0;0,0;0,0;0,0;0,0;0,0;0,0;7.83289709694223;1.86283742973838;4.69954219065352;5.48479257546588;5.79693205427269;2.29398988821587;5.61478533579811;8.21052312469469;5.15637949317856;10.9788983577429;4.60111629972323;13.213773891147;3.71989086787826;6.83295278669428;6.98549331088505;4.20535402712804;;;0.100000001490116;10.5;0.400000005960464;1.79999995231628;26.1000003814697;59.5;1.29999995231628;;;;;
136;CP0080;Conc;Amidon, racines et tubercules;Pulpe de pomme de terre déshydratée;86.9000015258789;0.769999980926514;0.699999988079071;8;58;-57;7.14443259979982;2.08524212172577;1.83266958510992;0.270999997854233;966;64;55;29;187;284;49;210;59;441;2;4;1.39999997615814;;4.40000009536743;2.40000009536743;1.60000002384186;269;4220;61;2180;65;65;75;81;79;62;65;1.2;1.5;8.6;0.6;197;8;46;50;;;;;;;2.06489670329649;1.47492624175819;2.94985248351638;2.06489670329649;4.42477872527458;0.884955780219897;0.884955780219897;8.55457248351737;1.47492624175819;31.2684374505531;2.65486716483478;31.5634210109856;0.884955780219897;1.76991156043979;3.24483780219799;3.83480808791137;2.58620685114836;7.14443259979982;1.83266958510992;4.59366970662431;5.13173627197117;5.64635434539542;2.08524212172577;4.94186345204078;8.34801770216584;4.74591447958418;12.5688190409656;4.37039388626906;15.2252115219241;3.4063732805817;6.3307877202521;6.76607306845775;4.19537820318098;;;0.400000005960464;17.7999992370605;1.29999995231628;5.40000009536743;1.89999997615814;56.5;17.2000007629395;1,0;;0.600000023841858;;
137;CP0090;Conc;Amidon, racines et tubercules;Pomme de terre entière déshydratée;89.0999984741211;1.08000004291534;1.0900000333786;26;81;-28;7.21158771829824;2.06200969268101;1.92176129305474;0.23199999332428;937;87;103;68;26;83;49;37;10;732;2;4;2.29999995231628;;1.10000002384186;0.600000023841858;1,0;533;4060;83;2860;70;74;85;77;79;68;70;1,0;0.28;22.6;2,0;468;6;28;21;0.0299999993294477;0.0399999991059303;0.100000001490116;;;;5.72851799294856;1.9925280685475;4.35865508499863;4.48318796866324;5.9775843540974;1.74346200430847;3.985056137095;6.35118300509122;4.60772114923766;20.2988784457394;4.48318796866324;19.3026153764225;3.61145718919136;3.86052295652057;4.35865508499863;4.85678721347668;2.78450360155946;7.21158771829824;1.92176129305474;4.63109919415589;5.1909899359686;5.76242331905594;2.06200969268101;5.01131753685789;7.87042507007568;4.98898307822479;12.540677460539;4.57956205139962;14.7419328178867;3.70672735584361;6.27262158946081;6.56411779575479;4.23021972481008;;;0.400000005960464;17.7999992370605;1.29999995231628;5.40000009536743;1.89999997615814;56.5;17.2000007629395;1,0;;0.600000023841858;;
138;CP0100;Conc;Amidon, racines et tubercules;Patate douce déshydratée;88.3000030517578;1.08000004291534;1.0900000333786;14;70;-67;7.31565162803312;2.13529985439567;1.91714202335123;0.187999993562698;965;84;52;51;31;106;49;50;9;734;7;10;1.5;;1.39999997615814;0.800000011920929;0.899999976158142;284;4140;81;2870;69;70;85;81;79;71;75;0.8;0.37;12,0;1.4;233;6;20;12;0.200000002980232;0.0199999995529652;0.0799999982118607;;;;5.09554165920844;2.12314227363742;4.88322712812676;4.88322712812676;7.43099795773098;1.69851384421977;5.09554165920844;6.58174084579738;6.15711279602715;18.8959654254586;5.73248424006035;10.8280253930722;4.88322712812676;4.88322712812676;5.94479826494547;4.88322712812676;3.48360657039204;7.31565162803312;1.91714202335123;4.6945611170377;5.34683173915691;5.9702532885125;2.13529985439567;5.4490145396878;8.01704206850047;5.29304205141886;11.7578815242778;4.8094665903366;12.8235438765742;3.91773027733763;6.66798666038732;6.83250666970935;4.21132477720443;;;;28,0;;2.90000009536743;5.30000019073486;53.5999984741211;9.69999980926514;;;;;
139;CP0110;Conc;Coproduits de fruits et de légumes;Marc de pomme déshydraté;91,0;0.730000019073486;0.639999985694885;22;70;-53;;;;0.479000002145767;977;56;80;50;337;605;50;524;235;85;24;33;1.39999997615814;;1,0;0.5;0.699999988079071;196;4640;54;2130;46;43;50;82;80;39;40;5.9;2.92;3.3;0.6;-172;4;4;5;;0.0399999991059303;;;;;;;;;;;;;;;;;;;;;;7.88689948622253;1.87568040096622;4.73194227247229;5.52260641370686;5.83689787758837;2.30980535641561;5.65349538390375;8.26712898335556;5.19192915114309;11.0545902423222;4.63283780333377;13.3048736914764;3.74553693372608;6.88006125393881;7.03365343917738;4.23434702453677;;;;;;;;;;;;;;
140;CP0120;Conc;Coproduits de fruits et de légumes;Pulpe d'agrumes déshydratée;90.1999969482422;1.12000000476837;1.12999999523163;22;83;-63;7.02804088447604;2.04058899644936;2.10224024051816;0.217999994754791;931;86;69;67;140;216;83;159;25;62;15;25;1,0;0.899999976158142;16.8999996185303;3.40000009536743;1.29999995231628;289;4190;82;2950;65;66;92;82;80;71;71;1.2;1.33;9.4;0.3;211;4;14;8;0.200000002980232;;0.100000001490116;;;;4.64601752611033;2.87610611270996;6.19469021063869;4.20353980462892;5.75221222541991;1.54867255265967;4.42477879723831;7.30088490994827;5.53097349654789;13.495575120587;5.30973476767587;10.8407082642238;12.3893804212774;5.75221222541991;5.97345148176667;3.76106208314751;2.58620701725822;7.02804088447604;2.10224024051816;4.84697179402951;5.15964714318328;5.69399338969903;2.04058899644936;5.20566836326259;8.09714646072093;5.1907836077088;11.1593124136559;4.76258628812507;12.6729818478693;5.6558099642392;6.82578144826995;6.77174613223501;4.13156181616411;;0.800000011920929;0.699999988079071;25.8999996185303;;4.80000019073486;25.8999996185303;35.9000015258789;6.40000009536743;;;;;
141;CP0130;Conc;Coproduits de fruits et de légumes;Marc de raisin déshydraté;91.1999969482422;0.419999986886978;0.300000011920929;16;55;-47;7.0851679246949;1.95765123507937;2.08585763446858;0.60699999332428;919;39;137;55;247;630;50;544;343;16;45;60;2.70000004768372;;10,0;5.5;0.800000011920929;351;4520;37;1320;21;22;15;82;80;27;26;1.5;0.22;13.9;0.5;256;49;25;13;0.400000005960464;0.200000002980232;;;;7.45;5.33070100392239;2.76406709133205;7.1076010247513;4.73840099697942;5.13326735446285;1.38203354566603;4.93583417572113;8.78578445620935;4.63968393689073;6.81145125663873;4.93583417572113;21.2240869556009;4.83711758635028;8.68706833755633;5.92300101086536;2.76406709133205;2.78310939357193;7.0851679246949;2.08585763446858;4.95865750280026;5.21232370810548;5.52362927457393;1.95765123507937;5.2854004884966;8.40046356844246;4.95464005907369;9.99811984142367;4.65089502236983;14.857162460748;3.96494723354472;7.61671769453063;6.70764154511579;4.03072934658392;;;0.0799999982118607;7.40000009536743;0.600000023841858;3.90000009536743;15.6000003814697;72.1999969482422;0.200000002980232;;;;;
142;CP0140;Conc;Coproduits de fruits et de légumes;Pulpe de raisin déshydratée;90,0;0.469999998807907;0.360000014305115;16;57;-51;7.11212046673946;1.9767743415463;2.06737181276711;0.60699999332428;919;44;135;54;198;515;50;431;275;16;37;49;3.20000004768372;;11.3000001907349;6.19999980926514;;;4420;41;1440;21;22;15;82;80;27;26;;0.23;23,0;;;23;;;;;;;;;5.34274206740508;2.72177421087137;7.05645153319326;4.73790298001386;5.14112887804714;1.41129028260452;4.9395161693718;8.77016099898143;4.63709662567619;6.85483882451792;4.9395161693718;21.2701614346;4.83870981503413;8.66935512532638;5.9475806741137;2.72177421087137;2.84035254163298;7.11212046673946;2.06737181276711;4.94151893544659;5.22022374425749;5.53314974213899;1.9767743415463;5.29639097062044;8.38783385418717;4.95966455660156;10.0363946720562;4.64880625118891;14.8056839246498;3.95567878022204;7.58247422772425;6.71813570130405;4.03276677879304;;;0.0799999982118607;7.40000009536743;0.600000023841858;3.90000009536743;15.6000003814697;72.1999969482422;0.200000002980232;;;;;
143;CP0150;Conc;Coproduits de fruits et de légumes;Pépins de raisin;91.9000015258789;0.280000001192093;0.150000005960464;8;39;-15;7.29773030318334;2.051320361019;2.01266498000386;0.667999982833862;966;23;99;29;423;697;50;590;441;21;120;126;2.09999990463257;;7.09999990463257;3.90000009536743;1.20000004768372;132;5190;23;910;49;47;15;82;80;20;19;;0.1;5.4;0.4;;15;11;;;0.100000001490116;;;;;5.31335160440355;2.72479562793599;7.0844683727768;4.76839234888797;5.17711162811418;1.36239781396799;4.90463200035639;8.85558579079195;4.63215269741956;6.81198906983996;4.90463200035639;21.2534064176142;4.76839234888797;8.71934613932353;5.99455051138755;2.72479562793599;2.78145697204582;7.29773030318334;2.01266498000386;4.87821394359094;5.29415113628039;5.60753158292485;2.051320361019;5.37300026927814;8.35282821000421;5.01014609498002;10.2807522920206;4.62818909449973;14.3734726294235;3.87944031567653;7.39003924910612;6.79169209222009;4.07801575921511;;;0.0799999982118607;7.40000009536743;0.600000023841858;3.90000009536743;15.6000003814697;72.1999969482422;0.200000002980232;;;;;
144;CP0160;Conc;Coproduits de fruits et de légumes;Pulpe de tomate déshydratée;92.5;0.699999988079071;0.579999983310699;41;84;42;6.98532644132893;2.05007383681109;2.40216292049515;0.519999980926514;952;50;206;66;406;553;49;453;263;0;67;111;5.40000009536743;;16.7999992370605;9.19999980926514;1.79999995231628;258;5190;50;2090;60;60;50;0;0;34;35;3.2;1.55;10,0;2.3;61;11;;72;;;;;;;5.98417427936876;3.06627092735588;9.74282926880436;3.61028694244359;4.54995045397798;1.97823936882947;4.05539061177061;6.82492591679148;5.29179021728903;11.6716124647535;5.29179021728903;16.6172099435291;5.58852631127306;5.44015826428105;4.99505459495402;5.29179021728903;2.74170265498985;6.98532644132893;2.40216292049515;5.83282007466666;4.7163713505303;5.23048516963487;2.05007383681109;4.72242936743305;7.87416538051877;5.16757772896615;10.8882684501888;4.93072823532051;14.5020173999167;4.51420476095161;6.7274730313577;6.45733070633243;4.28844837346896;;;0.200000002980232;14,0;0.5;6,0;22.6000003814697;53.7000007629395;2,0;;;;;
145;CP0170;Conc;Mélasses et vinasses;Mélasse de betterave;75.5;0.949999988079071;0.949999988079071;10;70;25;7.05985984504157;1.97874025641518;1.73094117867585;0.0379999987781048;873;87;142;72;0;0;;0;0;0;2;2;0.300000011920929;0.200000002980232;1.20000004768372;0.600000023841858;0.300000011920929;1 463;3690;82;2530;93;100;100;0;0;89;95;5.6;6.9;51.2;5.3;1113;17;22;38;0.699999988079071;;1,00;;;7.45;2.01342276049402;0.767018240736021;1.05465008815544;0.862895485110954;2.396931966583;0.287631847419422;3.45158194044382;3.54745935626068;0.575263694838843;7.38255027420423;2.78044117267197;65.2924253067496;1.24640457690531;2.30105477935537;2.396931966583;3.6433365434883;1.88146757506823;7.05985984504157;1.73094117867585;4.4278594125548;4.95543179423026;5.39018800910345;1.97874025641518;5.24861964696375;7.69167625957734;4.59065149557176;10.5595641185211;4.34612664816698;18.8853439287141;3.41332345376353;6.33959918921926;6.65930875716812;4.1568420670175;;;;;;;;;;;;;;
146;CP0180;Conc;Mélasses et vinasses;Mélasse de canne;72.3000030517578;0.790000021457672;0.759999990463257;2;58;-48;7.6202857309622;2.23469560593748;1.83133199589468;0.0379999987781048;859;78;58;44;0;3;;2;1;0;12;12;0.699999988079071;0.5;9.10000038146973;5,0;4.30000019073486;761;3550;72;2150;93;100;100;0;0;89;95;7.2;2.44;49.5;21.7;311;5;17;75;1,00;;6,00;;;8.94;0.653594773151501;0.653594773151501;0.980392184075554;2.614379092606;5.55555564483266;0.653594773151501;1.63398690853045;2.28758163298535;0.980392184075554;41.8300654816961;3.59477127668156;19.2810458323176;2.28758163298535;3.2679738170609;11.4379083597131;2.28758163298535;1.92307690516687;7.6202857309622;1.83133199589468;4.64216394054186;5.41201977143957;5.78898816460563;2.23469560593748;5.47447490267682;8.065175761144;5.04134932273442;11.5890591790916;4.57509161055231;13.3914078447078;3.68373819715924;6.76018608192968;7.04539147328513;4.19074121371116;;;1.10000002384186;26.7999992370605;;3.20000004768372;13.8999996185303;43.4000015258789;;;;;;
147;CP0190;Conc;Mélasses et vinasses;Vinasse (différentes origines);67.8000030517578;0.920000016689301;0.860000014305115;6;63;494;7.99408375304971;2.06835416365875;1.72158854331648;0.0379999987781048;929;74;638;78;0;0;;0;0;0;;0;3.29999995231628;2.40000009536743;1.20000004768372;0.699999988079071;1.5;97;4660;75;2580;93;100;100;0;0;89;95;;12.11;9.7;24.1;;;;;;0,00;;;;;9.56221208180133;0,0;0,0;11.8663595184425;4.83870939720576;0,0;1.84331797678048;1.61290317818122;0,0;3.22580635636243;0.806451589090608;16.0138242451746;4.14746527608373;4.14746527608373;41.9354851047936;0,0;7.36392743699085;7.99408375304971;1.72158854331648;4.49593842902661;5.92961659003587;5.72491662194248;2.06835416365875;5.24591073858212;7.75319279250323;4.76059779278612;10.5288225307934;4.27931462882675;13.4635578934244;3.77020641567215;6.71324457666191;8.31389739497827;4.11066880740935;;;;;;;;;;;;;;
148;CP0200;Conc;Mélasses et vinasses;Vinasse d'acide glutamique;69.9000015258789;0.970000028610229;0.899999976158142;16;72;554;6.4102375318766;1.84158851588594;1.57415442978996;0.0379999987781048;941;74;703;78;0;0;;0;0;0;7;9;4.09999990463257;3,0;0.899999976158142;0.5;2.5;342;4850;76;2690;93;100;100;0;0;89;95;;14.47;3.7;13.5;;;;;;3,00;;;;;0.606585778043448;0.25996534820447;0.563258211400958;0.216637781561979;1.99306754904983;0.389947996481469;0.953206259532898;1.38648182265686;0.25996534820447;3.55285953497571;0.476603129766449;68.4575389735855;5.28596178747154;1.29982668937188;13.2582323968747;1.03986139281788;1.66169577135312;6.4102375318766;1.57415442978996;4.26100512629635;4.59555981367812;5.14272187250679;1.84158851588594;4.526987084409;7.06107639225818;4.25528360640212;9.91764749724612;3.75900269662857;22.7484447981852;4.03470191473505;5.89767480568207;7.49909548993817;4.02110825306999;;;;;;;;;;;;;;
149;CP0210;Conc;Mélasses et vinasses;Vinasse de levurerie, protéines 30 %;62.4000015258789;0.870000004768372;0.819999992847443;13;68;350;6.81476595674229;2.12051120906884;1.70518649720014;0.0379999987781048;859;77;482;77;0;0;;0;0;0;11;14;2.20000004768372;1.60000002384186;3.5;1.89999997615814;0.699999988079071;1 606;4190;74;2410;93;100;100;0;0;89;95;15.4;19.61;57.4;25.5;644;13;138;32;;;;;;;2.15562561057508;0.893796030732904;1.15667720886896;0.998948464381874;1.26182970519369;1.62986325430296;1.41955838700502;1.62986325430296;0.473186108109755;4.0483700430141;1.89274443243902;75.7097793031851;0.736067286245815;2.31335441773793;2.15562561057508;1.52471088332975;1.45077718005423;6.81476595674229;1.70518649720014;4.34010266728289;4.79004872046053;5.09079715604523;2.12051120906884;4.73004169995252;7.20137650868007;4.37863482112926;10.0378401687199;4.09697586762217;22.2980084192837;3.22357986557219;6.1679859177587;6.52295535179998;4.03618765296532;;;;;;;;;;;;;;
150;CP0220;Conc;Mélasses et vinasses;Vinasse de levurerie, protéines 40 %;68.0999984741211;0.939999997615814;0.889999985694885;16;72;464;6.65521539799696;2.09302818420634;1.67703317493543;0.0379999987781048;897;77;606;78;0;0;;0;0;0;8;11;1.5;1.10000002384186;2.5;1.39999997615814;2,0;55;4520;77;2610;93;100;100;0;0;89;95;15.4;15.27;24.6;44,0;-907;13;138;32;;;;;;;2.17391296763987;0.87792638311046;1.12876256376582;1.0033445232748;1.29598658452941;1.63043482540322;1.42140472469375;1.63043482540322;0.5016722616374;4.05518387402512;1.88127090638526;75.6688964568293;0.75250834261944;2.29933110780421;2.17391296763987;1.50501668523888;1.48270187285552;6.65521539799696;1.67703317493543;4.27997708493277;4.67948296457538;4.98318612466823;2.09302818420634;4.58847851931212;7.03989589403227;4.25903354421266;9.88867184089805;4.01397706894136;23.7625034399366;3.14712915725895;6.05874727369422;6.45112938053721;4.00857720033804;;;;;;;;;;;;;;
151;CP0230;Conc;Mélasses et vinasses;Vinasse de levurerie, protéines 48 %;70.5999984741211;0.970000028610229;0.920000016689301;18;73;516;6.52108034990616;2.07484859609883;1.65742675892382;0.0379999987781048;904;77;662;79;0;0;;0;0;0;11;14;2.09999990463257;1.5;2,0;1.10000002384186;0.800000011920929;580;4660;77;2690;93;100;100;0;0;89;95;15.4;12.32;20.7;17.3;-382;13;138;32;;;;;;;2.14149135541917;0.879541089148109;1.14722753136887;0.994263824050306;1.26195026627107;1.64435953456747;1.41491397358963;1.64435953456747;0.497131912025153;4.05353742338086;1.91204588561478;75.7170170703454;0.764818354245913;2.29445506273774;2.14149135541917;1.49139582724891;1.46947997439485;6.52108034990616;1.65742675892382;4.2371589256516;4.59094436315112;4.88938991157005;2.07484859609883;4.47587546372306;6.91646529587178;4.16111014340391;9.771402528485;3.95777259338632;24.9249727270206;3.08784244432362;5.97429560407406;6.39087641349626;3.98702227078905;;;;;;;;;;;;;;
152;CP0240;Conc;Autres coproduits de plantes;Concentré protéique de luzerne;92.1999969482422;1.48000001907349;1.50999999046326;376;420;87;6.66178125040779;2.04491872627301;2.57764913090645;0.270999997854233;892;91;566;80;20;184;85;41;15;9;74;91;9.19999980926514;6.80000019073486;36.7000007629395;20.2000007629395;1.5;159;5240;92;3850;30;25;95;82;80;62;65;10,0;0.08;7.6;1.4;-467;14;21;112;;0.300000011920929;0.400000005960464;225000;;1400.6;6.61380795338084;2.76542259897602;6.57513056720825;5.24076590822226;6.53645318103566;2.24327991434791;5.51150650486574;9.6886479818906;6.51711485680425;10.5008701406759;4.58325292527241;11.5258168168458;4.89267053923359;5.68555400493263;6.43976008445907;4.67994602184901;3.34579442525932;6.66178125040779;2.57764913090645;5.3460289754536;5.05985125740007;5.94517027992607;2.04491872627301;5.20448225006809;9.59302403249544;5.97988697403272;10.0328632050657;4.53439922493038;11.8521672463173;4.57217796924145;6.74192493239035;6.42495286859127;4.15267714341101;;;4.69999980926514;17.2000007629395;;2.59999990463257;3.59999990463257;17.8999996185303;48.5999984741211;;;;;
153;CP0250;Conc;Autres coproduits de plantes;Farine de gousse de caroube;85.1999969482422;0.829999983310699;0.779999971389771;13;68;-71;7.21768865629251;2.29474593170612;2.02157530757278;0.270999997854233;965;69;50;40;103;334;50;325;186;16;5;6;0.899999976158142;;5.09999990463257;2.79999995231628;0.699999988079071;210;4180;65;2320;56;55;60;82;80;62;65;3.6;0.31;9.7;1.8;-18;3;8;11;;;;;;;4.67532456594729;2.85714292791646;3.63636358569617;4.15584423063899;9.35064913189457;2.59740260544505;4.67532456594729;7.79220781633516;4.4155845531104;10.6493504346171;5.19480521089011;8.31168846127798;18.1818182381154;3.63636358569617;6.23376650077574;3.63636358569617;3.75000001117587;7.21768865629251;2.02157530757278;4.55068939373098;5.21514866073958;6.1843704837938;2.29474593170612;5.33858198838834;8.16306735091134;4.97983396673994;10.7363474816639;4.67183948621041;12.3845052638171;6.0217076098833;6.39740693803494;6.81406114480056;4.12387151004848;;;;;;;;;;;;;;
154;CP0260;Conc;Autres coproduits de plantes;Coques de cacao;88.6999969482422;0.370000004768372;0.25;47;83;22;6.70314318605273;1.57652306511665;2.01767130496826;0.497000008821487;906;37;178;57;207;465;50;363;183;79;45;60;4.40000009536743;;3.70000004768372;2,0;4.30000019073486;685;4490;34;1170;52;50;55;82;80;40;38;;0.22;26.7;0.4;;39;;;;;;;;;5.80152665003704;2.13740454569792;6.79389284475513;4.73282428618863;5.19083984497926;1.22137406511286;4.73282428618863;8.39694657252667;5.72519084490455;11.6793894692044;5.41984726037674;20.3816799902567;4.35114489652833;4.35114489652833;5.41984726037674;3.66412228633804;2.96296296557935;6.70314318605273;2.01767130496826;5.18111625952055;5.01845543934505;5.35856993749327;1.57652306511665;4.92606258433977;8.50039389739915;5.32781241135773;10.7884704930393;5.01094953626384;16.2248893414681;4.01305914671949;6.05473505617667;6.41654071421037;4.04137558577933;;;0.100000001490116;25.5;0.200000002980232;33.7999992370605;33.2999992370605;2.29999995231628;0.5;1,0;;;;
155;CP0270;Conc;Autres coproduits de plantes;Concentré protéique de pomme de terre;91.6999969482422;1.53999996185303;1.58000004291534;423;472;302;7.52457987899236;2.02751275660765;2.11073909671547;0.508000016212463;974;95;842;81;9;31;49;4;2;0.399999976158142;4;7;4.30000019073486;3.20000004768372;2.20000004768372;1.20000004768372;0.5;89;5310;99;3990;46;42;94;82;80;39;35;3.9;0.45;6.2;3.2;-157;39;22;3;;1,00;;;;;7.69415112387261;2.14525403004719;5.08149587071707;5.66874391882611;6.615532213348;2.21716203361191;5.63279003133837;10.1030684432284;6.31591572231936;12.4640460267913;5.27325024210401;10.6783315573892;5.00958763856311;4.87775656538191;4.86577163143367;5.35714295102772;2.71656758725852;7.52457987899236;2.11073909671547;4.73440233329653;5.35129613964441;6.0122917102225;2.02751275660765;5.32666868411054;9.92967166655457;5.850650241298;11.0697261106844;5.11998379470089;11.3031079195873;4.67366483365691;6.05682976190819;5.88408734571879;4.31201635043208;;;0.400000005960464;17.7999992370605;1.29999995231628;5.40000009536743;1.89999997615814;56.5;17.2000007629395;1,0;;0.600000023841858;;
156;CP0280;Conc;Autres coproduits de plantes;Coques de soja;88.8000030517578;1.08000004291534;1.07000005245209;38;95;-32;7.65544474174498;1.84849000338732;2.28953472485786;0.444000005722046;947;80;129;78;391;652;85;464;24;57;20;21;1.70000004768372;;5.59999990463257;3.09999990463257;2.5;330;4340;78;2880;56;55;67;70;71;46;43;1,0;0.11;13,0;0.3;269;8;48;24;0.100000001490116;0.200000002980232;;;;;7.7140167572375;3.1044214052649;6.02069623540764;4.42144855256204;5.1740357502043;1.41110065914663;4.32737526500096;7.52587018211535;4.60959557626101;11.006584961913;6.11476952296872;14.1110065914663;5.73847592414759;9.03104457739987;5.07996246264322;4.60959557626101;3.09936187636735;7.65544474174498;2.28953472485786;4.86268602007539;5.03115674698689;5.44630682420218;1.84849000338732;4.93269165776061;8.07127585303813;4.88118462904449;10.6191939747462;5.11656733361426;13.3302978288733;4.36761335909706;8.05850236278394;6.48644557576812;4.15486361347225;;;0.100000001490116;10.5;0.200000002980232;3.79999995231628;21.7000007629395;53.0999984741211;7.40000009536743;;;;;
157;CP0290;Conc;Autres coproduits de plantes;Coques de tournesol;90.6999969482422;0.150000005960464;0.0599999986588955;12;42;-18;7.66764007216109;2.51138066757306;2.28504513487578;0.391999989748001;967;17;57;36;552;804;49;617;221;21;35;46;0.899999976158142;0.600000023841858;4.09999990463257;2.29999995231628;2.59999990463257;253;4780;15;510;75;77;84;82;80;51;51;3.9;0.09;10.8;1,0;12;10;23;16;0.200000002980232;0.600000023841858;0.100000001490116;;;19.37;7.78588809903019;3.6496349920366;6.08272498672767;6.08272498672767;4.86617998938214;3.40632593455811;4.86617998938214;7.05596121664164;5.35279810433912;7.78588809903019;6.81265186911622;11.9221412060238;5.35279810433912;8.27250621398717;6.56934310168466;4.13625310699359;4.64037117579266;7.66764007216109;2.28504513487578;4.78966672847331;5.46451795406824;5.44292671612108;2.51138066757306;5.24157404576383;7.94079798567311;5.09476142662079;10.117831643393;5.11804405859713;12.7256405686145;4.061361210053;7.44538775827781;6.74722256280376;4.10609541670402;;;0.200000002980232;6.30000019073486;0.400000005960464;4.30000019073486;20.2999992370605;64.9000015258789;0.300000011920929;;;;;
158;CL0010;Conc;Produits laitiers;Poudre de lait écrémé;94.8000030517578;1.26999998092651;1.29999995231628;23;86;220;7.73671413943342;2.35763140909603;2.06727551395777;0.0379999987781048;915;94;358;80;0;0;;0;0;0;16;17;9.39999961853027;7.80000019073486;11.8999996185303;6.59999990463257;1.20000004768372;406;4380;92;3280;93;100;95;0;0;89;95;3.2;6.06;16.5;9.9;205;3;45;2;0.00999999977648258;0.100000001490116;0.899999976158142;300.000011920929;9.99999977648258;2.98;7.87269689836297;2.7638189426231;3.65717480785629;4.35510891116927;6.1418201091542;2.81965388388072;5.44388600584122;9.3523169843939;4.80178684378587;7.64935766581394;5.44388600584122;20.6030155817694;9.60357368757174;1.92629815176789;3.32216622527348;4.24343929489476;2.05086126421993;7.73671413943342;2.06727551395777;4.50395810017671;5.15806776051239;5.73663599750628;2.35763140909603;5.4455115589382;8.50857134717804;5.00437279442496;10.2020053195085;4.77137871297388;14.5939191761117;5.01584991405298;5.79399131908217;6.45247759034298;4.13989738069168;8.5;2.79999995231628;10.8000001907349;27.6000003814697;3.59999990463257;10.8000001907349;27.2000007629395;2.09999990463257;1.10000002384186;;;;;
159;CL0020;Conc;Produits laitiers;Poudre de lait entier;96,0;1.77999997138977;1.87000000476837;16;76;129;7.80433625234686;2.24859100839108;2.04719344774512;0.0379999987781048;935;94;254;78;0;0;;0;0;0;238;251;7.69999980926514;6.40000009536743;11,0;6,0;1,0;345;5540;94;4500;93;100;95;0;0;84;90;2.5;4.66;13.9;7.6;188;2;35;1;0.00999999977648258;0.200000002980232;0.699999988079071;10000;300.000011920929;8.94;8.17088373820332;2.90335959148912;3.73289090334315;4.72832831934745;6.18000811509201;2.36416415967373;5.7237661309031;9.62256353394788;4.93571114731096;7.71464135846306;5.43343025086446;20.9456656243144;8.29531311854034;2.03235175359752;3.40107829949127;3.81584395541829;2.23033251454051;7.80433625234686;2.04719344774512;4.5483167997095;5.2790271926712;5.74949631127433;2.24859100839108;5.53472683981456;8.48465642993066;5.05449332446826;10.3639628992811;4.72869682373322;14.3432920156234;4.50547510116187;6.02943766745472;6.56528761505673;4.1276771103814;8.5;2.79999995231628;10.8000001907349;27.6000003814697;3.59999990463257;10.8000001907349;27.2000007629395;2.09999990463257;1.10000002384186;;;;;
160;CL0030;Conc;Produits laitiers;Perméat de lactosérum déshydraté;97.6999969482422;1.07000005245209;1.10000002384186;4;68;-62;7.93139464389292;2.24114386272491;1.90365873839953;0.0379999987781048;913;93;56;64;0;0;;0;0;0;14;15;6.90000009536743;5.69999980926514;6.69999980926514;3.70000004768372;1.10000002384186;534;3740;87;2790;93;100;95;0;0;89;95;;6.48;27.8;16.4;;;4;;;;;;;;10.6598980640148;2.7918782516849;2.28426391408341;7.10659891105097;6.09137084097129;1.77664972776274;6.85279204481187;9.64466999393512;3.29949228672474;11.9289336054569;4.82233499696756;18.7817262553921;5.07614216576831;2.53807108288415;5.5837565033698;0.761421355121411;4.36893209431576;7.93139464389292;1.90365873839953;4.60396689902029;5.51361353593675;5.76369099381067;2.24114386272491;5.64312683331493;8.26545983192959;5.03492547103369;10.9188300776869;4.59054484081769;13.395697964301;3.76980929699229;6.61774116594494;6.89920603201476;4.12784086545479;9,0;1.20000004768372;9,0;29.2999992370605;5.09999990463257;11.6999998092651;22.2999992370605;3.5;0.600000023841858;;;;;
161;CL0040;Conc;Produits laitiers;Lactosérum acide écrémé déshydraté;97,0;1.03999996185303;1.07000005245209;6;68;-27;7.92220669580302;2.22587216653781;1.9000870092759;0.0379999987781048;883;93;91;71;0;0;;0;0;0;19;20;10.1999998092651;8.5;14.8000001907349;8.10000038146973;1.5;323;3680;87;2710;93;100;95;0;0;89;95;4.8;7.55;21.4;19.7;20;2;65;3;0.100000001490116;0.200000002980232;;500;;0.745;9.74212059047743;2.43553014761936;2.57879648624301;7.02005742403687;6.30372504777082;1.86246410997696;6.73352406364177;10.1719196063484;3.43839554270661;11.3180516816332;5.30085965268356;18.9111744601647;4.72779361504117;2.43553014761936;5.30085965268356;1.7191977713533;3.98899583150039;7.92220669580302;1.9000870092759;4.57609794156564;5.53128999968717;5.76991312592575;2.22587216653781;5.655802520252;8.34492706802991;4.99266552662583;10.8755496785328;4.63196077003986;13.516510103178;3.77479674541867;6.51262448233506;6.85754905252326;4.11664748207808;9,0;1.20000004768372;9,0;29.2999992370605;5.09999990463257;11.6999998092651;22.2999992370605;3.5;0.600000023841858;;;;;
162;CL0050;Conc;Produits laitiers;Lactosérum doux écrémé déshydraté;97,0;1.08000004291534;1.10000002384186;7;71;-9;7.91482326159085;2.22456691360798;1.90961949989341;0.0379999987781048;904;93;112;73;0;0;;0;0;0;14;15;8.30000019073486;6.90000009536743;10.6999998092651;5.90000009536743;1.5;391;3780;88;2800;93;100;95;0;0;89;95;4.8;6.93;21,0;15.9;88;2;20;0.600000023841858;0.100000001490116;0.300000011920929;;;;;9.50226207854489;2.48868785419774;2.71493225361649;7.01357449405143;6.33484156549945;1.92307699050299;6.67420829947971;10.2941181507712;3.50678724702572;11.0859731441804;5.42986450723298;19.0045241570898;4.52488690955797;2.37556551963622;5.20361983810995;1.92307699050299;3.91304352952762;7.91482326159085;1.90961949989341;4.56968339867468;5.53828308742667;5.77108252854013;2.22456691360798;5.65682047339617;8.37372222940402;4.98089552685499;10.8543160571336;4.64908436498482;13.5638433143165;3.76572910148492;6.4718906851779;6.84134306244182;4.11272882314633;9.5;1.20000004768372;10.1999998092651;32.0999984741211;3.29999995231628;9.60000038146973;24.7000007629395;2.5;0.899999976158142;;;;;
163;CG0010;Conc;Huiles et graisses;Huiles d'origine végétale;99.9000015258789;3.60999989509583;3.94000005722046;0;0;-14;0,0;0,0;0,0;0.24600000679493;1000;89;0;;0;0;;;;0;1000;1000;0,0;0,0;0,0;0,0;;;9380;100;8770;0;0;0;0;0;0;0;;;;;;;;;;;;;;;0,0;0,0;0,0;0,0;0,0;0,0;0,0;0,0;0,0;0,0;0,0;0,0;0,0;0,0;0,0;0,0;0,0;0,0;0,0;0,0;0,0;0,0;0,0;0,0;0,0;0,0;0,0;0,0;0,0;0,0;0,0;0,0;0,0;;;;;;;;;;;;;;
164;CG0020;Conc;Huiles et graisses;Huile de coprah;99.9000015258789;3.60999989509583;3.94000005722046;0;0;-14;0,0;0,0;0,0;0.25;1000;89;0;;0;0;;;;0;1000;1000;0;0;0;0;;;9380;100;8770;0;0;0;0;0;0;0;;;;;;;;;;;;18000;;31.29;0,0;0,0;0,0;0,0;0,0;0,0;0,0;0,0;0,0;0,0;0,0;0,0;0,0;0,0;0,0;0,0;0,0;0,0;0,0;0,0;0,0;0,0;0,0;0,0;0,0;0,0;0,0;0,0;0,0;0,0;0,0;0,0;0,0;13.1000003814697;46.4000015258789;17.7000007629395;8.89999961853027;0.400000005960464;3,0;6.5;1.79999995231628;0.100000001490116;0.5;;;;
165;CG0030;Conc;Huiles et graisses;Huile de palme;100,0;3.60999989509583;3.94000005722046;0;0;-14;0,0;0,0;0,0;0.24600000679493;1000;89;0;;0;0;;;;0;997;997;0,0;0,0;0,0;0,0;;;9380;100;8770;0;0;0;0;0;0;0;;;;;;;;;;;;145000;;141.55;0,0;0,0;0,0;0,0;0,0;0,0;0,0;0,0;0,0;0,0;0,0;0,0;0,0;0,0;0,0;0,0;0,0;0,0;0,0;0,0;0,0;0,0;0,0;0,0;0,0;0,0;0,0;0,0;0,0;0,0;0,0;0,0;0,0;;0.200000002980232;1,0;43.5;0.0900000035762787;4.40000009536743;39.7000007629395;10,0;0.300000011920929;0.400000005960464;;;0,0;
166;CG0040;Conc;Huiles et graisses;Huile de colza;99.9000015258789;3.60999989509583;3.94000005722046;0;0;-14;0,0;0,0;0,0;0.24600000679493;998;89;0;;0;0;;;;0;998;998;0,0;0,0;0,0;0,0;;;9380;100;8770;0;0;0;0;0;0;0;;;;;;;;;;;;18000;;326.31;0,0;0,0;0,0;0,0;0,0;0,0;0,0;0,0;0,0;0,0;0,0;0,0;0,0;0,0;0,0;0,0;0,0;0,0;0,0;0,0;0,0;0,0;0,0;0,0;0,0;0,0;0,0;0,0;0,0;0,0;0,0;0,0;0,0;;0.0199999995529652;0.0299999993294477;4.80000019073486;0.200000002980232;1.60000002384186;59.9000015258789;20.3999996185303;9.19999980926514;;;;0.5;
167;CG0050;Conc;Huiles et graisses;Huile de soja;99.8000030517578;3.60999989509583;3.94000005722046;0;0;-14;0,0;0,0;0,0;0.24600000679493;1000;89;0;;0;0;;;;0;1000;1000;0,0;0,0;0,0;0,0;;;9380;100;8770;0;0;0;0;0;0;0;;;;;;;;;;;;19000;;253.3;0,0;0,0;0,0;0,0;0,0;0,0;0,0;0,0;0,0;0,0;0,0;0,0;0,0;0,0;0,0;0,0;0,0;0,0;0,0;0,0;0,0;0,0;0,0;0,0;0,0;0,0;0,0;0,0;0,0;0,0;0,0;0,0;0,0;;0,0;0.100000001490116;10.5;0.200000002980232;3.79999995231628;21.7000007629395;53.0999984741211;7.40000009536743;0.300000011920929;0.200000002980232;;0.300000011920929;
168;CG0060;Conc;Huiles et graisses;Huile de tournesol;99.3000030517578;3.61999988555908;3.94000005722046;0;0;-14;0,0;0,0;0,0;0.24600000679493;999;89;0;;0;0;;;;0;1000;1000;0,0;0,0;0,0;0,0;;;9380;100;8770;0;0;0;0;0;0;0;;;;;;;;;;;;300.000011920929;;931.25;0,0;0,0;0,0;0,0;0,0;0,0;0,0;0,0;0,0;0,0;0,0;0,0;0,0;0,0;0,0;0,0;0,0;0,0;0,0;0,0;0,0;0,0;0,0;0,0;0,0;0,0;0,0;0,0;0,0;0,0;0,0;0,0;0,0;;0.200000002980232;0.200000002980232;6.30000019073486;0.400000005960464;4.30000019073486;20.2999992370605;64.9000015258789;0.300000011920929;;;;;
169;CG0070;Conc;Huiles et graisses;Saindoux;100,0;3.61078181977215;3.93810552880501;0;46.2366300352;-86.44473443;7.81922560598519;2.28998597221594;1.8595860446174;0.24593808;1000;88.63;0;;0;0;;0;0;0;1000;1000;0,0;0,0;0,0;0,0;0,0;0;9373;99.59;8761.995775;0;0;84.74119;0;0;;;;;;;;;;;;;;27.0541086792946;;28.3844988632201;0,0;0,0;0,0;0,0;0,0;0,0;0,0;0,0;0,0;0,0;0,0;0,0;0,0;0,0;0,0;0,0;0,0;0,0;0,0;0,0;0,0;0,0;0,0;0,0;0,0;0,0;0,0;0,0;0,0;0,0;0,0;0,0;0,0;;;1.4;24.4;2.9;14.4;42.3;9.2;0.9;;;;;
170;CG0080;Conc;Huiles et graisses;Suif;100;3.61078181977215;3.93810552880501;0;46.2366300352;-86.44473443;7.81922560598519;2.28998597221594;1.8595860446174;0.24593808;1000;88.63;0;;0;0;;0;0;0;1000;1000;0,0;0,0;0,0;0,0;0,0;0;9373;99.59;8761.995775;0;0;84.74119;0;0;;;;;;;;;;;;;;0;;28.31;0,0;0,0;0,0;0,0;0,0;0,0;0,0;0,0;0,0;0,0;0,0;0,0;0,0;0,0;0,0;0,0;0,0;0,0;0,0;0,0;0,0;0,0;0,0;0,0;0,0;0,0;0,0;0,0;0,0;0,0;0,0;0,0;0,0;;;3.3;25.3;3.4;19.2;37.5;2.8;0.6;;;;;
171;CV0010;Conc;Produits divers;Levure de brasserie déshydratée;92.8000030517578;1.17999994754791;1.16999995708466;87;143;278;7.5;1.79999995231628;2.20000004768372;0.148000001907349;930;84;476;79;21;88;68;25;7;10;32;40;13.5;;3,0;1.60000002384186;2.40000009536743;538;4740;84;3150;80;84;90;82;80;77;81;4.6;1.81;22,0;3.7;253;20;103;34;0.600000023841858;0.0599999986588955;1,00;;;2.98;7.20276289000256;2.46669955541381;5.20473615602025;5.08140117824956;5.55007399968107;1.75135666081952;5.03206699894704;6.98075955362683;4.07005426643278;9.29945751210429;4.8840649315251;16.7735569768139;10.458806491343;4.51405999821302;7.59743444248028;3.13270838832697;1.93517174604608;7.37058404717776;2.20195295381917;4.76462379000297;5.14076029491217;5.48570052102176;1.83878477443118;5.05974690238423;7.80641676379297;4.5217349888052;9.94472492113351;4.74033857483071;14.7723215990716;7.17292663663042;6.09680245612413;6.90368570371779;3.95204233154299;;;;;;;;;;;;;;
172;CV0020;Conc;Produits divers;Urée;99.4000015258789;0.259999990463257;0.200000002980232;0;71;2557;7.81922560598519;2.28998597221594;1.8595860446174;0.225999996066093;1000;99;2870;100;;0;;0;;0;0;0;0,0;0,0;0,0;0,0;;;2530;100;810;93;100;0;0;0;0;0;;;;;;;;;;;;;;;0,0;0,0;0,0;0,0;0,0;0,0;0,0;0,0;0,0;0,0;0,0;0,0;0,0;0,0;0,0;0,0;0,0;7.81922560598519;1.8595860446174;4.69133963829434;5.47521945186057;5.78681412431935;2.28998597221594;5.60498532361947;8.19619252756535;5.14737957976982;10.9597358553177;4.5930855393155;13.1907106505573;3.71339819298007;6.82102659245516;6.97330087334269;4.19801402778406;;;;;;;;;;;;;;
;;;;;;;;;;;;;;;;;;;;;;;;;;;;;;;;;;;;;;;;;;;;;;;;;;;;;;;;;;;;;;;;;;;;;;;;;;;;;;;;;;;;;;;;;;;;;;;;;;;;;;;