1;FV0010;Fourrage;FOURRAGES VERTS;Prairies Permanentes, Plaine (Normandie) 1er cycle 15-25 avril, déprimage, ST = 172°C ;15.5;1.07;1.05;53;107;59;6.65;2.12;2.64;3.4;0.8;0.9;0.84;870;80;215;79;215;82;499;81;256;81;23;33;4.1;2.9;6.5;2.3;2;601;4386;77;2863;74;78;94;2.8;2.7;25;5.6;426;6;50;90;0.1;0.02;0.1;25000;30;20;5.4;3.68;5.21;5.14;6.85;2.18;5.05;9.19;5.83;9.15;4.94;13.28;6.21;6.05;7.5;4.33;3.12;6.65;2.64;4.73;5.21;5.98;2.12;5.15;8.75;5.32;10.05;4.72;13.1;4.73;6.94;6.87;4.13;1;15.7;1.4;2.3;4;16.3;54.5
2;FV0020;Fourrage;FOURRAGES VERTS;Prairies Permanentes, Plaine (Normandie) 1er cycle 1-10 mai, pâturage, ST = 298°C ;16.6;1.02;0.99;41;95;26;6.8;2.14;2.54;2.8;0.95;0.98;0.96;889;77;172;73;244;78;525;77;280;77;20;30;4;2.8;6;2.1;1.9;538;4399;74;2763;73;75;88;3;3.2;24;7.7;350;6;50;100;0.1;0.02;0.1;25000;30;20;5.4;3.68;5.21;5.14;6.85;2.18;5.05;9.19;5.83;9.15;4.94;13.28;6.21;6.05;7.5;4.33;3.12;6.8;2.54;4.73;5.24;5.96;2.14;5.21;8.68;5.3;10.17;4.7;13.11;4.6;6.93;6.88;4.14;1;16.4;1.4;2.4;4.2;16.9;52.8
3;FV0030;Fourrage;FOURRAGES VERTS;Prairies Permanentes, Plaine (Normandie) 1er cycle 15-25 mai, début épiaison, ST = 470°C ;17.2;0.94;0.9;32;85;-3;7.15;2.04;2.03;2.6;1.05;1.02;1.04;906;72;133;65;272;73;550;70;303;70;16;25;3.8;2.7;5.6;2;1.9;474;4410;69;2590;71;71;83;3.6;3.1;22;8;249;6;35;90;0.1;0.02;0.1;25000;30;20;6.06;2.34;6.02;5.17;6.68;1.85;5.31;9.12;5.61;10.69;4.98;13.55;5.87;5.72;7.25;3.78;3.12;7.15;2.03;4.87;5.28;5.89;2.04;5.36;8.61;5.22;10.61;4.71;13.21;4.39;6.8;6.87;4.1;1;17.5;1.4;2.5;4.4;17.7;50
4;FV0040;Fourrage;FOURRAGES VERTS;Prairies Permanentes, Plaine (Normandie) 1er cycle 1-10 juin, épiaison, ST = 685°C ;20.2;0.84;0.78;25;77;-17;7.23;2.07;2.01;2.1;1.28;1.11;1.2;921;66;109;61;313;65;587;63;336;63;13;23;3.6;2.5;5.2;1.8;1.9;474;4438;63;2369;71;69;80;3.6;3.1;22;8;249;6;35;90;0.1;0.02;0.1;25000;30;20;6.06;2.34;6.02;5.17;6.68;1.85;5.31;9.12;5.61;10.69;4.98;13.55;5.87;5.72;7.25;3.78;3.12;7.23;2.01;4.85;5.3;5.88;2.07;5.39;8.56;5.21;10.65;4.69;13.21;4.31;6.81;6.88;4.11;1;18.2;1.4;2.6;4.5;18.1;48
5;FV0050;Fourrage;FOURRAGES VERTS;Prairies Permanentes, Plaine (Normandie) 1er cycle 15-25 juin, floraison, ST = 903°C ;19.2;0.74;0.66;21;70;-26;7.28;2.09;1.99;1.9;1.44;1.16;1.31;922;60;92;52;335;61;606;56;354;55;11;21;3.6;2.5;4.7;1.7;1.9;474;4413;57;2127;70;67;77;3.6;3.1;22;8;249;6;35;90;0.1;0.02;0.1;25000;30;20;6.06;2.34;6.02;5.17;6.68;1.85;5.31;9.12;5.61;10.69;4.98;13.55;5.87;5.72;7.25;3.78;3.12;7.28;1.99;4.84;5.32;5.87;2.09;5.41;8.53;5.21;10.68;4.69;13.21;4.26;6.81;6.89;4.12;1;18.8;1.4;2.6;4.6;18.5;46.6
6;FV0060;Fourrage;FOURRAGES VERTS;Prairies Permanentes, Plaine (Normandie) 1er cycle 1-10 juillet, fin floraison, ST = 1142°C ;22.7;0.64;0.54;21;67;-19;7.26;2.08;2;1.7;1.58;1.2;1.39;914;54;95;54;335;57;606;47;354;46;12;21;3.6;2.5;4.7;1.7;1.9;474;4381;52;1875;71;67;77;3.6;3.1;22;8;249;6;35;90;0.1;0.02;0.1;25000;30;20;6.06;2.34;6.02;5.17;6.68;1.85;5.31;9.12;5.61;10.69;4.98;13.55;5.87;5.72;7.25;3.78;3.12;7.26;2;4.84;5.31;5.88;2.08;5.4;8.55;5.21;10.67;4.69;13.21;4.28;6.81;6.88;4.11;1;18.7;1.4;2.6;4.6;18.4;46.9
7;FV0070;Fourrage;FOURRAGES VERTS;Prairies Permanentes, Plaine (Normandie) 2e cycle après déprimage Repousses à tiges de 5 semaines ;17.1;0.94;0.9;40;93;8;6.79;2.14;2.54;2.7;0.99;1;0.99;902;72;153;68;261;70;540;70;294;69;18;28;3.8;2.7;6;2.1;2.2;411;4426;69;2593;69;69;83;4;3.1;20;8.4;161;7;40;110;0.1;0.02;0.1;25000;30;20;5.4;3.68;5.21;5.14;6.85;2.18;5.05;9.19;5.83;9.15;4.94;13.28;6.21;6.05;7.5;4.33;3.12;6.79;2.54;4.73;5.24;5.96;2.14;5.21;8.69;5.3;10.16;4.7;13.11;4.6;6.93;6.88;4.14;1;16.9;1.4;2.4;4.3;17.3;51.4
8;FV0080;Fourrage;FOURRAGES VERTS;Prairies Permanentes, Plaine (Normandie) 2e cycle après déprimage Repousses à tiges de 7 semaines ;19;0.88;0.82;28;80;-22;7.2;2.06;2.01;2.2;1.21;1.08;1.15;921;68;110;61;318;67;591;66;340;66;13;23;3.6;2.5;5.6;2;2.2;411;4439;65;2452;67;65;77;4;3.1;20;8.4;161;7;40;110;0.1;0.02;0.1;25000;30;20;6.06;2.34;6.02;5.17;6.68;1.85;5.31;9.12;5.61;10.69;4.98;13.55;5.87;5.72;7.25;3.78;3.12;7.2;2.01;4.86;5.3;5.89;2.06;5.38;8.58;5.22;10.64;4.7;13.21;4.34;6.81;6.87;4.1;1;18.2;1.4;2.6;4.5;18.1;48.1
9;FV0090;Fourrage;FOURRAGES VERTS;Prairies Permanentes, Plaine (Normandie) 2e cycle après déprimage Repousses à tiges de 9 semaines ;22.1;0.79;0.71;26;76;-21;7.2;2.06;2.01;2.1;1.28;1.11;1.2;913;63;105;59;310;64;584;59;334;58;13;22;3.6;2.5;5.2;1.8;2.2;411;4394;60;2234;67;64;76;4;3.1;20;8.4;161;7;35;110;0.1;0.02;0.1;25000;30;20;6.06;2.34;6.02;5.17;6.68;1.85;5.31;9.12;5.61;10.69;4.98;13.55;5.87;5.72;7.25;3.78;3.12;7.2;2.01;4.86;5.3;5.89;2.06;5.38;8.58;5.22;10.64;4.7;13.21;4.33;6.81;6.87;4.11;1;18.4;1.4;2.6;4.6;18.2;47.7
10;FV0100;Fourrage;FOURRAGES VERTS;Prairies Permanentes, Plaine (Normandie) 2e cycle après coupe épiaison Repousses feuillues de 5 semaines ;18.4;0.98;0.94;56;108;57;6.6;2.11;2.67;3;0.9;0.95;0.92;897;74;215;77;267;76;545;73;299;73;23;33;4;2.8;6.9;2.4;2.2;411;4511;71;2692;71;73;91;4;3.1;20;8.4;161;7;40;110;0.1;0.02;0.1;25000;30;20;5.4;3.68;5.21;5.14;6.85;2.18;5.05;9.19;5.83;9.15;4.94;13.28;6.21;6.05;7.5;4.33;3.12;6.6;2.67;4.73;5.19;5.99;2.11;5.13;8.78;5.33;10.01;4.73;13.1;4.77;6.95;6.87;4.12;1;15.7;1.4;2.3;4;16.3;54.5
11;FV0110;Fourrage;FOURRAGES VERTS;Prairies Permanentes, Plaine (Normandie) 2e cycle après coupe épiaison Repousses feuillues de 7 semaines ;18.8;0.94;0.89;40;93;11;6.8;2.14;2.54;2.6;1.04;1.02;1.03;903;72;155;70;272;70;550;70;303;70;18;28;3.8;2.7;6.9;2.4;2.2;411;4434;69;2591;69;69;83;4;3.1;20;8.4;161;7;35;110;0.1;0.02;0.1;25000;30;20;5.4;3.68;5.21;5.14;6.85;2.18;5.05;9.19;5.83;9.15;4.94;13.28;6.21;6.05;7.5;4.33;3.12;6.8;2.54;4.73;5.24;5.96;2.14;5.21;8.68;5.3;10.17;4.7;13.11;4.6;6.93;6.88;4.14;1;16.8;1.4;2.4;4.3;17.2;51.6
12;FV0120;Fourrage;FOURRAGES VERTS;Prairies Permanentes, Plaine (Normandie) 2e cycle après coupe épiaison Repousses feuillues de 9 semaines ;19.8;0.9;0.85;33;85;-9;7.13;2.03;2.03;2.5;1.09;1.04;1.07;902;70;128;63;272;69;550;67;303;66;15;25;3.8;2.7;6.5;2.3;2.2;411;4383;67;2497;68;66;80;4;3.1;20;8.4;161;7;35;110;0.1;0.02;0.1;25000;30;20;6.06;2.34;6.02;5.17;6.68;1.85;5.31;9.12;5.61;10.69;4.98;13.55;5.87;5.72;7.25;3.78;3.12;7.13;2.03;4.88;5.28;5.9;2.03;5.36;8.62;5.23;10.6;4.71;13.21;4.41;6.8;6.86;4.09;1;17.6;1.4;2.5;4.4;17.8;49.6
13;FV0130;Fourrage;FOURRAGES VERTS;Prairies Permanentes, Plaine (Normandie) 3e cycle Repousses feuillues de 6 semaines ;15.7;0.96;0.91;52;104;47;6.64;2.12;2.65;2.9;0.94;0.97;0.95;895;73;201;76;269;74;547;72;300;71;23;33;4;2.8;6;2.1;2.4;559;4477;70;2637;71;73;89;3.5;2.9;25;7.4;340;7;40;130;0.1;0.02;0.1;25000;30;20;5.4;3.68;5.21;5.14;6.85;2.18;5.05;9.19;5.83;9.15;4.94;13.28;6.21;6.05;7.5;4.33;3.12;6.64;2.65;4.73;5.2;5.98;2.12;5.15;8.76;5.33;10.04;4.72;13.1;4.74;6.95;6.87;4.13;1;15.7;1.4;2.3;4;16.3;54.5
14;FV0140;Fourrage;FOURRAGES VERTS;Prairies Permanentes, Plaine (Normandie) 3e cycle Repousses feuillues de 8 semaines ;16.9;0.95;0.91;44;97;30;6.73;2.13;2.58;2.5;1.09;1.04;1.07;876;74;178;72;248;71;528;72;283;71;21;30;4;2.8;5.6;2;2.4;559;4350;71;2599;71;71;86;3.5;2.9;25;7.4;340;7;40;130;0.1;0.02;0.1;25000;30;20;5.4;3.68;5.21;5.14;6.85;2.18;5.05;9.19;5.83;9.15;4.94;13.28;6.21;6.05;7.5;4.33;3.12;6.73;2.58;4.73;5.22;5.97;2.13;5.19;8.72;5.31;10.12;4.71;13.11;4.66;6.94;6.88;4.13;1;16.2;1.4;2.4;4.2;16.8;53.1
15;FV0150;Fourrage;FOURRAGES VERTS;Prairies Permanentes, Demi-Montagne (Auvergne) 1er cycle 1-10 mai, déprimage ;14;1.08;1.07;51;107;54;6.68;2.13;2.62;3.3;0.83;0.92;0.87;892;81;210;79;180;82;467;81;228;81;23;33;3;2.1;5.1;1.8;2.3;488;4396;77;2901;74;78;93;1.7;0.5;23;4.4;381;6;50;100;0.1;0.02;0.1;25000;30;20;5.4;3.68;5.21;5.14;6.85;2.18;5.05;9.19;5.83;9.15;4.94;13.28;6.21;6.05;7.5;4.33;3.12;6.68;2.62;4.73;5.21;5.97;2.13;5.17;8.74;5.32;10.08;4.72;13.1;4.7;6.94;6.87;4.13;1;15.7;1.4;2.3;4;16.3;54.5
16;FV0160;Fourrage;FOURRAGES VERTS;Prairies Permanentes, Demi-Montagne (Auvergne) 1er cycle 15-25 mai, pâturage ;16.7;1.05;1.03;40;96;18;6.82;2.15;2.52;3;0.91;0.96;0.93;905;79;166;73;224;78;485;79;247;78;19;29;2.7;1.9;5.1;1.8;2.3;368;4379;76;2829;72;74;87;1.9;0.5;19;5;249;5;40;95;0.1;0.02;0.1;25000;30;20;5.4;3.68;5.21;5.14;6.85;2.18;5.05;9.19;5.83;9.15;4.94;13.28;6.21;6.05;7.5;4.33;3.12;6.82;2.52;4.73;5.25;5.95;2.15;5.22;8.67;5.3;10.19;4.7;13.11;4.58;6.93;6.89;4.14;1;16.5;1.4;2.4;4.2;17;52.4
17;FV0170;Fourrage;FOURRAGES VERTS;Prairies Permanentes, Demi-Montagne (Auvergne) 1er cycle 1-10 juin, début épiaison ;16.2;0.95;0.9;34;88;10;7.13;2.03;2.03;2.4;1.12;1.05;1.09;917;73;149;69;262;73;530;71;287;70;17;27;2.4;1.7;4.8;1.7;2.2;311;4403;70;2601;73;73;85;2;0.5;17;5.2;186;4;30;125;0.1;0.02;0.1;25000;30;20;6.06;2.34;6.02;5.17;6.68;1.85;5.31;9.12;5.61;10.69;4.98;13.55;5.87;5.72;7.25;3.78;3.12;7.13;2.03;4.88;5.27;5.9;2.03;5.35;8.63;5.23;10.6;4.71;13.21;4.41;6.8;6.86;4.09;1;17;1.4;2.5;4.3;17.3;51.2
18;FV0180;Fourrage;FOURRAGES VERTS;Prairies Permanentes, Demi-Montagne (Auvergne) 1er cycle 15-25 juin, épiaison ;20.4;0.83;0.77;26;78;-16;7.22;2.07;2.01;2.3;1.2;1.08;1.14;928;66;111;63;304;65;583;63;331;62;13;23;1.8;1.2;4.5;1.6;2.2;311;4387;63;2342;70;69;80;2;0.5;17;5.2;186;4;30;125;0.1;0.02;0.1;25000;30;20;6.06;2.34;6.02;5.17;6.68;1.85;5.31;9.12;5.61;10.69;4.98;13.55;5.87;5.72;7.25;3.78;3.12;7.22;2.01;4.85;5.3;5.88;2.07;5.39;8.57;5.22;10.65;4.7;13.21;4.32;6.81;6.88;4.11;1;18.2;1.4;2.6;4.5;18.1;48.2
19;FV0190;Fourrage;FOURRAGES VERTS;Prairies Permanentes, Demi-Montagne (Auvergne) 1er cycle 1-10 juillet, floraison ;21.7;0.71;0.62;21;70;-25;7.27;2.09;2;1.9;1.39;1.14;1.27;917;59;92;58;323;55;595;54;344;52;11;21;1.5;1;3.5;1.2;2.2;311;4304;56;2036;70;67;77;2;0.5;17;5.2;186;4;30;125;0.1;0.02;0.1;25000;30;20;6.06;2.34;6.02;5.17;6.68;1.85;5.31;9.12;5.61;10.69;4.98;13.55;5.87;5.72;7.25;3.78;3.12;7.27;2;4.84;5.32;5.88;2.09;5.41;8.54;5.21;10.68;4.69;13.21;4.26;6.81;6.88;4.12;1;18.8;1.4;2.6;4.6;18.5;46.6
20;FV0200;Fourrage;FOURRAGES VERTS;Prairies Permanentes, Demi-Montagne (Auvergne) 2e cycle après coupe épiaison Repousses feuillues de 6 semaines ;18.5;0.96;0.92;52;105;54;6.65;2.12;2.64;2.6;1.04;1.02;1.03;905;74;209;76;229;73;512;71;263;69;23;33;2.4;1.7;7;2.5;2.2;234;4453;71;2640;72;73;90;2.3;0.5;14;5.2;91;6;45;150;0.1;0.02;0.1;25000;30;20;5.4;3.68;5.21;5.14;6.85;2.18;5.05;9.19;5.83;9.15;4.94;13.28;6.21;6.05;7.5;4.33;3.12;6.65;2.64;4.73;5.2;5.98;2.12;5.15;8.76;5.33;10.05;4.72;13.1;4.73;6.94;6.87;4.13;1;15.7;1.4;2.3;4;16.3;54.5
21;FV0210;Fourrage;FOURRAGES VERTS;Prairies Permanentes, Demi-Montagne (Auvergne) 2e cycle après coupe épiaison Repousses feuillues de 8 semaines ;19.7;0.92;0.87;42;95;24;6.76;2.14;2.57;2.5;1.1;1.04;1.07;899;72;170;71;244;73;520;68;277;67;20;29;2.1;1.4;6.4;2.2;2.2;234;4358;69;2526;71;70;85;2.3;0.5;14;5.2;91;6;45;150;0.1;0.02;0.1;25000;30;20;5.4;3.68;5.21;5.14;6.85;2.18;5.05;9.19;5.83;9.15;4.94;13.28;6.21;6.05;7.5;4.33;3.12;6.76;2.57;4.73;5.23;5.96;2.14;5.19;8.7;5.31;10.14;4.71;13.11;4.63;6.93;6.88;4.13;1;16.4;1.4;2.4;4.2;16.9;52.6
22;FV0220;Fourrage;FOURRAGES VERTS;Prairies Permanentes, Demi-Montagne (Auvergne) 3e cycle Repousses feuillues de 7 semaines ;19.6;0.93;0.89;44;97;31;6.73;2.13;2.58;2.5;1.1;1.04;1.07;895;73;179;74;230;73;549;72;278;69;21;30;2.7;1.9;7;2.5;3.1;203;4356;70;2557;71;71;86;2.6;0.9;11;4.2;40;7;45;150;0.1;0.02;0.1;25000;30;20;5.4;3.68;5.21;5.14;6.85;2.18;5.05;9.19;5.83;9.15;4.94;13.28;6.21;6.05;7.5;4.33;3.12;6.73;2.58;4.73;5.22;5.97;2.13;5.19;8.71;5.31;10.12;4.71;13.11;4.66;6.94;6.88;4.13;1;16.2;1.4;2.4;4.2;16.8;53.2
23;FV0230;Fourrage;FOURRAGES VERTS;Prairies Permanentes, Montagne (Alpes Nord) À base de graminées 1er cycle Épiaison du dactyle;21;0.81;0.74;28;79;-10;7.18;2.06;2.02;2.4;1.15;0.94;1.11;920;65;118;62;307;;581;61;331;61;14;24;1.8;1.2;4.8;1.7;2.3;368;4363;62;2286;71;70;81;1.9;0.5;19;5;249;5;40;95;0.1;0.02;0.1;25000;30;20;6.06;2.34;6.02;5.17;6.68;1.85;5.31;9.12;5.61;10.69;4.98;13.55;5.87;5.72;7.25;3.78;3.12;7.18;2.02;4.86;5.29;5.89;2.06;5.38;8.59;5.22;10.63;4.7;13.21;4.35;6.81;6.87;4.1;1;17.9;1.4;2.5;4.5;18;48.8
24;FV0240;Fourrage;FOURRAGES VERTS;Prairies Permanentes, Montagne (Alpes Nord) À base de graminées 1er cycle Fructification du dactyle;30;0.66;0.57;20;66;-38;7.28;2.09;1.99;2.8;0.96;1.02;0.97;930;54;75;44;375;;643;50;387;50;10;19;1.2;0.8;4.5;1.6;2.3;368;4334;52;1925;66;65;77;1.9;0.5;19;5;249;5;40;95;0.1;0.02;0.1;25000;30;20;6.06;2.34;6.02;5.17;6.68;1.85;5.31;9.12;5.61;10.69;4.98;13.55;5.87;5.72;7.25;3.78;3.12;7.28;1.99;4.84;5.32;5.87;2.09;5.41;8.53;5.21;10.68;4.69;13.21;4.25;6.81;6.89;4.12;1;19.4;1.4;2.7;4.7;18.8;45.1
25;FV0250;Fourrage;FOURRAGES VERTS;Prairies Permanentes, Montagne (Alpes Nord) À base de graminées 2e cycle Repousses feuillues de 6 semaines;26;0.83;0.77;36;87;6;7.08;2.02;2.04;2.3;1.16;0.94;1.12;900;67;144;67;258;;537;61;291;59;17;27;2.1;1.4;7;2.5;3.1;186;4318;64;2324;69;68;81;2.6;0.5;11;4.2;23;7;45;150;0.1;0.02;0.1;25000;30;20;6.06;2.34;6.02;5.17;6.68;1.85;5.31;9.12;5.61;10.69;4.98;13.55;5.87;5.72;7.25;3.78;3.12;7.08;2.04;4.89;5.26;5.91;2.02;5.34;8.66;5.23;10.58;4.72;13.22;4.46;6.8;6.85;4.09;1;17.1;1.4;2.5;4.4;17.4;50.8
26;FV0260;Fourrage;FOURRAGES VERTS;Prairies Permanentes, Montagne (Alpes Nord) À base de dicotylédones 1er cycle Épiaison du dactyle;18;0.82;0.75;30;81;-3;7.16;2.05;2.02;2.3;1.15;0.94;1.11;910;66;127;65;252;;532;59;287;56;15;25;2.1;1.4;7.7;2.7;2.3;368;4334;63;2304;71;71;82;1.9;0.5;19;5;249;5;40;95;0.1;0.02;0.1;25000;30;20;6.06;2.34;6.02;5.17;6.68;1.85;5.31;9.12;5.61;10.69;4.98;13.55;5.87;5.72;7.25;3.78;3.12;7.16;2.02;4.87;5.28;5.89;2.05;5.37;8.6;5.22;10.62;4.71;13.21;4.38;6.8;6.87;4.1;1;17.6;1.4;2.5;4.4;17.8;49.5
27;FV0270;Fourrage;FOURRAGES VERTS;Prairies Permanentes, Montagne (Alpes Nord) À base de dicotylédones 1er cycle Fructification du dactyle;22;0.73;0.65;21;70;-34;7.28;2.09;1.99;2.5;1.06;0.97;1.04;920;60;84;50;313;;587;54;336;53;11;20;1.8;1.2;9;3.1;2.3;311;4304;57;2089;67;66;78;1.9;0.5;17;5.2;192;5;40;95;0.1;0.02;0.1;25000;30;20;6.06;2.34;6.02;5.17;6.68;1.85;5.31;9.12;5.61;10.69;4.98;13.55;5.87;5.72;7.25;3.78;3.12;7.28;1.99;4.84;5.32;5.87;2.09;5.41;8.53;5.21;10.68;4.69;13.21;4.26;6.81;6.89;4.12;1;19.1;1.4;2.6;4.7;18.6;45.9
28;FV0280;Fourrage;FOURRAGES VERTS;Prairies Permanentes, Montagne (Alpes Nord) À base de dicotylédones 2e cycle Repousses feuillues de 6 semaines;22;0.82;0.76;37;87;9;7.07;2.01;2.05;2.4;1.14;0.94;1.11;890;67;147;68;179;;466;56;227;47;17;27;2.4;1.7;11.8;4.1;3.1;186;4278;64;2302;69;68;82;2.6;0.5;11;4.2;23;7;45;150;0.1;0.02;0.1;25000;30;20;6.06;2.34;6.02;5.17;6.68;1.85;5.31;9.12;5.61;10.69;4.98;13.55;5.87;5.72;7.25;3.78;3.12;7.07;2.05;4.89;5.26;5.91;2.01;5.33;8.66;5.23;10.57;4.72;13.22;4.47;6.8;6.85;4.08;1;17.1;1.4;2.5;4.3;17.4;51
29;FV0290;Fourrage;FOURRAGES VERTS;Graminées Fourragères, Ray-Grass D'italie, Alternatif Année de semis 1er cycle Épi à 10 cm du sol;12.3;1.04;1.04;44;99;81;7.43;2.18;2.1;2.8;0.95;0.98;0.96;839;83;228;82;207;87;498;86;249;88;30;45;3;1.8;4.3;1.7;1.4;709;4138;79;2775;79;83;94;1.8;0.2;35;7;596;6;25;60;0.06;0.08;0.1;80000;30;30;7.07;2.44;6.24;5.08;6.66;2.26;4.9;9.7;5.84;10.8;4.83;12.1;4.9;5.74;7.45;3.99;3.12;7.43;2.1;4.96;5.22;5.91;2.18;5.14;8.91;5.33;10.59;4.67;12.73;4.15;6.82;6.89;4.11;1;15.8;1.4;1.5;2.5;13.1;61.5
30;FV0300;Fourrage;FOURRAGES VERTS;Graminées Fourragères, Ray-Grass D'italie, Alternatif Année de semis 1er cycle Début épiaison;12.1;0.92;0.89;39;91;67;7.44;2.18;2.09;2.5;1.06;1.03;1.05;844;76;206;77;244;78;536;76;283;75;29;44;2.7;1.6;4.3;1.7;1.2;567;4122;73;2513;79;82;90;1.8;0.2;30;7.5;454;6;25;60;0.06;0.08;0.1;80000;30;30;7.07;2.44;6.24;5.08;6.66;2.26;4.9;9.7;5.84;10.8;4.83;12.1;4.9;5.74;7.45;3.99;3.12;7.44;2.09;4.94;5.23;5.91;2.18;5.16;8.88;5.32;10.6;4.67;12.75;4.13;6.82;6.89;4.11;1;16;1.4;1.6;2.5;13.4;60.9
31;FV0310;Fourrage;FOURRAGES VERTS;Graminées Fourragères, Ray-Grass D'italie, Alternatif Année de semis 1er cycle Début floraison;18.3;0.86;0.82;23;76;-14;7.59;2.23;2.08;2.4;1.12;1.05;1.09;879;71;112;71;292;73;577;70;343;72;19;33;2.3;1.4;4.3;1.7;1.4;553;4115;68;2379;73;74;78;1.8;0.2;30;8;440;5;25;60;0.06;0.08;0.1;80000;30;30;7.24;2.64;6.54;5.16;6.59;2.33;5.29;9.25;5.93;9.39;4.67;12.14;5.23;6.03;7.36;4.21;3.12;7.59;2.08;4.91;5.31;5.85;2.23;5.4;8.57;5.29;10.44;4.6;12.87;4.1;6.9;6.9;4.15;1;18;1.4;1.8;3.1;15.2;55.6
32;FV0320;Fourrage;FOURRAGES VERTS;Graminées Fourragères, Ray-Grass D'italie, Alternatif Année de semis 2e cycle après coupe épiaison Repousses à tiges de 5 semaines;16.4;0.83;0.78;35;85;28;7.46;2.19;2.08;2.4;1.12;1.05;1.09;856;70;164;74;268;69;558;67;298;65;25;39;4.1;2.4;5.7;2.3;1.4;439;4102;67;2306;74;74;82;1.8;0.2;25;7.5;326;6;25;60;0.06;0.08;0.1;80000;30;30;7.07;2.44;6.24;5.08;6.66;2.26;4.9;9.7;5.84;10.8;4.83;12.1;4.9;5.74;7.45;3.99;3.12;7.46;2.08;4.93;5.24;5.9;2.19;5.18;8.85;5.31;10.62;4.66;12.77;4.12;6.82;6.89;4.11;1;16.8;1.4;1.7;2.8;14.2;58.8
33;FV0330;Fourrage;FOURRAGES VERTS;Graminées Fourragères, Ray-Grass D'italie, Alternatif Année de semis 2e cycle après coupe épiaison Repousses à tiges de 6 semaines;16.5;0.75;0.69;28;77;9;7.5;2.2;2.05;2;1.33;1.12;1.23;865;65;136;68;284;65;607;63;337;61;22;36;3.7;2.2;5.2;2.1;1.4;439;4094;62;2123;73;72;77;1.8;0.2;25;7.5;326;6;25;60;0.06;0.08;0.1;80000;30;30;7.07;2.44;6.24;5.08;6.66;2.26;4.9;9.7;5.84;10.8;4.83;12.1;4.9;5.74;7.45;3.99;3.12;7.5;2.05;4.91;5.27;5.89;2.2;5.22;8.78;5.29;10.65;4.66;12.82;4.07;6.82;6.9;4.12;1;17.4;1.4;1.8;2.9;14.8;57.2
34;FV0340;Fourrage;FOURRAGES VERTS;Graminées Fourragères, Ray-Grass D'italie, Alternatif Année de semis 3e cycle Repousses à tiges de 6 semaines;15.7;0.86;0.82;37;88;23;7.45;2.18;2.08;3;0.91;0.96;0.93;825;73;161;72;223;73;519;70;276;69;24;39;3;1.8;4.8;1.9;1.4;439;3959;70;2352;72;74;83;1.8;0.2;25;7.5;326;6;25;60;0.06;0.08;0.1;80000;30;30;7.07;2.44;6.24;5.08;6.66;2.26;4.9;9.7;5.84;10.8;4.83;12.1;4.9;5.74;7.45;3.99;3.12;7.45;2.08;4.94;5.23;5.91;2.18;5.16;8.88;5.32;10.61;4.67;12.76;4.13;6.82;6.89;4.11;1;16.8;1.4;1.7;2.8;14.3;58.7
35;FV0350;Fourrage;FOURRAGES VERTS;Graminées Fourragères, Ray-Grass D'italie, Alternatif Année de semis 4e cycle Repousses à tiges de 6 semaines;13.9;0.87;0.84;40;91;44;7.43;2.18;2.09;2.6;1.02;1.01;1.01;795;76;184;73;178;83;498;74;258;73;27;41;3.7;2.2;5.7;2.3;1.4;439;3865;73;2374;74;76;85;1.8;0.2;25;7.5;326;6;25;60;0.06;0.08;0.1;80000;30;30;7.07;2.44;6.24;5.08;6.66;2.26;4.9;9.7;5.84;10.8;4.83;12.1;4.9;5.74;7.45;3.99;3.12;7.43;2.09;4.95;5.22;5.91;2.18;5.14;8.9;5.32;10.59;4.67;12.74;4.15;6.82;6.89;4.11;1;16.4;1.4;1.6;2.7;13.8;59.9
36;FV0360;Fourrage;FOURRAGES VERTS;Graminées Fourragères, Ray-Grass D'italie, Alternatif Année de semis 4e cycle Repousses à tiges de 7 semaines;15.5;0.96;0.93;36;90;18;7.47;2.19;2.07;2.8;0.98;0.99;0.98;887;76;161;69;234;74;490;74;249;72;24;39;3.4;2;5.7;2.3;1.4;439;4235;73;2617;73;74;82;1.8;0.2;25;7.5;326;6;25;60;0.06;0.08;0.1;80000;30;30;7.07;2.44;6.24;5.08;6.66;2.26;4.9;9.7;5.84;10.8;4.83;12.1;4.9;5.74;7.45;3.99;3.12;7.47;2.07;4.93;5.25;5.9;2.19;5.19;8.84;5.31;10.62;4.66;12.78;4.11;6.82;6.9;4.11;1;16.8;1.4;1.7;2.8;14.3;58.7
37;FV0370;Fourrage;FOURRAGES VERTS;Graminées Fourragères, Ray-Grass D'italie, Non Alternatif Année de semis, Feuillu 1re exploitation ;16.5;1.02;1;41;96;36;7.44;2.18;2.09;2.9;0.93;0.97;0.95;870;80;184;78;241;79;529;82;270;82;27;41;3.4;2;4.8;1.9;1.4;709;4199;77;2734;74;76;85;2;0.2;35;7;584;5;25;60;0.06;0.02;0.1;80000;30;30;7.07;2.44;6.24;5.08;6.66;2.26;4.9;9.7;5.84;10.8;4.83;12.1;4.9;5.74;7.45;3.99;3.12;7.44;2.09;4.95;5.23;5.91;2.18;5.16;8.89;5.32;10.6;4.67;12.75;4.14;6.82;6.89;4.11;1;16.4;1.4;1.6;2.7;13.8;59.9
38;FV0380;Fourrage;FOURRAGES VERTS;Graminées Fourragères, Ray-Grass D'italie, Non Alternatif Année de semis, Feuillu 2e exploitation ;15.4;0.99;0.97;41;96;52;7.44;2.18;2.09;2.4;1.12;1.05;1.09;864;79;199;78;243;77;532;81;271;80;28;43;3.7;2.2;5.7;2.3;1.2;439;4199;76;2667;76;77;87;2;0.2;25;7.5;314;5;25;60;0.06;0.02;0.1;80000;30;30;7.07;2.44;6.24;5.08;6.66;2.26;4.9;9.7;5.84;10.8;4.83;12.1;4.9;5.74;7.45;3.99;3.12;7.44;2.09;4.95;5.23;5.91;2.18;5.15;8.89;5.32;10.6;4.67;12.75;4.14;6.82;6.89;4.11;1;16.1;1.4;1.6;2.6;13.5;60.6
39;FV0390;Fourrage;FOURRAGES VERTS;Graminées Fourragères, Ray-Grass D'italie, Non Alternatif Année de semis, Feuillu 3e exploitation ;18;0.89;0.85;38;89;46;7.45;2.18;2.08;2.2;1.23;1.09;1.17;837;75;186;74;229;70;524;74;261;71;27;41;3.7;2.2;5.7;2.3;1.4;439;4056;72;2434;76;76;84;2;0.2;25;7.5;314;5;25;60;0.06;0.02;0.1;80000;30;30;7.07;2.44;6.24;5.08;6.66;2.26;4.9;9.7;5.84;10.8;4.83;12.1;4.9;5.74;7.45;3.99;3.12;7.45;2.08;4.94;5.24;5.91;2.18;5.17;8.87;5.32;10.61;4.67;12.76;4.13;6.82;6.89;4.11;1;16.3;1.4;1.6;2.6;13.8;60
40;FV0400;Fourrage;FOURRAGES VERTS;Graminées Fourragères, Ray-Grass D'italie, Non Alternatif Année d'exploitation, 1er cycle Feuillu ;15.1;1.03;1.02;39;94;47;7.45;2.19;2.08;3;0.9;0.96;0.92;867;81;191;76;178;83;466;81;222;81;27;42;3.4;2;4.8;1.9;1.4;709;4198;77;2770;77;81;89;2;0.2;35;7;584;5;25;60;0.06;0.02;0.1;80000;30;30;7.07;2.44;6.24;5.08;6.66;2.26;4.9;9.7;5.84;10.8;4.83;12.1;4.9;5.74;7.45;3.99;3.12;7.45;2.08;4.94;5.24;5.91;2.19;5.17;8.86;5.31;10.61;4.67;12.77;4.12;6.82;6.89;4.11;1;16.3;1.4;1.6;2.6;13.7;60.2
41;FV0410;Fourrage;FOURRAGES VERTS;Graminées Fourragères, Ray-Grass D'italie, Non Alternatif Année d'exploitation, 1er cycle Épi à 10 cm du sol ;15.8;1.03;1.02;34;90;26;7.48;2.19;2.06;2.8;0.95;0.98;0.96;886;80;168;73;188;79;450;79;215;78;25;39;3;1.8;4.3;1.7;1.4;567;4243;77;2769;76;79;86;2;0.2;30;7.5;442;5;25;60;0.06;0.02;0.1;80000;30;30;7.07;2.44;6.24;5.08;6.66;2.26;4.9;9.7;5.84;10.8;4.83;12.1;4.9;5.74;7.45;3.99;3.12;7.48;2.06;4.92;5.26;5.9;2.19;5.21;8.81;5.3;10.64;4.66;12.8;4.09;6.82;6.9;4.12;1;16.7;1.4;1.7;2.7;14.1;59.1
42;FV0420;Fourrage;FOURRAGES VERTS;Graminées Fourragères, Ray-Grass D'italie, Non Alternatif Année d'exploitation, 1er cycle 1 semaine avant le début de l'épiaison ;16.4;0.95;0.92;24;79;-18;7.59;2.23;2.07;2.6;1.02;1.01;1.02;899;75;112;62;230;69;495;72;255;70;19;33;2.7;1.6;4.3;1.7;1.4;553;4204;72;2586;73;74;79;2;0.2;30;8;428;5;25;60;0.06;0.02;0.1;80000;30;30;7.24;2.64;6.54;5.16;6.59;2.33;5.29;9.25;5.93;9.39;4.67;12.14;5.23;6.03;7.36;4.21;3.12;7.59;2.07;4.91;5.31;5.85;2.23;5.4;8.57;5.29;10.44;4.6;12.87;4.1;6.9;6.9;4.15;1;18;1.4;1.8;3.1;15.2;55.6
43;FV0430;Fourrage;FOURRAGES VERTS;Graminées Fourragères, Ray-Grass D'italie, Non Alternatif Année d'exploitation, 1er cycle Début épiaison ;16.5;0.92;0.88;23;77;-22;7.6;2.23;2.07;2.6;1.04;1.02;1.03;899;73;105;60;238;69;508;69;269;68;18;32;2.7;1.6;4.3;1.7;1.4;553;4192;70;2508;72;73;78;2;0.2;30;8;428;5;25;60;0.06;0.02;0.1;80000;30;30;7.24;2.64;6.54;5.16;6.59;2.33;5.29;9.25;5.93;9.39;4.67;12.14;5.23;6.03;7.36;4.21;3.12;7.6;2.07;4.91;5.32;5.85;2.23;5.41;8.56;5.28;10.46;4.6;12.88;4.09;6.89;6.9;4.15;1;18.2;1.4;1.9;3.1;15.4;55.1
44;FV0440;Fourrage;FOURRAGES VERTS;Graminées Fourragères, Ray-Grass D'italie, Non Alternatif Année d'exploitation, 1er cycle Épiaison ;17.8;0.85;0.8;19;71;-33;7.62;2.24;2.05;2.4;1.11;1.05;1.08;903;69;88;56;265;65;541;65;292;63;17;30;2.3;1.4;4.3;1.7;1.4;553;4180;66;2359;71;71;76;2;0.2;30;8;428;5;25;60;0.06;0.02;0.1;80000;30;30;7.24;2.64;6.54;5.16;6.59;2.33;5.29;9.25;5.93;9.39;4.67;12.14;5.23;6.03;7.36;4.21;3.12;7.62;2.05;4.88;5.34;5.84;2.24;5.43;8.52;5.27;10.51;4.6;12.92;4.05;6.89;6.91;4.15;1;18.7;1.4;1.9;3.2;15.7;53.9
45;FV0450;Fourrage;FOURRAGES VERTS;Graminées Fourragères, Ray-Grass D'italie, Non Alternatif Année d'exploitation, 1er cycle Fin épiaison ;20.4;0.82;0.77;17;69;-38;7.63;2.24;2.03;2.3;1.17;1.07;1.12;912;67;80;55;284;62;564;63;312;62;16;29;2.3;1.4;4.3;1.7;1.4;553;4206;64;2300;71;70;74;2;0.2;30;8;428;5;25;60;0.06;0.02;0.1;80000;30;30;7.24;2.64;6.54;5.16;6.59;2.33;5.29;9.25;5.93;9.39;4.67;12.14;5.23;6.03;7.36;4.21;3.12;7.63;2.03;4.87;5.35;5.84;2.24;5.44;8.5;5.26;10.54;4.6;12.93;4.03;6.88;6.91;4.16;1;18.9;1.4;1.9;3.2;15.9;53.3
46;FV0460;Fourrage;FOURRAGES VERTS;Graminées Fourragères, Ray-Grass D'italie, Non Alternatif Année d'exploitation, 1er cycle Début floraison ;24;0.77;0.71;15;65;-44;7.65;2.25;2.02;2.1;1.3;1.11;1.21;914;64;70;50;293;59;583;60;328;58;15;28;2.3;1.4;4.3;1.7;1.4;553;4198;61;2183;71;69;72;2;0.2;30;8;428;5;25;60;0.06;0.02;0.1;80000;30;30;7.24;2.64;6.54;5.16;6.59;2.33;5.29;9.25;5.93;9.39;4.67;12.14;5.23;6.03;7.36;4.21;3.12;7.65;2.02;4.85;5.36;5.84;2.25;5.46;8.47;5.25;10.58;4.6;12.96;3.99;6.88;6.92;4.16;1;19.3;1.4;2;3.3;16.1;52.5
47;FV0470;Fourrage;FOURRAGES VERTS;Graminées Fourragères, Ray-Grass D'italie, Non Alternatif Année d'exploitation, 1er cycle Floraison ;27.5;0.71;0.63;12;62;-49;7.67;2.25;2;2;1.37;1.14;1.26;916;60;60;42;307;55;599;55;344;54;14;27;2;1.2;4.3;1.7;1.4;553;4189;57;2035;70;68;70;2;0.2;30;8;428;5;25;60;0.06;0.02;0.1;80000;30;30;7.24;2.64;6.54;5.16;6.59;2.33;5.29;9.25;5.93;9.39;4.67;12.14;5.23;6.03;7.36;4.21;3.12;7.67;2;4.84;5.37;5.83;2.25;5.47;8.44;5.24;10.62;4.6;12.98;3.97;6.87;6.92;4.16;1;19.6;1.4;2;3.3;16.3;51.7
48;FV0480;Fourrage;FOURRAGES VERTS;Graminées Fourragères, Ray-Grass D'italie, Non Alternatif Année d'exploitation, 2e cycle après coupe épiaison Repousses à tiges de 5 semaines ;17.4;0.88;0.83;36;88;22;7.46;2.19;2.08;2.7;1;1;1;889;71;161;73;263;70;553;69;292;67;24;39;3;1.8;4.8;1.9;1.4;439;4244;68;2436;73;74;82;2;0.2;25;7.5;314;5;25;60;0.06;0.02;0.1;80000;30;30;7.07;2.44;6.24;5.08;6.66;2.26;4.9;9.7;5.84;10.8;4.83;12.1;4.9;5.74;7.45;3.99;3.12;7.46;2.08;4.93;5.24;5.9;2.19;5.18;8.85;5.31;10.62;4.66;12.77;4.12;6.82;6.89;4.11;1;16.8;1.4;1.7;2.8;14.3;58.7
49;FV0490;Fourrage;FOURRAGES VERTS;Graminées Fourragères, Ray-Grass D'italie, Non Alternatif Année d'exploitation, 2e cycle après coupe épiaison Repousses à tiges de 6 semaines ;17.6;0.83;0.78;33;84;15;7.47;2.19;2.07;2.6;1.05;1.02;1.04;895;68;150;71;276;64;570;65;308;63;23;37;3;1.8;4.8;1.9;1.4;439;4252;65;2331;72;73;80;2;0.2;25;7.5;314;5;25;60;0.06;0.02;0.1;80000;30;30;7.07;2.44;6.24;5.08;6.66;2.26;4.9;9.7;5.84;10.8;4.83;12.1;4.9;5.74;7.45;3.99;3.12;7.47;2.07;4.92;5.25;5.9;2.19;5.19;8.83;5.31;10.63;4.66;12.79;4.1;6.82;6.9;4.12;1;17.1;1.4;1.7;2.8;14.5;58
50;FV0500;Fourrage;FOURRAGES VERTS;Graminées Fourragères, Ray-Grass D'italie, Non Alternatif Année d'exploitation, 2e cycle après coupe épiaison Repousses à tiges de 7 semaines ;19.1;0.81;0.74;27;78;-6;7.56;2.22;2.11;2.5;1.1;1.04;1.07;905;66;123;68;289;60;580;63;319;61;20;34;2.7;1.6;4.3;1.7;1.4;439;4250;63;2267;71;70;76;2;0.2;25;7.5;314;5;25;60;0.06;0.02;0.1;80000;30;30;7.24;2.64;6.54;5.16;6.59;2.33;5.29;9.25;5.93;9.39;4.67;12.14;5.23;6.03;7.36;4.21;3.12;7.56;2.11;4.94;5.29;5.86;2.22;5.37;8.62;5.31;10.37;4.6;12.83;4.15;6.91;6.89;4.14;1;17.7;1.4;1.8;3;15;56.4
51;FV0510;Fourrage;FOURRAGES VERTS;Graminées Fourragères, Ray-Grass D'italie, Non Alternatif Année d'exploitation, 2e cycle après coupe épiaison Repousses à tiges de 8 semaines ;20.6;0.74;0.67;24;73;-15;7.57;2.23;2.09;2.4;1.13;1.05;1.1;908;62;109;64;296;56;590;58;329;55;19;33;2.7;1.6;4.3;1.7;1.4;439;4239;59;2120;70;69;74;2;0.2;25;7.5;314;5;25;60;0.06;0.02;0.1;80000;30;30;7.24;2.64;6.54;5.16;6.59;2.33;5.29;9.25;5.93;9.39;4.67;12.14;5.23;6.03;7.36;4.21;3.12;7.57;2.09;4.93;5.3;5.86;2.23;5.38;8.6;5.3;10.4;4.6;12.85;4.13;6.9;6.89;4.14;1;18.1;1.4;1.9;3.1;15.3;55.4
52;FV0520;Fourrage;FOURRAGES VERTS;Graminées Fourragères, Ray-Grass D'italie, Non Alternatif Année d'exploitation, 3e cycle Repousses feuillues de 6 semaines ;20.3;0.95;0.92;36;90;14;7.47;2.19;2.07;2.9;0.93;0.97;0.94;893;75;156;69;228;70;476;71;239;68;24;38;3;1.8;5.2;2.1;1.4;439;4253;72;2600;72;74;82;2;0.2;25;7.5;314;5;25;60;0.06;0.02;0.1;80000;30;30;7.07;2.44;6.24;5.08;6.66;2.26;4.9;9.7;5.84;10.8;4.83;12.1;4.9;5.74;7.45;3.99;3.12;7.47;2.07;4.93;5.25;5.9;2.19;5.19;8.84;5.31;10.62;4.66;12.78;4.11;6.82;6.9;4.11;1;17;1.4;1.7;2.8;14.4;58.4
53;FV0530;Fourrage;FOURRAGES VERTS;Graminées Fourragères, Ray-Grass D'italie, Non Alternatif Année d'exploitation, 3e cycle Repousses feuillues de 7 semaines ;19.2;0.92;0.88;34;87;8;7.48;2.19;2.07;2.9;0.94;0.97;0.95;895;73;147;69;216;64;484;68;245;65;23;37;3;1.8;5.2;2.1;1.4;439;4247;70;2527;71;73;81;2;0.2;25;7.5;314;5;25;60;0.06;0.02;0.1;80000;30;30;7.07;2.44;6.24;5.08;6.66;2.26;4.9;9.7;5.84;10.8;4.83;12.1;4.9;5.74;7.45;3.99;3.12;7.48;2.07;4.92;5.25;5.9;2.19;5.2;8.82;5.3;10.63;4.66;12.79;4.1;6.82;6.9;4.12;1;17.2;1.4;1.7;2.9;14.6;57.9
54;FV0540;Fourrage;FOURRAGES VERTS;Graminées Fourragères, Ray-Grass D'italie, Non Alternatif Année d'exploitation, 3e cycle Repousses feuillues de 8 semaines ;24.1;0.93;0.89;26;80;-23;7.57;2.23;2.09;2.8;0.96;0.98;0.96;910;73;110;58;241;60;495;69;258;66;19;33;2.7;1.6;4.8;1.9;1.4;439;4249;70;2548;69;69;76;2;0.2;25;7.5;314;5;25;60;0.06;0.02;0.1;80000;30;30;7.24;2.64;6.54;5.16;6.59;2.33;5.29;9.25;5.93;9.39;4.67;12.14;5.23;6.03;7.36;4.21;3.12;7.57;2.09;4.93;5.3;5.86;2.23;5.39;8.59;5.3;10.41;4.6;12.85;4.12;6.9;6.89;4.14;1;18.1;1.4;1.9;3.1;15.3;55.5
55;FV0550;Fourrage;FOURRAGES VERTS;Graminées Fourragères, Ray-Grass Anglais Année de semis 1re exploitation 75 jours après semis;15.2;1.05;1.04;43;99;39;6.64;2.12;2.52;3;0.89;0.95;0.92;878;81;190;75;236;79;528;84;269;84;27;42;4.1;2.4;6.2;2.5;1.6;657;4246;77;2803;74;76;86;2;1.6;35;11;532;5;25;100;0.1;0.1;0.1;80000;30;30;4.99;3.57;6.28;4.93;6.94;2.12;5.08;9.09;5.95;9.49;4.91;13.65;5.05;6;7.64;4.3;3.12;6.64;2.52;4.96;5.18;6;2.12;5.23;8.68;5.36;10.26;4.71;13.27;4.2;6.93;6.92;4.14;1;16.3;1.4;1.6;2.6;13.7;60.2
56;FV0560;Fourrage;FOURRAGES VERTS;Graminées Fourragères, Ray-Grass Anglais Année de semis 1re exploitation 105 jours après semis;16.5;0.98;0.96;37;92;31;6.72;2.13;2.47;2.5;1.1;1.04;1.07;876;78;175;69;278;76;567;80;306;81;26;40;3.7;2.2;5.7;2.3;1.6;657;4211;75;2654;74;75;83;2;1.6;35;11;532;5;25;100;0.1;0.1;0.1;80000;30;30;4.99;3.57;6.28;4.93;6.94;2.12;5.08;9.09;5.95;9.49;4.91;13.65;5.05;6;7.64;4.3;3.12;6.72;2.47;4.94;5.2;5.99;2.13;5.25;8.65;5.35;10.32;4.7;13.26;4.17;6.92;6.93;4.15;1;16.6;1.4;1.7;2.7;14;59.4
57;FV0570;Fourrage;FOURRAGES VERTS;Graminées Fourragères, Ray-Grass Anglais Année de semis 2e exploitation Feuillu;16.4;0.97;0.94;36;90;30;6.95;2.02;2.33;2.3;1.18;1.07;1.13;882;77;172;73;242;76;534;77;274;77;25;40;3.7;2.2;5.7;2.3;1.7;459;4232;74;2625;75;75;83;2;1;25;8;334;5;25;100;0.1;0.1;0.1;80000;30;30;5.57;3.19;6.33;4.85;6.57;1.82;5.1;9.07;5.72;11.33;4.82;12.72;5.49;5.89;7.7;3.8;3.12;6.95;2.33;4.95;5.19;5.88;2.02;5.28;8.63;5.27;10.76;4.67;12.98;4.31;6.88;6.94;4.1;1;16.6;1.4;1.7;2.7;14.1;59.3
58;FV0580;Fourrage;FOURRAGES VERTS;Graminées Fourragères, Ray-Grass Anglais Année de semis 3e exploitation Feuillu;15.2;0.97;0.95;40;94;52;6.67;2.12;2.5;2.3;1.18;1.07;1.13;868;78;197;76;231;75;524;79;265;78;28;43;3.7;2.2;5.7;2.3;1.7;459;4213;75;2635;76;77;86;2;1;25;8;334;5;25;100;0.1;0.1;0.1;80000;30;30;4.99;3.57;6.28;4.93;6.94;2.12;5.08;9.09;5.95;9.49;4.91;13.65;5.05;6;7.64;4.3;3.12;6.67;2.5;4.95;5.19;6;2.12;5.24;8.67;5.36;10.28;4.7;13.26;4.19;6.93;6.93;4.14;1;16.2;1.4;1.6;2.6;13.6;60.5
59;FV0590;Fourrage;FOURRAGES VERTS;Graminées Fourragères, Ray-Grass Anglais Année d'exploitation, 1er cycle, variétés précoces Feuillu ;17.2;1.09;1.08;43;100;74;6.65;2.12;2.51;2.8;0.95;0.98;0.96;896;82;223;79;197;84;482;84;221;83;30;45;3.7;2.2;5.2;2.1;1.6;657;4383;78;2903;79;83;93;2;1.6;35;11;532;5;25;100;0.1;0.1;0.1;80000;30;30;4.99;3.57;6.28;4.93;6.94;2.12;5.08;9.09;5.95;9.49;4.91;13.65;5.05;6;7.64;4.3;3.12;6.65;2.51;4.96;5.18;6;2.12;5.23;8.68;5.36;10.27;4.71;13.27;4.2;6.93;6.92;4.14;1;15.8;1.4;1.5;2.5;13.1;61.5
60;FV0600;Fourrage;FOURRAGES VERTS;Graminées Fourragères, Ray-Grass Anglais Année d'exploitation, 1er cycle, variétés précoces Épi à 10 cm du sol ;16.7;1.06;1.05;36;92;35;6.77;2.14;2.44;2.8;0.97;0.99;0.98;894;81;179;73;205;81;483;82;227;81;26;41;3.4;2;5.2;2.1;1.5;503;4298;77;2833;77;80;87;1.5;1;30;11;409;5;25;100;0.1;0.1;0.1;80000;30;30;4.99;3.57;6.28;4.93;6.94;2.12;5.08;9.09;5.95;9.49;4.91;13.65;5.05;6;7.64;4.3;3.12;6.77;2.44;4.93;5.21;5.98;2.14;5.27;8.63;5.34;10.34;4.69;13.26;4.15;6.92;6.93;4.15;1;16.5;1.4;1.7;2.7;13.9;59.6
61;FV0610;Fourrage;FOURRAGES VERTS;Graminées Fourragères, Ray-Grass Anglais Année d'exploitation, 1er cycle, variétés précoces 1 semaine avant le début de l'épiaison ;15.7;1.02;1;32;88;16;7.03;2.04;2.29;2.7;0.99;0.99;0.99;896;79;155;70;229;79;511;80;228;77;24;38;3;1.8;5.2;2.1;1.5;531;4265;76;2749;76;78;84;1.8;1;30;10;419;5;25;100;0.1;0.1;0.1;80000;30;30;5.57;3.19;6.33;4.85;6.57;1.82;5.1;9.07;5.72;11.33;4.82;12.72;5.49;5.89;7.7;3.8;3.12;7.03;2.29;4.93;5.21;5.87;2.04;5.3;8.6;5.26;10.78;4.66;13;4.25;6.88;6.94;4.11;1;17;1.4;1.7;2.8;14.4;58.3
62;FV0620;Fourrage;FOURRAGES VERTS;Graminées Fourragères, Ray-Grass Anglais Année d'exploitation, 1er cycle, variétés précoces Début épiaison ;16.4;0.99;0.96;28;84;6;7.08;2.06;2.26;2.5;1.1;1.04;1.08;906;77;142;66;239;76;521;77;262;75;22;36;3;1.8;5.2;2.1;1.5;531;4287;74;2685;76;77;82;1.8;1;30;10;419;5;25;100;0.1;0.1;0.1;80000;30;30;5.57;3.19;6.33;4.85;6.57;1.82;5.1;9.07;5.72;11.33;4.82;12.72;5.49;5.89;7.7;3.8;3.12;7.08;2.26;4.91;5.23;5.87;2.06;5.32;8.57;5.25;10.79;4.66;13.02;4.22;6.87;6.95;4.11;1;17.3;1.4;1.8;2.9;14.7;57.6
63;FV0630;Fourrage;FOURRAGES VERTS;Graminées Fourragères, Ray-Grass Anglais Année d'exploitation, 1er cycle, variétés précoces Épiaison ;16.5;0.94;0.9;24;79;-10;7.15;2.08;2.23;2.3;1.16;1.06;1.12;909;74;120;63;264;73;564;74;294;73;20;34;2.7;1.6;5.2;2.1;1.5;531;4262;71;2566;74;74;79;1.8;1;30;10;419;5;25;100;0.1;0.1;0.1;80000;30;30;5.57;3.19;6.33;4.85;6.57;1.82;5.1;9.07;5.72;11.33;4.82;12.72;5.49;5.89;7.7;3.8;3.12;7.15;2.23;4.89;5.25;5.86;2.08;5.35;8.54;5.24;10.8;4.65;13.03;4.17;6.87;6.95;4.12;1;17.8;1.4;1.8;3;15.1;56.2
64;FV0640;Fourrage;FOURRAGES VERTS;Graminées Fourragères, Ray-Grass Anglais Année d'exploitation, 1er cycle, variétés précoces Fin épiaison ;17.1;0.87;0.82;21;74;-19;7.19;2.09;2.2;2.1;1.26;1.1;1.18;909;70;106;59;293;69;594;69;315;67;18;32;2.7;1.6;5.2;2.1;1.5;531;4238;67;2404;74;73;77;1.8;1;30;10;419;5;25;100;0.1;0.1;0.1;80000;30;30;5.57;3.19;6.33;4.85;6.57;1.82;5.1;9.07;5.72;11.33;4.82;12.72;5.49;5.89;7.7;3.8;3.12;7.19;2.2;4.88;5.27;5.85;2.09;5.37;8.51;5.24;10.81;4.65;13.04;4.14;6.86;6.95;4.13;1;18.2;1.4;1.9;3.1;15.4;55.2
65;FV0650;Fourrage;FOURRAGES VERTS;Graminées Fourragères, Ray-Grass Anglais Année d'exploitation, 1er cycle, variétés précoces Début floraison ;19;0.8;0.73;20;71;-18;7.2;2.1;2.2;1.9;1.4;1.15;1.28;908;66;103;60;313;66;619;65;336;63;18;32;2.3;1.4;5.2;2.1;1.5;531;4228;63;2244;74;73;76;1.8;1;30;10;419;5;25;100;0.1;0.1;0.1;80000;30;30;5.57;3.19;6.33;4.85;6.57;1.82;5.1;9.07;5.72;11.33;4.82;12.72;5.49;5.89;7.7;3.8;3.12;7.2;2.2;4.87;5.27;5.85;2.1;5.37;8.51;5.24;10.82;4.64;13.04;4.14;6.86;6.95;4.13;1;18.3;1.4;1.9;3.1;15.4;55
66;FV0660;Fourrage;FOURRAGES VERTS;Graminées Fourragères, Ray-Grass Anglais Année d'exploitation, 1er cycle, variétés précoces Floraison ;19.7;0.74;0.66;19;68;-21;7.22;2.1;2.19;1.9;1.41;1.15;1.28;908;62;96;56;315;59;621;60;345;57;17;31;2.3;1.4;4.8;1.9;1.5;531;4216;59;2096;74;72;75;1.8;1;30;10;419;5;25;100;0.1;0.1;0.1;80000;30;30;5.57;3.19;6.33;4.85;6.57;1.82;5.1;9.07;5.72;11.33;4.82;12.72;5.49;5.89;7.7;3.8;3.12;7.22;2.19;4.87;5.27;5.85;2.1;5.38;8.5;5.23;10.82;4.64;13.05;4.13;6.86;6.95;4.13;1;18.5;1.4;1.9;3.1;15.6;54.5
67;FV0670;Fourrage;FOURRAGES VERTS;Graminées Fourragères, Ray-Grass Anglais Année d'exploitation, 1er cycle, variétés précoces Fin floraison ;21.7;0.71;0.63;19;68;-19;7.21;2.1;2.19;1.9;1.43;1.15;1.29;913;60;97;58;328;57;629;57;356;56;17;31;2.3;1.4;4.8;1.9;1.5;531;4240;57;2033;74;72;75;1.8;1;30;10;419;5;25;100;0.1;0.1;0.1;80000;30;30;5.57;3.19;6.33;4.85;6.57;1.82;5.1;9.07;5.72;11.33;4.82;12.72;5.49;5.89;7.7;3.8;3.12;7.21;2.19;4.87;5.27;5.85;2.1;5.37;8.51;5.24;10.82;4.64;13.04;4.13;6.86;6.95;4.13;1;18.4;1.4;1.9;3.1;15.5;54.6
68;FV0680;Fourrage;FOURRAGES VERTS;Graminées Fourragères, Ray-Grass Anglais Année d'exploitation, 1er cycle, variétés tardives Feuillu ;16.4;1.05;1.05;37;92;39;6.75;2.14;2.46;2.8;0.96;0.98;0.97;853;83;182;76;213;83;500;86;239;87;26;41;4.1;2.4;5.7;2.3;1.5;631;4120;79;2788;77;80;87;1.8;1;35;11;519;5;25;100;0.1;0.1;0.1;80000;30;30;4.99;3.57;6.28;4.93;6.94;2.12;5.08;9.09;5.95;9.49;4.91;13.65;5.05;6;7.64;4.3;3.12;6.75;2.46;4.93;5.21;5.98;2.14;5.26;8.63;5.34;10.33;4.7;13.26;4.16;6.92;6.93;4.15;1;16.4;1.4;1.6;2.7;13.9;59.8
69;FV0690;Fourrage;FOURRAGES VERTS;Graminées Fourragères, Ray-Grass Anglais Année d'exploitation, 1er cycle, variétés tardives Épi à 10 cm du sol ;17.2;1.06;1.05;32;89;16;7.03;2.04;2.29;2.7;0.99;1;0.99;880;82;157;73;227;82;511;85;255;86;24;38;3.7;2.2;5.7;2.3;1.5;503;4197;78;2815;76;78;84;1.8;1;30;11;390;5;25;100;0.1;0.1;0.1;80000;30;30;5.57;3.19;6.33;4.85;6.57;1.82;5.1;9.07;5.72;11.33;4.82;12.72;5.49;5.89;7.7;3.8;3.12;7.03;2.29;4.93;5.21;5.87;2.04;5.31;8.6;5.26;10.78;4.66;13;4.25;6.88;6.94;4.11;1;16.9;1.4;1.7;2.8;14.4;58.4
70;FV0700;Fourrage;FOURRAGES VERTS;Graminées Fourragères, Ray-Grass Anglais Année d'exploitation, 1er cycle, variétés tardives 1 semaine avant le début de l'épiaison ;17.5;0.94;0.91;24;79;-12;7.15;2.08;2.22;2.4;1.14;1.06;1.1;892;75;118;65;280;75;562;75;304;75;20;34;3;1.8;5.2;2.1;1.5;531;4183;72;2558;74;74;79;1.8;1;30;10;419;5;25;100;0.1;0.1;0.1;80000;30;30;5.57;3.19;6.33;4.85;6.57;1.82;5.1;9.07;5.72;11.33;4.82;12.72;5.49;5.89;7.7;3.8;3.12;7.15;2.22;4.89;5.25;5.86;2.08;5.35;8.54;5.24;10.8;4.65;13.03;4.17;6.87;6.95;4.12;1;17.9;1.4;1.8;3;15.1;56
71;FV0710;Fourrage;FOURRAGES VERTS;Graminées Fourragères, Ray-Grass Anglais Année d'exploitation, 1er cycle, variétés tardives Début épiaison ;19.4;0.91;0.87;21;75;-21;7.2;2.1;2.2;2.2;1.22;1.09;1.16;898;73;105;62;292;72;575;73;319;73;18;32;3;1.8;5.2;2.1;1.5;531;4187;70;2488;73;73;77;1.8;1;30;10;419;5;25;100;0.1;0.1;0.1;80000;30;30;5.57;3.19;6.33;4.85;6.57;1.82;5.1;9.07;5.72;11.33;4.82;12.72;5.49;5.89;7.7;3.8;3.12;7.2;2.2;4.88;5.27;5.85;2.1;5.37;8.51;5.24;10.82;4.65;13.04;4.14;6.86;6.95;4.13;1;18.2;1.4;1.9;3.1;15.4;55.1
72;FV0720;Fourrage;FOURRAGES VERTS;Graminées Fourragères, Ray-Grass Anglais Année d'exploitation, 1er cycle, variétés tardives Épiaison ;19.8;0.86;0.81;18;71;-34;7.27;2.12;2.16;2.1;1.28;1.11;1.2;904;70;87;55;305;69;595;70;327;69;16;30;2.7;1.6;5.2;2.1;1.5;531;4183;67;2383;72;71;74;1.8;1;30;10;419;5;25;100;0.1;0.1;0.1;80000;30;30;5.57;3.19;6.33;4.85;6.57;1.82;5.1;9.07;5.72;11.33;4.82;12.72;5.49;5.89;7.7;3.8;3.12;7.27;2.16;4.86;5.29;5.85;2.12;5.4;8.48;5.23;10.83;4.64;13.06;4.09;6.86;6.95;4.14;1;18.7;1.4;1.9;3.2;15.7;53.8
73;FV0730;Fourrage;FOURRAGES VERTS;Graminées Fourragères, Ray-Grass Anglais Année d'exploitation, 1er cycle, variétés tardives Fin épiaison ;21.8;0.81;0.75;16;67;-41;7.32;2.13;2.13;2;1.32;1.12;1.23;907;67;75;52;317;66;611;66;339;65;15;29;2.7;1.6;5.2;2.1;1.5;531;4175;64;2275;72;70;73;1.8;1;30;10;419;5;25;100;0.1;0.1;0.1;80000;30;30;5.57;3.19;6.33;4.85;6.57;1.82;5.1;9.07;5.72;11.33;4.82;12.72;5.49;5.89;7.7;3.8;3.12;7.32;2.13;4.84;5.31;5.84;2.13;5.41;8.45;5.22;10.84;4.64;13.07;4.06;6.86;6.95;4.14;1;19.1;1.4;2;3.3;16;52.9
74;FV0740;Fourrage;FOURRAGES VERTS;Graminées Fourragères, Ray-Grass Anglais Année d'exploitation, 1er cycle, variétés tardives Début floraison ;27.5;0.79;0.72;15;66;-42;7.32;2.14;2.13;2;1.34;1.13;1.24;915;65;73;51;329;65;621;64;351;63;15;29;2.3;1.4;5.2;2.1;1.5;531;4208;62;2219;71;69;72;1.8;1;30;10;419;5;25;100;0.1;0.1;0.1;80000;30;30;5.57;3.19;6.33;4.85;6.57;1.82;5.1;9.07;5.72;11.33;4.82;12.72;5.49;5.89;7.7;3.8;3.12;7.32;2.13;4.84;5.31;5.84;2.14;5.42;8.45;5.22;10.84;4.63;13.07;4.05;6.86;6.96;4.14;1;19.2;1.4;2;3.3;16;52.8
75;FV0750;Fourrage;FOURRAGES VERTS;Graminées Fourragères, Ray-Grass Anglais Année d'exploitation, 1er cycle, variétés tardives Floraison ;22.2;0.77;0.7;14;65;-44;7.34;2.14;2.12;1.9;1.39;1.14;1.27;910;64;69;54;348;64;646;64;372;63;15;28;2.3;1.4;4.8;1.9;1.5;531;4178;61;2167;71;69;72;1.8;1;30;10;419;5;25;100;0.1;0.1;0.1;80000;30;30;5.57;3.19;6.33;4.85;6.57;1.82;5.1;9.07;5.72;11.33;4.82;12.72;5.49;5.89;7.7;3.8;3.12;7.34;2.12;4.83;5.32;5.84;2.14;5.42;8.44;5.22;10.85;4.63;13.08;4.04;6.85;6.96;4.14;1;19.3;1.4;2;3.3;16.1;52.4
76;FV0760;Fourrage;FOURRAGES VERTS;Graminées Fourragères, Ray-Grass Anglais Année d'exploitation, 2e cycle après coupe épiaison Repousses à tiges de 4 semaines ;18.6;0.93;0.89;36;89;23;6.94;2.02;2.34;2.6;1.04;1.02;1.03;890;74;164;71;250;75;563;74;282;71;25;39;3.7;2.2;5.7;2.3;1.7;459;4254;71;2546;73;74;82;2;1;25;8;334;5;25;100;0.1;0.1;0.1;80000;30;30;5.57;3.19;6.33;4.85;6.57;1.82;5.1;9.07;5.72;11.33;4.82;12.72;5.49;5.89;7.7;3.8;3.12;6.94;2.34;4.95;5.18;5.88;2.02;5.27;8.64;5.27;10.76;4.67;12.98;4.32;6.88;6.94;4.1;1;16.8;1.4;1.7;2.8;14.2;58.8
77;FV0770;Fourrage;FOURRAGES VERTS;Graminées Fourragères, Ray-Grass Anglais Année d'exploitation, 2e cycle après coupe épiaison Repousses à tiges de 5 semaines ;19.8;0.91;0.87;32;85;5;7.01;2.04;2.3;2.6;1.05;1.02;1.03;889;73;142;68;252;71;545;71;278;69;22;36;3.4;2;5.7;2.3;1.7;459;4211;70;2496;72;72;79;2;1;25;8;334;5;25;100;0.1;0.1;0.1;80000;30;30;5.57;3.19;6.33;4.85;6.57;1.82;5.1;9.07;5.72;11.33;4.82;12.72;5.49;5.89;7.7;3.8;3.12;7.01;2.3;4.93;5.21;5.88;2.04;5.3;8.61;5.26;10.77;4.66;13;4.27;6.88;6.94;4.11;1;17.3;1.4;1.8;2.9;14.7;57.6
78;FV0780;Fourrage;FOURRAGES VERTS;Graminées Fourragères, Ray-Grass Anglais Année d'exploitation, 2e cycle après coupe épiaison Repousses à tiges de 6 semaines ;20.8;0.88;0.83;30;82;0;7.03;2.04;2.29;2.5;1.07;1.03;1.05;893;71;134;66;264;69;568;70;293;67;21;35;3.4;2;5.7;2.3;1.7;459;4215;68;2428;71;72;78;2;1;25;8;334;5;25;100;0.1;0.1;0.1;80000;30;30;5.57;3.19;6.33;4.85;6.57;1.82;5.1;9.07;5.72;11.33;4.82;12.72;5.49;5.89;7.7;3.8;3.12;7.03;2.29;4.93;5.21;5.87;2.04;5.3;8.6;5.26;10.78;4.66;13;4.26;6.88;6.94;4.11;1;17.5;1.4;1.8;2.9;14.8;57.1
79;FV0790;Fourrage;FOURRAGES VERTS;Graminées Fourragères, Ray-Grass Anglais Année d'exploitation, 2e cycle après coupe épiaison Repousses à tiges de 7 semaines ;22.2;0.87;0.82;28;80;-7;7.06;2.05;2.27;2.5;1.1;1.04;1.07;899;70;125;65;275;67;569;68;297;65;20;34;3;1.8;5.2;2.1;1.7;459;4226;67;2400;71;71;77;2;1;25;8;334;5;25;100;0.1;0.1;0.1;80000;30;30;5.57;3.19;6.33;4.85;6.57;1.82;5.1;9.07;5.72;11.33;4.82;12.72;5.49;5.89;7.7;3.8;3.12;7.06;2.27;4.92;5.22;5.87;2.05;5.32;8.58;5.26;10.78;4.66;13.01;4.23;6.87;6.95;4.11;1;17.7;1.4;1.8;3;15;56.5
80;FV0800;Fourrage;FOURRAGES VERTS;Graminées Fourragères, Ray-Grass Anglais Année d'exploitation, 2e cycle après coupe épiaison Repousses à tiges de 8 semaines ;23;0.8;0.74;28;78;-4;7.05;2.05;2.28;2.4;1.13;1.05;1.1;899;66;125;63;277;64;582;63;307;59;20;34;2.7;1.6;3.8;1.5;1.7;459;4226;63;2251;71;71;77;2;1;25;8;334;5;25;100;0.1;0.1;0.1;80000;30;30;5.57;3.19;6.33;4.85;6.57;1.82;5.1;9.07;5.72;11.33;4.82;12.72;5.49;5.89;7.7;3.8;3.12;7.05;2.28;4.92;5.22;5.87;2.05;5.31;8.59;5.26;10.78;4.66;13.01;4.24;6.87;6.94;4.11;1;17.7;1.4;1.8;3;15;56.5
81;FV0810;Fourrage;FOURRAGES VERTS;Graminées Fourragères, Ray-Grass Anglais Année d'exploitation, 2e cycle après coupe épiaison Repousses feuillues de 6 semaines ;20.3;1;0.98;40;95;33;6.68;2.13;2.49;2.8;0.97;0.99;0.98;890;78;180;72;230;81;519;78;257;77;26;41;3.7;2.2;6.2;2.5;1.7;459;4282;75;2710;74;76;85;2;1;25;8;334;5;25;100;0.1;0.1;0.1;80000;30;30;4.99;3.57;6.28;4.93;6.94;2.12;5.08;9.09;5.95;9.49;4.91;13.65;5.05;6;7.64;4.3;3.12;6.68;2.49;4.95;5.19;5.99;2.13;5.24;8.66;5.36;10.29;4.7;13.26;4.18;6.93;6.93;4.14;1;16.5;1.4;1.7;2.7;13.9;59.7
82;FV0820;Fourrage;FOURRAGES VERTS;Graminées Fourragères, Ray-Grass Anglais Année d'exploitation, 2e cycle après coupe épiaison Repousses feuillues de 7 semaines ;18.4;0.96;0.93;38;92;28;6.92;2.01;2.35;2.7;1.01;1;1;890;76;172;71;239;73;499;74;255;73;25;40;3.4;2;5.7;2.3;1.7;459;4268;73;2627;74;75;83;2;1;25;8;334;5;25;100;0.1;0.1;0.1;80000;30;30;5.57;3.19;6.33;4.85;6.57;1.82;5.1;9.07;5.72;11.33;4.82;12.72;5.49;5.89;7.7;3.8;3.12;6.92;2.35;4.96;5.18;5.88;2.01;5.26;8.65;5.28;10.75;4.67;12.98;4.33;6.88;6.94;4.1;1;16.6;1.4;1.7;2.7;14.1;59.3
83;FV0830;Fourrage;FOURRAGES VERTS;Graminées Fourragères, Ray-Grass Anglais Année d'exploitation, 2e cycle après coupe épiaison Repousses feuillues de 8 semaines ;21.8;0.91;0.87;32;85;9;7;2.03;2.31;2.5;1.08;1.03;1.06;896;73;147;67;255;68;529;71;277;69;23;37;3;1.8;4.3;1.7;1.7;459;4251;70;2514;72;73;80;2;1;25;8;334;5;25;100;0.1;0.1;0.1;80000;30;30;5.57;3.19;6.33;4.85;6.57;1.82;5.1;9.07;5.72;11.33;4.82;12.72;5.49;5.89;7.7;3.8;3.12;7;2.31;4.94;5.2;5.88;2.03;5.29;8.61;5.27;10.77;4.66;13;4.28;6.88;6.94;4.11;1;17.2;1.4;1.7;2.9;14.6;57.9
84;FV0840;Fourrage;FOURRAGES VERTS;Graminées Fourragères, Ray-Grass Anglais Année d'exploitation, 3e cycle Repousses feuillues de 4 semaines ;18.6;0.99;0.97;43;97;36;6.63;2.12;2.52;3.1;0.88;0.94;0.91;891;77;185;69;236;82;506;76;248;74;27;41;5.1;3.1;6.7;2.7;1.7;459;4295;74;2689;73;76;86;2;1;25;8;334;5;25;100;0.1;0.1;0.1;80000;30;30;4.99;3.57;6.28;4.93;6.94;2.12;5.08;9.09;5.95;9.49;4.91;13.65;5.05;6;7.64;4.3;3.12;6.63;2.52;4.96;5.18;6;2.12;5.22;8.68;5.36;10.26;4.71;13.27;4.2;6.93;6.92;4.14;1;16.4;1.4;1.6;2.7;13.8;59.9
85;FV0850;Fourrage;FOURRAGES VERTS;Graminées Fourragères, Ray-Grass Anglais Année d'exploitation, 3e cycle Repousses feuillues de 5 semaines ;15.8;0.95;0.92;39;93;35;6.68;2.13;2.49;2.6;1.02;1.01;1.01;894;75;179;73;243;77;554;75;273;72;26;41;4.4;2.6;6.2;2.5;1.7;459;4298;72;2603;74;75;84;2;1;25;8;334;5;25;100;0.1;0.1;0.1;80000;30;30;4.99;3.57;6.28;4.93;6.94;2.12;5.08;9.09;5.95;9.49;4.91;13.65;5.05;6;7.64;4.3;3.12;6.68;2.49;4.95;5.19;5.99;2.13;5.24;8.66;5.36;10.29;4.7;13.26;4.18;6.93;6.93;4.14;1;16.5;1.4;1.7;2.7;13.9;59.6
86;FV0860;Fourrage;FOURRAGES VERTS;Graminées Fourragères, Ray-Grass Anglais Année d'exploitation, 3e cycle Repousses feuillues de 6 semaines ;16.6;0.95;0.91;37;91;30;6.93;2.01;2.34;2.5;1.1;1.04;1.07;893;75;173;72;244;75;535;74;266;72;25;40;4.1;2.4;6.2;2.5;1.7;459;4283;72;2589;74;75;83;2;1;25;8;334;5;25;100;0.1;0.1;0.1;80000;30;30;5.57;3.19;6.33;4.85;6.57;1.82;5.1;9.07;5.72;11.33;4.82;12.72;5.49;5.89;7.7;3.8;3.12;6.93;2.34;4.96;5.18;5.88;2.01;5.27;8.65;5.28;10.75;4.67;12.98;4.32;6.88;6.94;4.1;1;16.6;1.4;1.7;2.7;14.1;59.3
87;FV0870;Fourrage;FOURRAGES VERTS;Graminées Fourragères, Ray-Grass Anglais Année d'exploitation, 3e cycle Repousses feuillues de 7 semaines ;16.6;0.91;0.87;36;88;27;6.94;2.02;2.34;2.4;1.12;1.05;1.09;890;73;167;69;247;73;542;71;272;68;25;39;3.7;2.2;5.7;2.3;1.7;459;4259;70;2502;74;74;82;2;1;25;8;334;5;25;100;0.1;0.1;0.1;80000;30;30;5.57;3.19;6.33;4.85;6.57;1.82;5.1;9.07;5.72;11.33;4.82;12.72;5.49;5.89;7.7;3.8;3.12;6.94;2.34;4.95;5.18;5.88;2.02;5.27;8.64;5.27;10.76;4.67;12.98;4.31;6.88;6.94;4.1;1;16.7;1.4;1.7;2.8;14.2;59
88;FV0880;Fourrage;FOURRAGES VERTS;Graminées Fourragères, Ray-Grass Anglais Année d'exploitation, 3e cycle Repousses feuillues de 8 semaines ;17.7;0.91;0.86;34;87;19;6.97;2.03;2.32;2.4;1.12;1.05;1.09;888;73;157;69;245;72;547;72;275;69;24;38;3.4;2;5.7;2.3;1.7;459;4233;70;2493;73;74;81;2;1;25;8;334;5;25;100;0.1;0.1;0.1;80000;30;30;5.57;3.19;6.33;4.85;6.57;1.82;5.1;9.07;5.72;11.33;4.82;12.72;5.49;5.89;7.7;3.8;3.12;6.97;2.32;4.94;5.19;5.88;2.03;5.28;8.63;5.27;10.76;4.66;12.99;4.3;6.88;6.94;4.1;1;16.9;1.4;1.7;2.8;14.4;58.4
89;FV0890;Fourrage;FOURRAGES VERTS;Graminées Fourragères, Ray-Grass Anglais Année d'exploitation, 4e cycle Repousses feuillues de 5 semaines ;16;0.99;0.96;44;98;51;6.61;2.12;2.53;2.8;0.96;0.98;0.97;891;77;200;74;240;76;511;76;233;72;28;43;4.1;2.4;5.2;2.1;1.7;459;4321;74;2686;75;77;87;2;1;25;8;334;5;25;100;0.1;0.1;0.1;80000;30;30;4.99;3.57;6.28;4.93;6.94;2.12;5.08;9.09;5.95;9.49;4.91;13.65;5.05;6;7.64;4.3;3.12;6.61;2.53;4.97;5.18;6.01;2.12;5.22;8.69;5.37;10.25;4.71;13.27;4.21;6.93;6.92;4.14;1;16.1;1.4;1.6;2.6;13.5;60.6
90;FV0900;Fourrage;FOURRAGES VERTS;Graminées Fourragères, Ray-Grass Anglais Année d'exploitation, 4e cycle Repousses feuillues de 6 semaines ;16.4;0.97;0.94;38;93;26;6.92;2.01;2.35;2.8;0.96;0.98;0.96;895;76;171;69;240;77;507;74;243;71;25;40;3.7;2.2;5.2;2.1;1.7;459;4288;73;2646;73;75;83;2;1;25;8;334;5;25;100;0.1;0.1;0.1;80000;30;30;5.57;3.19;6.33;4.85;6.57;1.82;5.1;9.07;5.72;11.33;4.82;12.72;5.49;5.89;7.7;3.8;3.12;6.92;2.35;4.96;5.18;5.89;2.01;5.26;8.65;5.28;10.75;4.67;12.98;4.33;6.88;6.94;4.1;1;16.6;1.4;1.7;2.7;14.1;59.2
91;FV0910;Fourrage;FOURRAGES VERTS;Graminées Fourragères, Ray-Grass Anglais Année d'exploitation, 4e cycle Repousses feuillues de 7 semaines ;15.6;0.97;0.94;36;90;21;6.96;2.02;2.33;2.6;1.05;1.02;1.04;899;76;164;70;226;74;502;74;243;71;25;39;3.7;2.2;5.2;2.1;1.7;459;4294;73;2644;73;74;82;2;1;25;8;334;5;25;100;0.1;0.1;0.1;80000;30;30;5.57;3.19;6.33;4.85;6.57;1.82;5.1;9.07;5.72;11.33;4.82;12.72;5.49;5.89;7.7;3.8;3.12;6.96;2.33;4.95;5.19;5.88;2.02;5.28;8.63;5.27;10.76;4.67;12.99;4.31;6.88;6.94;4.1;1;16.8;1.4;1.7;2.8;14.2;58.8
92;FV0920;Fourrage;FOURRAGES VERTS;Graminées Fourragères, Fétuque Des Prés Année d'exploitation, 1er cycle Feuillu ;15.3;1.08;1.07;49;104;83;7.18;2.09;2.08;3.3;0.81;0.9;0.85;880;82;235;80;186;82;499;84;215;83;30;45;3.4;2.3;5.7;2.3;2;309;4333;78;2881;78;84;96;2.8;0.5;20;8;134;6;25;100;0.08;0.08;0.2;75000;30;30;6.52;2.38;5.86;5.42;5.95;2.08;4.34;9.43;6.06;11.19;5.08;12.77;5.19;6.3;7.86;3.58;3.12;7.18;2.08;4.88;5.33;5.68;2.09;4.85;8.84;5.41;10.67;4.78;12.95;4.28;7.07;6.96;4.05;1;15.8;1.4;1.5;2.5;13.1;61.5
93;FV0930;Fourrage;FOURRAGES VERTS;Graminées Fourragères, Fétuque Des Prés Année d'exploitation, 1er cycle Épi à 10 cm du sol ;16.4;1.06;1.05;41;97;59;7.24;2.11;2.06;2.9;0.93;0.97;0.94;890;81;206;77;237;81;553;84;265;84;29;44;3;2.1;5.2;2.1;2;501;4327;77;2841;78;82;91;2.8;0.3;30;10;326;5;25;100;0.08;0.08;0.2;75000;30;30;6.52;2.38;5.86;5.42;5.95;2.08;4.34;9.43;6.06;11.19;5.08;12.77;5.19;6.3;7.86;3.58;3.12;7.24;2.06;4.87;5.34;5.69;2.11;4.92;8.78;5.39;10.7;4.76;12.97;4.23;7.04;6.96;4.07;1;16;1.4;1.6;2.5;13.4;60.9
94;FV0940;Fourrage;FOURRAGES VERTS;Graminées Fourragères, Fétuque Des Prés Année d'exploitation, 1er cycle 1 semaine avant le début de l'épiaison ;18.3;1.03;1.01;33;89;18;7.32;2.13;2.04;2.8;0.95;0.98;0.96;899;79;158;73;250;78;567;82;278;81;24;38;2.7;1.9;4.8;1.9;2;372;4284;76;2764;75;78;84;2.8;0.3;25;10;197;5;25;100;0.08;0.08;0.2;75000;30;30;6.52;2.38;5.86;5.42;5.95;2.08;4.34;9.43;6.06;11.19;5.08;12.77;5.19;6.3;7.86;3.58;3.12;7.32;2.04;4.84;5.36;5.7;2.13;5.01;8.7;5.36;10.73;4.74;13;4.17;7.02;6.96;4.08;1;16.9;1.4;1.7;2.8;14.3;58.5
95;FV0950;Fourrage;FOURRAGES VERTS;Graminées Fourragères, Fétuque Des Prés Année d'exploitation, 1er cycle Début épiaison ;18.6;0.98;0.95;28;83;0;7.45;2.06;1.98;2.5;1.06;1.03;1.04;912;76;135;69;276;75;594;78;303;77;21;36;2.7;1.9;4.8;1.9;2;372;4302;73;2665;75;76;81;2.8;0.3;25;10;197;5;25;100;0.08;0.08;0.2;75000;30;30;6.79;2.22;5.94;5.29;6.06;1.8;4.64;9.6;5.71;10.39;5.02;12.71;5.68;6.03;8.71;3.39;3.12;7.45;1.98;4.84;5.34;5.74;2.06;5.17;8.71;5.25;10.6;4.71;13.01;4.26;6.91;7.08;4.08;1;17.4;1.4;1.8;2.9;14.8;57.1
96;FV0960;Fourrage;FOURRAGES VERTS;Graminées Fourragères, Fétuque Des Prés Année d'exploitation, 1er cycle Épiaison ;19.1;0.91;0.86;24;78;-11;7.48;2.07;1.97;2.3;1.19;1.08;1.14;915;72;118;66;305;73;624;74;331;72;20;34;2.3;1.6;4.8;1.9;2;372;4286;69;2504;74;74;78;2.8;0.3;25;10;197;5;25;100;0.08;0.08;0.2;75000;30;30;6.79;2.22;5.94;5.29;6.06;1.8;4.64;9.6;5.71;10.39;5.02;12.71;5.68;6.03;8.71;3.39;3.12;7.48;1.97;4.83;5.35;5.74;2.07;5.21;8.66;5.24;10.63;4.7;13.02;4.22;6.9;7.07;4.09;1;17.9;1.4;1.8;3;15.1;56
97;FV0970;Fourrage;FOURRAGES VERTS;Graminées Fourragères, Fétuque Des Prés Année d'exploitation, 1er cycle Début floraison ;20.2;0.79;0.73;22;73;-9;7.48;2.08;1.96;2;1.37;1.14;1.26;920;65;113;63;342;66;663;66;367;64;19;33;2.3;1.6;4.8;1.9;2;372;4299;62;2241;75;74;77;2.8;0.3;25;10;197;5;25;100;0.08;0.08;0.2;75000;30;30;6.79;2.22;5.94;5.29;6.06;1.8;4.64;9.6;5.71;10.39;5.02;12.71;5.68;6.03;8.71;3.39;3.12;7.48;1.96;4.83;5.35;5.74;2.08;5.21;8.66;5.24;10.64;4.7;13.03;4.21;6.9;7.07;4.09;1;18;1.4;1.8;3;15.2;55.7
98;FV0980;Fourrage;FOURRAGES VERTS;Graminées Fourragères, Fétuque Des Prés Année d'exploitation, 2e cycle après déprimage Repousses à tiges de 6 semaines ;22.2;0.9;0.85;35;87;15;7.28;2.12;2.05;2.8;0.98;0.99;0.98;906;71;154;70;288;66;606;71;314;69;23;38;2.7;1.9;4.3;1.7;2;301;4308;68;2479;72;73;81;2.5;0.3;20;8;144;5;25;100;0.08;0.08;0.2;75000;30;30;6.52;2.38;5.86;5.42;5.95;2.08;4.34;9.43;6.06;11.19;5.08;12.77;5.19;6.3;7.86;3.58;3.12;7.28;2.05;4.86;5.35;5.69;2.12;4.96;8.74;5.38;10.71;4.76;12.98;4.2;7.03;6.96;4.07;1;17;1.4;1.7;2.8;14.4;58.3
99;FV0990;Fourrage;FOURRAGES VERTS;Graminées Fourragères, Fétuque Des Prés Année d'exploitation, 2e cycle après coupe épiaison Repousses feuillues de 6 semaines ;17;0.97;0.94;42;96;35;7.23;2.1;2.07;3;0.9;0.95;0.92;906;75;182;72;242;67;558;75;270;72;26;41;3;2.1;4.8;1.9;2;301;4357;72;2651;73;76;85;2.5;0.3;20;8;144;5;25;100;0.08;0.08;0.2;75000;30;30;6.52;2.38;5.86;5.42;5.95;2.08;4.34;9.43;6.06;11.19;5.08;12.77;5.19;6.3;7.86;3.58;3.12;7.23;2.07;4.87;5.34;5.69;2.1;4.9;8.79;5.4;10.69;4.77;12.97;4.25;7.05;6.96;4.06;1;16.4;1.4;1.6;2.7;13.9;59.8
100;FV1000;Fourrage;FOURRAGES VERTS;Graminées Fourragères, Fétuque Des Prés Année d'exploitation, 2e cycle après coupe épiaison Repousses feuillues de 7 semaines ;20.2;0.95;0.91;37;90;15;7.27;2.12;2.05;2.9;0.92;0.96;0.94;904;74;158;68;243;67;559;74;271;70;24;38;2.7;1.9;4.3;1.7;2;301;4306;71;2595;72;74;82;2.5;0.3;20;8;144;5;25;100;0.08;0.08;0.2;75000;30;30;6.52;2.38;5.86;5.42;5.95;2.08;4.34;9.43;6.06;11.19;5.08;12.77;5.19;6.3;7.86;3.58;3.12;7.27;2.05;4.86;5.35;5.69;2.12;4.95;8.75;5.38;10.71;4.76;12.98;4.21;7.04;6.96;4.07;1;16.9;1.4;1.7;2.8;14.3;58.5
101;FV1010;Fourrage;FOURRAGES VERTS;Graminées Fourragères, Fétuque Des Prés Année d'exploitation, 2e cycle après coupe épiaison Repousses feuillues de 8 semaines ;21.5;0.92;0.88;31;84;-4;7.41;2.03;1.99;2.9;0.94;0.97;0.95;895;73;133;64;245;68;561;72;272;68;21;35;2.3;1.6;3.8;1.5;2;301;4222;70;2521;70;71;79;2.5;0.3;20;8;144;5;25;100;0.08;0.08;0.2;75000;30;30;6.79;2.22;5.94;5.29;6.06;1.8;4.64;9.6;5.71;10.39;5.02;12.71;5.68;6.03;8.71;3.39;3.12;7.41;1.99;4.86;5.32;5.73;2.03;5.12;8.76;5.26;10.57;4.72;12.99;4.32;6.92;7.09;4.07;1;17.5;1.4;1.8;2.9;14.8;57
102;FV1020;Fourrage;FOURRAGES VERTS;Graminées Fourragères, Fétuque Des Prés Année d'exploitation, 3e cycle Repousses feuillues de 6 semaines ;21.5;0.93;0.89;40;93;32;7.23;2.1;2.07;2.9;0.92;0.96;0.94;900;73;176;71;263;67;580;73;290;70;26;40;2.7;1.9;5.7;2.3;2;301;4319;70;2554;73;75;84;2.5;0.3;20;8;144;5;25;100;0.08;0.08;0.2;75000;30;30;6.52;2.38;5.86;5.42;5.95;2.08;4.34;9.43;6.06;11.19;5.08;12.77;5.19;6.3;7.86;3.58;3.12;7.23;2.07;4.87;5.34;5.69;2.1;4.91;8.79;5.39;10.69;4.77;12.97;4.24;7.05;6.96;4.06;1;16.5;1.4;1.7;2.7;14;59.5
103;FV1030;Fourrage;FOURRAGES VERTS;Graminées Fourragères, Fétuque Des Prés Année d'exploitation, 3e cycle Repousses feuillues de 7 semaines ;20.6;0.9;0.85;37;89;23;7.26;2.11;2.06;2.8;0.97;0.99;0.97;886;72;163;69;272;70;589;72;299;69;24;39;2.7;1.9;5.7;2.3;2;301;4234;69;2469;73;74;82;2.5;0.3;20;8;144;5;25;100;0.08;0.08;0.2;75000;30;30;6.52;2.38;5.86;5.42;5.95;2.08;4.34;9.43;6.06;11.19;5.08;12.77;5.19;6.3;7.86;3.58;3.12;7.26;2.06;4.86;5.34;5.69;2.11;4.94;8.76;5.38;10.7;4.76;12.98;4.22;7.04;6.96;4.07;1;16.8;1.4;1.7;2.8;14.2;58.8
104;FV1040;Fourrage;FOURRAGES VERTS;Graminées Fourragères, Fétuque Des Prés Année d'exploitation, 3e cycle Repousses feuillues de 8 semaines ;22.5;0.89;0.84;34;86;12;7.28;2.12;2.05;2.7;0.99;1;0.99;898;71;150;65;262;67;579;70;289;66;23;37;2.3;1.6;5.7;2.3;2;301;4265;68;2456;72;73;81;2.5;0.3;20;8;144;5;25;100;0.08;0.08;0.2;75000;30;30;6.52;2.38;5.86;5.42;5.95;2.08;4.34;9.43;6.06;11.19;5.08;12.77;5.19;6.3;7.86;3.58;3.12;7.28;2.05;4.85;5.35;5.7;2.12;4.97;8.74;5.37;10.72;4.75;12.99;4.2;7.03;6.96;4.08;1;17.1;1.4;1.7;2.8;14.5;58
105;FV1050;Fourrage;FOURRAGES VERTS;Graminées Fourragères, Fétuque Elevée Année de semis 2e cycle, toutes exploitations ;20.7;0.85;0.8;42;92;49;6.51;2.11;2.6;2.8;0.98;0.99;0.99;869;70;191;76;273;65;560;68;298;65;27;42;2.7;1.9;5.2;2.1;2;301;4207;67;2362;75;76;86;2.5;0.3;20;8;144;5;25;100;0.08;0.08;0.2;75000;30;30;4.76;3.73;6.1;4.88;7.07;2.12;5.09;9.28;5.92;8.94;4.93;14.02;5.24;5.61;7.9;4.41;3.12;6.51;2.6;4.93;5.16;6.05;2.11;5.22;8.77;5.36;10.1;4.72;13.4;4.29;6.76;6.97;4.15;1;16.3;1.4;1.6;2.6;13.7;60.2
106;FV1060;Fourrage;FOURRAGES VERTS;Graminées Fourragères, Fétuque Elevée Année d'exploitation, 1er cycle Feuillu ;18.6;0.91;0.87;40;92;64;6.56;2.12;2.58;2.8;0.96;0.98;0.97;857;74;204;76;235;76;546;73;261;69;29;43;3.4;2.3;3.8;1.5;2;509;4176;71;2485;78;82;90;2.8;0.5;30;10;334;5;25;100;0.08;0.08;0.2;75000;30;30;4.76;3.73;6.1;4.88;7.07;2.12;5.09;9.28;5.92;8.94;4.93;14.02;5.24;5.61;7.9;4.41;3.12;6.56;2.58;4.92;5.17;6.04;2.12;5.24;8.75;5.35;10.13;4.71;13.4;4.27;6.76;6.97;4.16;1;16;1.4;1.6;2.5;13.4;60.8
107;FV1070;Fourrage;FOURRAGES VERTS;Graminées Fourragères, Fétuque Elevée Année d'exploitation, 1er cycle Épi à 10 cm du sol ;20;0.88;0.84;33;85;31;6.68;2.14;2.5;2.7;0.99;1;0.99;869;72;165;70;247;72;550;70;278;67;25;39;3;2.1;3.8;1.5;1.5;372;4162;69;2424;76;79;85;2.5;0.3;25;10;216;5;25;100;0.08;0.08;0.2;75000;30;30;4.76;3.73;6.1;4.88;7.07;2.12;5.09;9.28;5.92;8.94;4.93;14.02;5.24;5.61;7.9;4.41;3.12;6.68;2.5;4.9;5.2;6.02;2.14;5.27;8.69;5.33;10.22;4.7;13.37;4.21;6.77;6.97;4.16;1;16.8;1.4;1.7;2.8;14.2;58.9
108;FV1080;Fourrage;FOURRAGES VERTS;Graminées Fourragères, Fétuque Elevée Année d'exploitation, 1er cycle 1 semaine avant le début de l'épiaison ;19.2;0.84;0.79;29;80;12;6.78;2.15;2.45;2.5;1.06;1.03;1.05;869;70;141;66;249;68;555;67;286;64;22;36;3;2.1;3.3;1.3;1.5;372;4120;67;2335;75;76;82;2.5;0.3;25;10;216;5;25;100;0.08;0.08;0.2;75000;30;30;4.76;3.73;6.1;4.88;7.07;2.12;5.09;9.28;5.92;8.94;4.93;14.02;5.24;5.61;7.9;4.41;3.12;6.78;2.45;4.88;5.22;6;2.15;5.3;8.65;5.32;10.28;4.69;13.36;4.17;6.77;6.97;4.16;1;17.3;1.4;1.8;2.9;14.7;57.5
109;FV1090;Fourrage;FOURRAGES VERTS;Graminées Fourragères, Fétuque Elevée Année d'exploitation, 1er cycle Début épiaison ;19.5;0.81;0.76;26;77;3;6.83;2.16;2.42;2.5;1.09;1.04;1.07;874;68;129;66;269;67;579;66;307;63;21;35;2.7;1.9;3.3;1.3;1.5;372;4122;65;2268;75;75;80;2.5;0.3;25;10;216;5;25;100;0.08;0.08;0.2;75000;30;30;4.76;3.73;6.1;4.88;7.07;2.12;5.09;9.28;5.92;8.94;4.93;14.02;5.24;5.61;7.9;4.41;3.12;6.83;2.42;4.88;5.23;5.99;2.16;5.31;8.63;5.31;10.31;4.69;13.35;4.15;6.77;6.97;4.16;1;17.6;1.4;1.8;3;14.9;56.8
110;FV1100;Fourrage;FOURRAGES VERTS;Graminées Fourragères, Fétuque Elevée Année d'exploitation, 1er cycle Épiaison ;20.9;0.77;0.71;23;73;-10;6.91;2.17;2.38;2.3;1.15;1.06;1.11;883;65;111;61;295;64;594;62;321;59;19;33;2.7;1.9;3.3;1.3;1.5;372;4131;62;2171;74;73;78;2.5;0.3;25;10;216;5;25;100;0.08;0.08;0.2;75000;30;30;4.76;3.73;6.1;4.88;7.07;2.12;5.09;9.28;5.92;8.94;4.93;14.02;5.24;5.61;7.9;4.41;3.12;6.91;2.38;4.86;5.25;5.97;2.17;5.34;8.6;5.3;10.36;4.68;13.34;4.11;6.78;6.97;4.17;1;18.1;1.4;1.8;3.1;15.3;55.6
111;FV1110;Fourrage;FOURRAGES VERTS;Graminées Fourragères, Fétuque Elevée Année d'exploitation, 1er cycle Fin épiaison ;20.9;0.75;0.68;21;70;-17;6.96;2.17;2.35;2.2;1.24;1.09;1.17;882;64;102;61;304;64;602;61;330;59;18;32;2.3;1.6;3.3;1.3;1.5;372;4111;61;2123;73;73;76;2.5;0.3;25;10;216;5;25;100;0.08;0.08;0.2;75000;30;30;4.76;3.73;6.1;4.88;7.07;2.12;5.09;9.28;5.92;8.94;4.93;14.02;5.24;5.61;7.9;4.41;3.12;6.96;2.35;4.85;5.27;5.96;2.17;5.35;8.57;5.29;10.4;4.67;13.33;4.09;6.78;6.97;4.17;1;18.3;1.4;1.9;3.1;15.4;54.9
112;FV1120;Fourrage;FOURRAGES VERTS;Graminées Fourragères, Fétuque Elevée Année d'exploitation, 1er cycle Début floraison ;20.4;0.67;0.59;20;67;-14;6.96;2.17;2.35;2;1.34;1.13;1.24;884;59;100;58;322;60;634;56;355;54;18;32;2.3;1.6;3.3;1.3;1.5;372;4116;56;1942;74;72;76;2.5;0.3;25;10;216;5;25;100;0.08;0.08;0.2;75000;30;30;4.76;3.73;6.1;4.88;7.07;2.12;5.09;9.28;5.92;8.94;4.93;14.02;5.24;5.61;7.9;4.41;3.12;6.96;2.35;4.85;5.27;5.96;2.17;5.35;8.57;5.29;10.4;4.67;13.33;4.09;6.78;6.97;4.17;1;18.4;1.4;1.9;3.1;15.5;54.8
113;FV1130;Fourrage;FOURRAGES VERTS;Graminées Fourragères, Fétuque Elevée Année d'exploitation, 1er cycle Floraison ;23;0.65;0.56;19;66;-15;6.97;2.18;2.34;1.9;1.39;1.14;1.27;887;57;97;58;330;58;649;55;363;52;17;31;2.3;1.6;3.3;1.3;1.5;372;4124;55;1874;74;72;75;2.5;0.3;25;10;216;5;25;100;0.08;0.08;0.2;75000;30;30;4.76;3.73;6.1;4.88;7.07;2.12;5.09;9.28;5.92;8.94;4.93;14.02;5.24;5.61;7.9;4.41;3.12;6.97;2.34;4.85;5.27;5.96;2.18;5.36;8.57;5.28;10.41;4.67;13.33;4.08;6.78;6.97;4.17;1;18.4;1.4;1.9;3.1;15.5;54.6
114;FV1140;Fourrage;FOURRAGES VERTS;Graminées Fourragères, Fétuque Elevée Année d'exploitation, 2e cycle après déprimage Repousses à tiges de 5 semaines ;19.1;0.79;0.73;29;79;8;6.74;2.15;2.47;2.3;1.19;1.08;1.14;847;68;137;69;265;67;547;64;292;61;22;36;3.4;2.3;4.3;1.7;2;301;4015;65;2197;73;72;78;2.5;0.3;20;8;144;5;25;100;0.08;0.08;0.2;75000;30;30;4.76;3.73;6.1;4.88;7.07;2.12;5.09;9.28;5.92;8.94;4.93;14.02;5.24;5.61;7.9;4.41;3.12;6.74;2.47;4.89;5.21;6.01;2.15;5.29;8.67;5.32;10.26;4.69;13.37;4.19;6.77;6.97;4.16;1;17.4;1.4;1.8;2.9;14.8;57.3
115;FV1150;Fourrage;FOURRAGES VERTS;Graminées Fourragères, Fétuque Elevée Année d'exploitation, 2e cycle après coupe épiaison Repousses feuillues de 5 semaines ;20.8;0.88;0.84;36;88;22;6.63;2.13;2.53;2.7;0.99;1;0.99;873;72;161;71;256;72;543;70;284;68;24;39;4.1;2.8;4.8;1.9;2;301;4173;69;2433;73;74;82;2.5;0.3;20;8;144;5;25;100;0.08;0.08;0.2;75000;30;30;4.76;3.73;6.1;4.88;7.07;2.12;5.09;9.28;5.92;8.94;4.93;14.02;5.24;5.61;7.9;4.41;3.12;6.63;2.53;4.91;5.19;6.03;2.13;5.26;8.72;5.34;10.18;4.71;13.38;4.24;6.77;6.97;4.16;1;16.8;1.4;1.7;2.8;14.3;58.7
116;FV1160;Fourrage;FOURRAGES VERTS;Graminées Fourragères, Fétuque Elevée Année d'exploitation, 2e cycle après coupe épiaison Repousses feuillues de 6 semaines ;19.4;0.84;0.79;33;84;15;6.67;2.14;2.51;2.6;1.04;1.02;1.03;866;70;150;70;260;70;551;67;293;65;23;37;3.7;2.6;4.8;1.9;2;301;4123;67;2333;72;73;80;2.5;0.3;20;8;144;5;25;100;0.08;0.08;0.2;75000;30;30;4.76;3.73;6.1;4.88;7.07;2.12;5.09;9.28;5.92;8.94;4.93;14.02;5.24;5.61;7.9;4.41;3.12;6.67;2.51;4.9;5.2;6.02;2.14;5.27;8.7;5.33;10.21;4.7;13.38;4.22;6.77;6.97;4.16;1;17.1;1.4;1.7;2.8;14.5;58
117;FV1170;Fourrage;FOURRAGES VERTS;Graminées Fourragères, Fétuque Elevée Année d'exploitation, 2e cycle après coupe épiaison Repousses feuillues de 7 semaines ;21.5;0.8;0.74;30;80;4;6.74;2.14;2.47;2.5;1.08;1.03;1.06;873;67;134;66;273;68;556;63;303;60;21;35;3.4;2.3;4.3;1.7;2;301;4126;64;2233;72;72;78;2.5;0.3;20;8;144;5;25;100;0.08;0.08;0.2;75000;30;30;4.76;3.73;6.1;4.88;7.07;2.12;5.09;9.28;5.92;8.94;4.93;14.02;5.24;5.61;7.9;4.41;3.12;6.74;2.47;4.89;5.21;6.01;2.14;5.29;8.67;5.32;10.25;4.7;13.37;4.19;6.77;6.97;4.16;1;17.5;1.4;1.8;2.9;14.8;57.1
118;FV1180;Fourrage;FOURRAGES VERTS;Graminées Fourragères, Fétuque Elevée Année d'exploitation, 3e cycle Repousses feuillues de 6 semaines ;17.7;0.87;0.83;37;88;25;6.61;2.13;2.55;2.8;0.97;0.99;0.98;861;72;164;71;260;73;546;70;279;67;25;39;3.4;2.3;5.7;2.3;2;301;4125;69;2405;73;74;83;2.5;0.3;20;8;144;5;25;100;0.08;0.08;0.2;75000;30;30;4.76;3.73;6.1;4.88;7.07;2.12;5.09;9.28;5.92;8.94;4.93;14.02;5.24;5.61;7.9;4.41;3.12;6.61;2.55;4.92;5.18;6.03;2.13;5.25;8.73;5.34;10.17;4.71;13.39;4.25;6.76;6.97;4.16;1;16.8;1.4;1.7;2.8;14.2;58.8
119;FV1190;Fourrage;FOURRAGES VERTS;Graminées Fourragères, Fétuque Elevée Année d'exploitation, 3e cycle Repousses feuillues de 7 semaines ;17.9;0.84;0.79;35;86;22;6.63;2.13;2.54;2.7;1;1;1;860;70;158;72;258;71;547;67;277;63;24;38;3.4;2.3;5.7;2.3;2;301;4110;67;2325;73;74;82;2.5;0.3;20;8;144;5;25;100;0.08;0.08;0.2;75000;30;30;4.76;3.73;6.1;4.88;7.07;2.12;5.09;9.28;5.92;8.94;4.93;14.02;5.24;5.61;7.9;4.41;3.12;6.63;2.54;4.91;5.19;6.03;2.13;5.26;8.72;5.34;10.18;4.71;13.38;4.24;6.77;6.97;4.16;1;16.9;1.4;1.7;2.8;14.3;58.5
120;FV1200;Fourrage;FOURRAGES VERTS;Graminées Fourragères, Fétuque Elevée Année d'exploitation, 3e cycle Repousses feuillues de 8 semaines ;18.6;0.84;0.79;33;83;11;6.68;2.14;2.5;2.7;1.01;1.01;1.01;859;70;145;68;251;70;552;67;283;64;23;37;3;2.1;5.7;2.3;2;301;4083;67;2316;72;73;80;2.5;0.3;20;8;144;5;25;100;0.08;0.08;0.2;75000;30;30;4.76;3.73;6.1;4.88;7.07;2.12;5.09;9.28;5.92;8.94;4.93;14.02;5.24;5.61;7.9;4.41;3.12;6.68;2.5;4.9;5.2;6.02;2.14;5.27;8.69;5.33;10.22;4.7;13.37;4.21;6.77;6.97;4.16;1;17.2;1.4;1.8;2.9;14.6;57.8
121;FV1210;Fourrage;FOURRAGES VERTS;Graminées Fourragères, Dactyle Année de semis 1re exploitation Feuillu;14.1;0.89;0.85;47;99;88;6.7;2.15;2.61;2.3;1.15;1.06;1.11;867;73;234;79;260;74;550;72;290;70;30;45;3.4;2.3;3.8;1.5;1.8;437;4273;70;2467;78;79;92;1.4;0.5;25;8;350;6;25;100;0.05;0.02;0.1;150000;30;30;5.39;3.62;6.7;5.41;6.44;2.2;5.48;8.25;5.87;9.65;5.87;12.38;4.25;5.91;7.77;4.81;3.12;6.7;2.61;5.09;5.33;5.86;2.15;5.39;8.4;5.36;10.26;5.15;12.82;3.93;6.91;6.95;4.2;1;15.8;1.4;1.5;2.5;13.1;61.5
122;FV1220;Fourrage;FOURRAGES VERTS;Graminées Fourragères, Dactyle Année de semis 2e exploitation Feuillu;14.6;0.95;0.92;42;95;57;6.67;2.03;2.25;2.4;1.12;1.05;1.09;856;77;202;75;218;80;559;78;258;75;29;43;3.4;2.3;6.2;2.5;1.8;329;4168;74;2574;76;77;87;1.4;0.3;20;7;241;6;25;100;0.05;0.02;0.1;150000;30;30;5.1;2.84;6.42;5.26;6.99;1.9;5.21;9.17;6.17;10.15;4.74;13.08;5.31;5.86;8.01;3.77;3.12;6.67;2.25;5;5.29;6.02;2.03;5.28;8.72;5.45;10.44;4.64;13.08;4.31;6.87;6.99;4.09;1;16.1;1.4;1.6;2.6;13.5;60.7
123;FV1230;Fourrage;FOURRAGES VERTS;Graminées Fourragères, Dactyle Année d'exploitation, 1er cycle Feuillu ;16;1.02;0.99;50;104;95;6.71;2.15;2.61;3.3;0.83;0.92;0.87;891;78;245;78;177;82;490;77;206;72;30;45;3.7;2.6;4.3;1.7;1.8;437;4399;75;2762;79;84;97;1.4;0.5;25;8;350;6;25;100;0.05;0.02;0.1;150000;30;30;5.39;3.62;6.7;5.41;6.44;2.2;5.48;8.25;5.87;9.65;5.87;12.38;4.25;5.91;7.77;4.81;3.12;6.71;2.61;5.09;5.33;5.86;2.15;5.39;8.4;5.36;10.26;5.15;12.83;3.93;6.91;6.95;4.2;1;15.8;1.4;1.5;2.5;13.1;61.5
124;FV1240;Fourrage;FOURRAGES VERTS;Graminées Fourragères, Dactyle Année d'exploitation, 1er cycle Épi à 10 cm du sol ;16.7;0.98;0.95;42;96;66;6.68;2.03;2.25;3;0.9;0.95;0.92;875;77;210;76;233;76;537;77;248;74;29;44;3.4;2.3;3.8;1.5;1.6;329;4267;74;2654;78;82;91;1.3;0.3;20;7;247;6;25;100;0.05;0.02;0.1;150000;30;30;5.1;2.84;6.42;5.26;6.99;1.9;5.21;9.17;6.17;10.15;4.74;13.08;5.31;5.86;8.01;3.77;3.12;6.68;2.25;4.99;5.29;6.02;2.03;5.28;8.71;5.45;10.44;4.64;13.08;4.3;6.87;6.99;4.09;1;15.9;1.4;1.6;2.5;13.3;61.1
125;FV1250;Fourrage;FOURRAGES VERTS;Graminées Fourragères, Dactyle Année d'exploitation, 1er cycle 1 semaine avant le début de l'épiaison ;16.1;0.96;0.93;39;92;51;6.85;1.82;2.07;2.9;0.93;0.97;0.94;882;76;193;76;251;76;563;77;280;75;28;42;2.7;1.9;3.3;1.3;1.6;329;4269;73;2624;77;81;89;1.3;0.3;20;7;247;6;25;100;0.05;0.02;0.1;150000;30;30;5.41;2.39;6.07;5.48;7.43;1.37;5.48;8.22;5.9;13.86;5.42;11.91;4.58;5.79;7.29;3.38;3.12;6.85;2.07;4.92;5.37;6.15;1.82;5.42;8.37;5.35;11.37;4.91;12.72;4.02;6.85;6.88;4.06;1;16.2;1.4;1.6;2.6;13.7;60.3
126;FV1260;Fourrage;FOURRAGES VERTS;Graminées Fourragères, Dactyle Année d'exploitation, 1er cycle Début épiaison ;16.3;0.92;0.88;32;85;24;6.95;1.87;2.05;2.7;1;1;1;878;74;159;72;256;75;560;74;284;72;24;38;2.3;1.6;2.9;1.1;1.6;329;4192;71;2517;76;78;84;1.3;0.3;20;7;247;6;25;100;0.05;0.02;0.1;150000;30;30;5.41;2.39;6.07;5.48;7.43;1.37;5.48;8.22;5.9;13.86;5.42;11.91;4.58;5.79;7.29;3.38;3.12;6.95;2.05;4.89;5.38;6.12;1.87;5.44;8.35;5.33;11.33;4.88;12.77;3.99;6.85;6.89;4.07;1;16.9;1.4;1.7;2.8;14.3;58.6
127;FV1270;Fourrage;FOURRAGES VERTS;Graminées Fourragères, Dactyle Année d'exploitation, 1er cycle Épiaison ;16.7;0.89;0.85;29;81;13;7.01;1.9;2.04;2.4;1.11;1.05;1.08;888;72;144;69;285;73;598;73;314;71;22;37;2.3;1.6;2.9;1.1;1.6;329;4210;69;2452;76;77;82;1.3;0.3;20;7;247;6;25;100;0.05;0.02;0.1;150000;30;30;5.41;2.39;6.07;5.48;7.43;1.37;5.48;8.22;5.9;13.86;5.42;11.91;4.58;5.79;7.29;3.38;3.12;7.01;2.04;4.88;5.39;6.09;1.9;5.45;8.34;5.32;11.31;4.86;12.8;3.97;6.84;6.89;4.08;1;17.2;1.4;1.8;2.9;14.6;57.7
128;FV1280;Fourrage;FOURRAGES VERTS;Graminées Fourragères, Dactyle Année d'exploitation, 1er cycle Fin épiaison ;18;0.81;0.75;24;75;-4;7.09;1.94;2.02;2.2;1.24;1.09;1.17;899;67;120;64;314;70;632;67;342;65;20;34;2.3;1.6;2.9;1.1;1.6;329;4218;64;2277;75;74;78;1.3;0.3;20;7;247;6;25;100;0.05;0.02;0.1;150000;30;30;5.41;2.39;6.07;5.48;7.43;1.37;5.48;8.22;5.9;13.86;5.42;11.91;4.58;5.79;7.29;3.38;3.12;7.09;2.02;4.86;5.4;6.06;1.94;5.47;8.33;5.3;11.27;4.83;12.84;3.95;6.84;6.9;4.09;1;17.8;1.4;1.8;3;15.1;56.2
129;FV1290;Fourrage;FOURRAGES VERTS;Graminées Fourragères, Dactyle Année d'exploitation, 1er cycle Début floraison ;18.7;0.77;0.7;22;72;-11;7.12;1.96;2.01;2;1.32;1.12;1.23;910;64;110;62;337;67;668;65;370;63;19;33;2.3;1.6;2.9;1.1;1.6;329;4249;61;2183;74;73;77;1.3;0.3;20;7;247;6;25;100;0.05;0.02;0.1;150000;30;30;5.41;2.39;6.07;5.48;7.43;1.37;5.48;8.22;5.9;13.86;5.42;11.91;4.58;5.79;7.29;3.38;3.12;7.12;2.01;4.85;5.4;6.05;1.96;5.47;8.32;5.29;11.26;4.82;12.86;3.93;6.84;6.91;4.1;1;18.1;1.4;1.9;3.1;15.3;55.5
130;FV1300;Fourrage;FOURRAGES VERTS;Graminées Fourragères, Dactyle Année d'exploitation, 1er cycle Floraison ;22.7;0.69;0.61;19;67;-17;7.16;1.97;2;1.9;1.42;1.15;1.29;910;59;98;59;339;58;656;58;372;56;18;31;2;1.4;2.4;1;1.6;329;4229;56;1991;74;72;75;1.3;0.3;20;7;247;6;25;100;0.05;0.02;0.1;150000;30;30;5.41;2.39;6.07;5.48;7.43;1.37;5.48;8.22;5.9;13.86;5.42;11.91;4.58;5.79;7.29;3.38;3.12;7.16;2;4.84;5.4;6.03;1.97;5.48;8.31;5.28;11.24;4.81;12.87;3.92;6.84;6.91;4.1;1;18.4;1.4;1.9;3.1;15.5;54.6
131;FV1310;Fourrage;FOURRAGES VERTS;Graminées Fourragères, Dactyle Année d'exploitation, 1er cycle Fin floraison ;25.8;0.66;0.58;18;66;-18;7.17;1.98;2;1.8;1.49;1.17;1.33;918;57;95;59;353;56;680;57;393;56;17;31;2;1.4;2.4;1;1.6;329;4259;55;1930;74;72;75;1.3;0.3;20;7;247;6;25;100;0.05;0.02;0.1;150000;30;30;5.41;2.39;6.07;5.48;7.43;1.37;5.48;8.22;5.9;13.86;5.42;11.91;4.58;5.79;7.29;3.38;3.12;7.17;2;4.84;5.41;6.03;1.98;5.48;8.31;5.28;11.23;4.8;12.88;3.92;6.84;6.91;4.1;1;18.5;1.4;1.9;3.1;15.6;54.4
132;FV1320;Fourrage;FOURRAGES VERTS;Graminées Fourragères, Dactyle Année d'exploitation, 2e cycle après déprimage Repousses à tiges de 8 semaines ;29.7;0.59;0.49;19;64;-23;7.14;1.96;2.01;2;1.32;1.12;1.23;912;52;88;64;338;47;655;49;380;47;17;30;2.7;1.9;4.3;1.7;1.8;201;4220;50;1745;69;67;70;1.4;0.3;15;7;113;6;25;100;0.05;0.02;0.1;150000;30;30;5.41;2.39;6.07;5.48;7.43;1.37;5.48;8.22;5.9;13.86;5.42;11.91;4.58;5.79;7.29;3.38;3.12;7.14;2.01;4.85;5.4;6.04;1.96;5.48;8.32;5.29;11.25;4.81;12.86;3.93;6.84;6.91;4.1;1;18.7;1.4;1.9;3.2;15.7;53.9
133;FV1330;Fourrage;FOURRAGES VERTS;Graminées Fourragères, Dactyle Année d'exploitation, 2e cycle après coupe épiaison Repousses feuillues de 4 semaines ;18.8;0.88;0.83;37;89;25;6.86;1.83;2.07;2.8;0.96;0.98;0.97;889;71;165;71;272;73;604;71;309;68;25;39;3;2.1;5.7;2.3;1.8;201;4251;68;2442;73;74;83;1.4;0.3;15;7;113;6;25;100;0.05;0.02;0.1;150000;30;30;5.41;2.39;6.07;5.48;7.43;1.37;5.48;8.22;5.9;13.86;5.42;11.91;4.58;5.79;7.29;3.38;3.12;6.86;2.07;4.92;5.37;6.15;1.83;5.42;8.37;5.35;11.37;4.91;12.73;4.02;6.85;6.88;4.06;1;16.8;1.4;1.7;2.8;14.2;58.9
134;FV1340;Fourrage;FOURRAGES VERTS;Graminées Fourragères, Dactyle Année d'exploitation, 2e cycle après coupe épiaison Repousses feuillues de 5 semaines ;20.5;0.85;0.8;37;88;28;6.86;1.83;2.07;2.7;1.01;1;1;892;69;166;71;290;71;614;69;315;66;25;39;3;2.1;5.2;2.1;1.8;201;4266;66;2370;73;74;83;1.4;0.3;15;7;113;6;25;100;0.05;0.02;0.1;150000;30;30;5.41;2.39;6.07;5.48;7.43;1.37;5.48;8.22;5.9;13.86;5.42;11.91;4.58;5.79;7.29;3.38;3.12;6.86;2.07;4.92;5.37;6.15;1.83;5.42;8.37;5.35;11.37;4.91;12.73;4.02;6.85;6.88;4.06;1;16.7;1.4;1.7;2.8;14.2;58.9
135;FV1350;Fourrage;FOURRAGES VERTS;Graminées Fourragères, Dactyle Année d'exploitation, 2e cycle après coupe épiaison Repousses feuillues de 6 semaines ;21.6;0.85;0.8;35;86;18;6.89;1.84;2.06;2.6;1.02;1.01;1.02;894;69;155;70;298;71;615;69;317;66;24;38;2.7;1.9;4.8;1.9;1.8;201;4256;66;2370;73;73;81;1.4;0.3;15;7;113;6;25;100;0.05;0.02;0.1;150000;30;30;5.41;2.39;6.07;5.48;7.43;1.37;5.48;8.22;5.9;13.86;5.42;11.91;4.58;5.79;7.29;3.38;3.12;6.89;2.06;4.91;5.38;6.14;1.84;5.43;8.36;5.34;11.35;4.9;12.74;4.01;6.85;6.88;4.06;1;17;1.4;1.7;2.8;14.4;58.3
136;FV1360;Fourrage;FOURRAGES VERTS;Graminées Fourragères, Dactyle Année d'exploitation, 2e cycle après coupe épiaison Repousses feuillues de 7 semaines ;23.5;0.82;0.76;32;83;11;6.92;1.86;2.06;2.6;1.03;1.01;1.02;894;67;145;68;303;70;620;67;324;63;23;37;2.7;1.9;4.8;1.9;1.8;201;4239;64;2292;72;73;80;1.4;0.3;15;7;113;6;25;100;0.05;0.02;0.1;150000;30;30;5.41;2.39;6.07;5.48;7.43;1.37;5.48;8.22;5.9;13.86;5.42;11.91;4.58;5.79;7.29;3.38;3.12;6.92;2.06;4.9;5.38;6.13;1.86;5.43;8.36;5.33;11.34;4.89;12.76;4;6.85;6.89;4.07;1;17.2;1.4;1.8;2.9;14.6;57.8
137;FV1370;Fourrage;FOURRAGES VERTS;Graminées Fourragères, Dactyle Année d'exploitation, 2e cycle après coupe épiaison Repousses feuillues de 8 semaines ;24.1;0.8;0.74;32;82;11;6.92;1.86;2.06;2.6;1.03;1.01;1.02;896;66;144;68;302;69;613;65;320;61;22;37;2.7;1.9;4.3;1.7;1.8;201;4246;63;2259;72;72;80;1.4;0.3;15;7;113;6;25;100;0.05;0.02;0.1;150000;30;30;5.41;2.39;6.07;5.48;7.43;1.37;5.48;8.22;5.9;13.86;5.42;11.91;4.58;5.79;7.29;3.38;3.12;6.92;2.06;4.9;5.38;6.13;1.86;5.43;8.36;5.33;11.34;4.89;12.76;4;6.85;6.89;4.07;1;17.2;1.4;1.8;2.9;14.6;57.7
138;FV1380;Fourrage;FOURRAGES VERTS;Graminées Fourragères, Dactyle Année d'exploitation, 3e cycle Repousses feuillues de 5 semaines ;18.2;0.88;0.83;41;93;43;6.79;1.8;2.08;2.8;0.96;0.98;0.97;884;71;186;74;274;74;615;72;304;68;27;41;3;2.1;6.2;2.5;1.8;229;4265;68;2437;74;76;85;1.4;0.3;15;6;141;6;25;100;0.05;0.02;0.1;150000;30;30;5.41;2.39;6.07;5.48;7.43;1.37;5.48;8.22;5.9;13.86;5.42;11.91;4.58;5.79;7.29;3.38;3.12;6.79;2.08;4.93;5.36;6.17;1.8;5.41;8.38;5.36;11.4;4.93;12.7;4.04;6.85;6.87;4.05;1;16.3;1.4;1.6;2.6;13.8;60
139;FV1390;Fourrage;FOURRAGES VERTS;Graminées Fourragères, Dactyle Année d'exploitation, 3e cycle Repousses feuillues de 6 semaines ;18.2;0.86;0.81;38;90;34;6.83;1.82;2.08;2.7;1;1;1;886;70;174;71;273;74;600;70;297;65;26;40;3;2.1;6.2;2.5;1.8;229;4253;67;2396;74;75;84;1.4;0.3;15;6;141;6;25;100;0.05;0.02;0.1;150000;30;30;5.41;2.39;6.07;5.48;7.43;1.37;5.48;8.22;5.9;13.86;5.42;11.91;4.58;5.79;7.29;3.38;3.12;6.83;2.08;4.92;5.37;6.16;1.82;5.42;8.37;5.35;11.38;4.91;12.72;4.03;6.85;6.88;4.05;1;16.6;1.4;1.7;2.7;14;59.4
140;FV1400;Fourrage;FOURRAGES VERTS;Graminées Fourragères, Dactyle Année d'exploitation, 3e cycle Repousses feuillues de 7 semaines ;18.8;0.84;0.79;35;86;19;6.89;1.84;2.06;2.6;1.02;1.01;1.01;885;69;156;68;270;71;599;68;304;64;24;38;3;2.1;5.7;2.3;1.8;229;4218;66;2348;73;74;81;1.4;0.3;15;6;141;6;25;100;0.05;0.02;0.1;150000;30;30;5.41;2.39;6.07;5.48;7.43;1.37;5.48;8.22;5.9;13.86;5.42;11.91;4.58;5.79;7.29;3.38;3.12;6.89;2.06;4.91;5.37;6.14;1.84;5.43;8.36;5.34;11.36;4.9;12.74;4.01;6.85;6.88;4.06;1;17;1.4;1.7;2.8;14.4;58.4
141;FV1410;Fourrage;FOURRAGES VERTS;Graminées Fourragères, Dactyle Année d'exploitation, 3e cycle Repousses feuillues de 8 semaines ;19.3;0.83;0.77;32;83;13;6.92;1.86;2.06;2.5;1.08;1.04;1.06;887;68;147;67;282;70;605;67;309;63;23;37;2.7;1.9;4.8;1.9;1.8;229;4211;65;2307;72;73;80;1.4;0.3;15;6;141;6;25;100;0.05;0.02;0.1;150000;30;30;5.41;2.39;6.07;5.48;7.43;1.37;5.48;8.22;5.9;13.86;5.42;11.91;4.58;5.79;7.29;3.38;3.12;6.92;2.06;4.9;5.38;6.12;1.86;5.44;8.36;5.33;11.34;4.89;12.76;4;6.85;6.89;4.07;1;17.2;1.4;1.7;2.9;14.6;57.9
142;FV1420;Fourrage;FOURRAGES VERTS;Graminées Fourragères, Dactyle Année d'exploitation, 4e cycle Repousses feuillues de 5 semaines ;16;0.91;0.86;49;101;62;6.55;2;2.29;3.3;0.83;0.91;0.86;886;72;212;76;299;77;591;72;286;68;30;44;3.4;2.3;7.1;2.9;1.8;229;4319;69;2505;74;78;90;1.4;0.3;15;6;141;6;25;100;0.05;0.02;0.1;150000;30;30;5.1;2.84;6.42;5.26;6.99;1.9;5.21;9.17;6.17;10.15;4.74;13.08;5.31;5.86;8.01;3.77;3.12;6.55;2.29;5.03;5.27;6.05;2;5.25;8.77;5.48;10.38;4.65;13.07;4.37;6.88;7;4.07;1;15.9;1.4;1.6;2.5;13.3;61.2
143;FV1430;Fourrage;FOURRAGES VERTS;Graminées Fourragères, Dactyle Année d'exploitation, 4e cycle Repousses feuillues de 6 semaines ;15.2;0.9;0.85;42;93;44;6.8;1.8;2.08;2.8;0.97;0.98;0.97;887;72;188;75;288;76;593;72;295;69;27;42;3;2.1;6.2;2.5;1.8;229;4282;69;2481;74;76;86;1.4;0.3;15;6;141;6;25;100;0.05;0.02;0.1;150000;30;30;5.41;2.39;6.07;5.48;7.43;1.37;5.48;8.22;5.9;13.86;5.42;11.91;4.58;5.79;7.29;3.38;3.12;6.8;2.08;4.93;5.37;6.17;1.8;5.41;8.38;5.36;11.4;4.93;12.7;4.04;6.85;6.87;4.05;1;16.3;1.4;1.6;2.6;13.8;60.1
144;FV1440;Fourrage;FOURRAGES VERTS;Graminées Fourragères, Dactyle Année d'exploitation, 4e cycle Repousses feuillues de 7 semaines ;14.6;0.9;0.85;39;91;35;6.83;1.82;2.07;2.7;1;1;1;887;72;177;73;280;71;602;73;296;69;26;40;3;2.1;5.2;2.1;1.8;229;4263;69;2474;74;75;84;1.4;0.3;15;6;141;6;25;100;0.05;0.02;0.1;150000;30;30;5.41;2.39;6.07;5.48;7.43;1.37;5.48;8.22;5.9;13.86;5.42;11.91;4.58;5.79;7.29;3.38;3.12;6.83;2.07;4.92;5.37;6.16;1.82;5.42;8.37;5.35;11.38;4.91;12.72;4.03;6.85;6.88;4.05;1;16.5;1.4;1.7;2.7;14;59.5
145;FV1450;Fourrage;FOURRAGES VERTS;Graminées Fourragères, Dactyle Année d'exploitation, 4e cycle Repousses feuillues de 8 semaines ;16;0.89;0.84;38;90;31;6.85;1.82;2.07;2.7;1.01;1;1.01;898;71;172;72;271;72;571;70;272;64;25;40;3;2.1;5.2;2.1;1.8;229;4304;68;2462;74;75;83;1.4;0.3;15;6;141;6;25;100;0.05;0.02;0.1;150000;30;30;5.41;2.39;6.07;5.48;7.43;1.37;5.48;8.22;5.9;13.86;5.42;11.91;4.58;5.79;7.29;3.38;3.12;6.85;2.07;4.92;5.37;6.15;1.82;5.42;8.37;5.35;11.37;4.91;12.72;4.02;6.85;6.88;4.06;1;16.6;1.4;1.7;2.7;14.1;59.3
146;FV1460;Fourrage;FOURRAGES VERTS;Graminées Fourragères, Fléole Année de semis 3e exploitation ;22.7;0.81;0.74;31;81;12;7.19;2.14;1.97;2.3;1.16;1.07;1.12;910;66;144;63;265;63;555;61;295;58;22;37;2.7;1.9;5.2;2.1;1.7;374;4308;63;2280;73;72;79;1.8;0.7;20;6;262;6;30;80;0.07;0.08;0.3;75000;30;30;6.2;2.16;5.94;5.31;6.32;2.12;5.01;9.42;5.89;10.31;5.08;12.55;5.74;6.09;8.42;3.45;3.12;7.19;1.97;4.86;5.32;5.8;2.14;5.25;8.71;5.31;10.53;4.75;12.92;4.35;6.94;7.04;4.07;1;17.2;1.4;1.8;2.9;14.6;57.7
147;FV1470;Fourrage;FOURRAGES VERTS;Graminées Fourragères, Fléole Année d'exploitation, 1er cycle Feuillu ;16.1;1.03;1.01;41;96;56;7.12;2.12;1.98;3;0.89;0.95;0.91;895;79;202;77;224;79;500;79;257;79;29;43;3.4;2.3;3.8;1.5;1.7;522;4342;76;2783;78;81;90;2;0.8;30;10;397;7;30;80;0.07;0.08;0.3;75000;30;30;6.2;2.16;5.94;5.31;6.32;2.12;5.01;9.42;5.89;10.31;5.08;12.55;5.74;6.09;8.42;3.45;3.12;7.12;1.98;4.88;5.3;5.8;2.12;5.2;8.78;5.33;10.48;4.77;12.89;4.43;6.95;7.05;4.05;1;16.1;1.4;1.6;2.6;13.5;60.7
148;FV1480;Fourrage;FOURRAGES VERTS;Graminées Fourragères, Fléole Année d'exploitation, 1er cycle Épi à 10 cm du sol ;16.8;1.01;0.99;30;86;7;7.24;2.15;1.96;2.8;0.98;0.99;0.99;905;78;145;68;258;79;541;79;287;79;23;37;3;2.1;3.8;1.5;1.5;446;4288;75;2734;75;77;83;1.8;0.7;25;8;334;6;30;80;0.07;0.08;0.3;75000;30;30;6.2;2.16;5.94;5.31;6.32;2.12;5.01;9.42;5.89;10.31;5.08;12.55;5.74;6.09;8.42;3.45;3.12;7.24;1.96;4.85;5.33;5.8;2.15;5.27;8.67;5.3;10.56;4.74;12.94;4.31;6.93;7.04;4.08;1;17.2;1.4;1.8;2.9;14.6;57.8
149;FV1490;Fourrage;FOURRAGES VERTS;Graminées Fourragères, Fléole Année d'exploitation, 1er cycle 1 semaine avant le début de l'épiaison ;17.4;0.88;0.83;20;74;-25;7.36;2.18;1.94;2.2;1.23;1.09;1.17;918;70;99;60;326;72;624;71;347;70;18;32;2.7;1.9;3.3;1.3;1.5;446;4266;67;2427;73;72;76;1.8;0.7;25;8;334;6;30;80;0.07;0.08;0.3;75000;30;30;6.2;2.16;5.94;5.31;6.32;2.12;5.01;9.42;5.89;10.31;5.08;12.55;5.74;6.09;8.42;3.45;3.12;7.36;1.94;4.81;5.36;5.8;2.18;5.34;8.57;5.27;10.65;4.71;13;4.18;6.91;7.02;4.1;1;18.4;1.4;1.9;3.1;15.5;54.7
150;FV1500;Fourrage;FOURRAGES VERTS;Graminées Fourragères, Fléole Année d'exploitation, 1er cycle Début épiaison ;18.8;0.83;0.77;19;71;-29;7.38;2.19;1.94;2.1;1.31;1.12;1.22;922;67;92;57;346;69;649;68;365;67;17;31;2.3;1.6;3.3;1.3;1.5;446;4272;64;2317;73;71;75;1.8;0.7;25;8;334;6;30;80;0.07;0.08;0.3;75000;30;30;6.2;2.16;5.94;5.31;6.32;2.12;5.01;9.42;5.89;10.31;5.08;12.55;5.74;6.09;8.42;3.45;3.12;7.38;1.94;4.81;5.37;5.8;2.19;5.36;8.56;5.26;10.66;4.7;13.01;4.16;6.9;7.02;4.11;1;18.6;1.4;1.9;3.2;15.6;54.2
151;FV1510;Fourrage;FOURRAGES VERTS;Graminées Fourragères, Fléole Année d'exploitation, 1er cycle Épiaison ;20.1;0.76;0.69;17;68;-28;7.4;2.19;1.93;1.8;1.47;1.16;1.32;922;63;88;55;361;68;669;64;378;63;17;30;2.3;1.6;2.9;1.1;1.5;446;4265;60;2158;73;71;74;1.8;0.7;25;8;334;6;30;80;0.07;0.08;0.3;75000;30;30;6.2;2.16;5.94;5.31;6.32;2.12;5.01;9.42;5.89;10.31;5.08;12.55;5.74;6.09;8.42;3.45;3.12;7.4;1.93;4.81;5.37;5.8;2.19;5.36;8.55;5.26;10.67;4.7;13.01;4.15;6.9;7.02;4.11;1;18.7;1.4;1.9;3.2;15.7;53.9
152;FV1520;Fourrage;FOURRAGES VERTS;Graminées Fourragères, Fléole Année d'exploitation, 1er cycle Fin épiaison ;23.4;0.73;0.65;15;65;-36;7.43;2.2;1.93;1.8;1.53;1.18;1.36;930;61;77;52;360;63;665;61;377;59;15;29;2;1.4;2.9;1.1;1.5;446;4281;58;2096;73;70;72;1.8;0.7;25;8;334;6;30;80;0.07;0.08;0.3;75000;30;30;6.2;2.16;5.94;5.31;6.32;2.12;5.01;9.42;5.89;10.31;5.08;12.55;5.74;6.09;8.42;3.45;3.12;7.43;1.93;4.8;5.38;5.79;2.2;5.38;8.52;5.25;10.69;4.69;13.03;4.11;6.89;7.02;4.12;1;19;1.4;1.9;3.2;15.9;53.1
153;FV1530;Fourrage;FOURRAGES VERTS;Graminées Fourragères, Fléole Année d'exploitation, 1er cycle Début floraison ;24.8;0.66;0.57;15;62;-35;7.43;2.2;1.93;1.8;1.53;1.18;1.36;937;56;74;47;360;57;664;55;374;52;15;29;2;1.4;2.9;1.1;1.5;446;4307;54;1926;72;69;72;1.8;0.7;25;8;334;6;30;80;0.07;0.08;0.3;75000;30;30;6.2;2.16;5.94;5.31;6.32;2.12;5.01;9.42;5.89;10.31;5.08;12.55;5.74;6.09;8.42;3.45;3.12;7.43;1.93;4.8;5.38;5.79;2.2;5.38;8.52;5.25;10.69;4.69;13.03;4.11;6.89;7.02;4.12;1;19.1;1.4;2;3.3;16;52.8
154;FV1540;Fourrage;FOURRAGES VERTS;Graminées Fourragères, Fléole Année d'exploitation, 1er cycle Floraison ;27.2;0.59;0.49;14;60;-33;7.43;2.2;1.93;1.7;1.63;1.21;1.42;942;51;72;43;361;50;664;48;375;44;15;28;2;1.4;2.9;1.1;1.5;446;4326;49;1745;73;69;71;1.8;0.7;25;8;334;6;30;80;0.07;0.08;0.3;75000;30;30;6.2;2.16;5.94;5.31;6.32;2.12;5.01;9.42;5.89;10.31;5.08;12.55;5.74;6.09;8.42;3.45;3.12;7.43;1.93;4.8;5.38;5.79;2.2;5.38;8.52;5.25;10.69;4.69;13.02;4.11;6.9;7.02;4.12;1;19.2;1.4;2;3.3;16;52.7
155;FV1550;Fourrage;FOURRAGES VERTS;Graminées Fourragères, Fléole Année d'exploitation, 2e cycle après déprimage Repousses à tiges de 5 semaines ;15.7;0.93;0.9;35;89;14;7.16;2.13;1.97;2.8;0.95;0.98;0.96;890;74;155;74;274;73;551;73;284;71;24;38;3;2.1;4.3;1.7;1.5;446;4238;71;2552;72;73;82;1.8;0.7;25;8;334;6;30;80;0.07;0.08;0.3;75000;30;30;6.2;2.16;5.94;5.31;6.32;2.12;5.01;9.42;5.89;10.31;5.08;12.55;5.74;6.09;8.42;3.45;3.12;7.16;1.97;4.87;5.31;5.8;2.13;5.23;8.74;5.32;10.51;4.76;12.91;4.39;6.95;7.04;4.06;1;17;1.4;1.7;2.8;14.4;58.3
156;FV1560;Fourrage;FOURRAGES VERTS;Graminées Fourragères, Fléole Année d'exploitation, 2e cycle après déprimage Repousses à tiges de 7 semaines ;16.4;0.8;0.74;25;76;-15;7.27;2.16;1.96;2.5;1.09;1.04;1.06;902;66;112;64;310;67;649;67;358;65;19;33;2.7;1.9;4.3;1.7;1.5;446;4217;63;2258;70;69;75;1.8;0.7;25;8;334;6;30;80;0.07;0.08;0.3;75000;30;30;6.2;2.16;5.94;5.31;6.32;2.12;5.01;9.42;5.89;10.31;5.08;12.55;5.74;6.09;8.42;3.45;3.12;7.27;1.96;4.84;5.34;5.8;2.16;5.29;8.65;5.29;10.58;4.73;12.96;4.27;6.93;7.03;4.08;1;18;1.4;1.8;3.1;15.2;55.6
157;FV1570;Fourrage;FOURRAGES VERTS;Graminées Fourragères, Fléole Année d'exploitation, 2e cycle après déprimage Repousses à tiges de 9 semaines ;23.7;0.74;0.66;21;70;-24;7.32;2.17;1.95;2.2;1.22;1.09;1.16;925;61;96;59;326;56;620;58;344;56;17;31;2.3;1.6;3.3;1.3;1.5;446;4292;58;2110;70;68;72;1.8;0.7;25;8;334;6;30;80;0.07;0.08;0.3;75000;30;30;6.2;2.16;5.94;5.31;6.32;2.12;5.01;9.42;5.89;10.31;5.08;12.55;5.74;6.09;8.42;3.45;3.12;7.32;1.95;4.82;5.35;5.8;2.17;5.32;8.6;5.28;10.62;4.71;12.98;4.22;6.91;7.03;4.09;1;18.5;1.4;1.9;3.1;15.6;54.5
158;FV1580;Fourrage;FOURRAGES VERTS;Graminées Fourragères, Fléole Année d'exploitation, 2e cycle après coupe épiaison Repousses à tiges de 7 semaines ;16.4;0.9;0.87;30;83;-2;7.23;2.15;1.96;2.5;1.08;1.03;1.06;887;73;133;69;307;73;602;74;327;74;21;35;2.3;1.6;3.8;1.5;1.5;446;4187;70;2484;71;71;78;1.8;0.7;25;8;334;6;30;80;0.07;0.08;0.3;75000;30;30;6.2;2.16;5.94;5.31;6.32;2.12;5.01;9.42;5.89;10.31;5.08;12.55;5.74;6.09;8.42;3.45;3.12;7.23;1.96;4.85;5.33;5.8;2.15;5.27;8.68;5.3;10.55;4.74;12.94;4.32;6.93;7.04;4.07;1;17.5;1.4;1.8;2.9;14.8;57
159;FV1590;Fourrage;FOURRAGES VERTS;Graminées Fourragères, Fléole Année d'exploitation, 2e cycle après coupe épiaison Repousses à tiges de 8 semaines ;20.9;0.89;0.84;28;81;-7;7.25;2.16;1.96;2.4;1.14;1.06;1.1;912;71;126;67;309;71;602;71;328;70;21;35;2.3;1.6;3.3;1.3;1.5;446;4286;68;2467;71;71;77;1.8;0.7;25;8;334;6;30;80;0.07;0.08;0.3;75000;30;30;6.2;2.16;5.94;5.31;6.32;2.12;5.01;9.42;5.89;10.31;5.08;12.55;5.74;6.09;8.42;3.45;3.12;7.25;1.96;4.84;5.33;5.8;2.16;5.28;8.66;5.3;10.57;4.73;12.95;4.29;6.93;7.03;4.08;1;17.7;1.4;1.8;3;15;56.6
160;FV1600;Fourrage;FOURRAGES VERTS;Graminées Fourragères, Fléole Année d'exploitation, 2e cycle après coupe épiaison Repousses à tiges de 9 semaines ;21.8;0.84;0.78;23;75;-21;7.31;2.17;1.95;2.3;1.19;1.08;1.14;912;68;106;60;289;61;578;66;313;64;18;32;2;1.4;2.9;1.1;1.5;446;4251;65;2344;70;69;74;1.8;0.7;25;8;334;6;30;80;0.07;0.08;0.3;75000;30;30;6.2;2.16;5.94;5.31;6.32;2.12;5.01;9.42;5.89;10.31;5.08;12.55;5.74;6.09;8.42;3.45;3.12;7.31;1.95;4.83;5.35;5.8;2.17;5.31;8.62;5.28;10.61;4.72;12.97;4.24;6.92;7.03;4.09;1;18.2;1.4;1.9;3.1;15.4;55.2
161;FV1610;Fourrage;FOURRAGES VERTS;Graminées Fourragères, Fléole Année d'exploitation, 3e cycle Repousses feuillues de 7 semaines ;16.7;0.95;0.92;33;87;18;7.19;2.14;1.97;2.3;1.17;1.07;1.13;883;76;158;73;271;75;557;77;298;77;24;38;2.7;1.9;5.2;2.1;1.7;374;4212;73;2585;74;74;81;1.8;0.7;20;6;262;6;30;80;0.07;0.08;0.3;75000;30;30;6.2;2.16;5.94;5.31;6.32;2.12;5.01;9.42;5.89;10.31;5.08;12.55;5.74;6.09;8.42;3.45;3.12;7.19;1.97;4.86;5.32;5.8;2.14;5.24;8.72;5.31;10.53;4.75;12.92;4.36;6.94;7.04;4.07;1;16.9;1.4;1.7;2.8;14.3;58.5
162;FV1620;Fourrage;FOURRAGES VERTS;Graminées Fourragères, Fléole Année d'exploitation, 3e cycle Repousses feuillues de 8 semaines ;17.7;0.94;0.91;32;86;14;7.2;2.14;1.97;2.3;1.17;1.07;1.12;872;76;153;73;269;73;554;77;296;76;23;38;2.7;1.9;4.3;1.7;1.7;374;4155;73;2553;74;73;80;1.8;0.7;20;6;262;6;30;80;0.07;0.08;0.3;75000;30;30;6.2;2.16;5.94;5.31;6.32;2.12;5.01;9.42;5.89;10.31;5.08;12.55;5.74;6.09;8.42;3.45;3.12;7.2;1.97;4.86;5.32;5.8;2.14;5.25;8.71;5.31;10.53;4.75;12.93;4.35;6.94;7.04;4.07;1;17;1.4;1.7;2.8;14.4;58.2
163;FV1630;Fourrage;FOURRAGES VERTS;Graminées Fourragères, Fléole Année d'exploitation, 3e cycle Repousses feuillues de 9 semaines ;19.1;0.91;0.87;29;82;-3;7.24;2.15;1.96;2.4;1.14;1.06;1.11;877;74;132;68;280;73;567;74;305;73;21;35;2.3;1.6;3.8;1.5;1.7;374;4140;71;2488;72;71;77;1.8;0.7;20;6;262;6;30;80;0.07;0.08;0.3;75000;30;30;6.2;2.16;5.94;5.31;6.32;2.12;5.01;9.42;5.89;10.31;5.08;12.55;5.74;6.09;8.42;3.45;3.12;7.24;1.96;4.85;5.33;5.8;2.15;5.27;8.67;5.3;10.56;4.74;12.94;4.31;6.93;7.04;4.08;1;17.5;1.4;1.8;2.9;14.9;57
164;FV1640;Fourrage;FOURRAGES VERTS;Graminées Fourragères, Brome Année d'exploitation, 1er cycle Épi à 10 cm du sol ;16.2;1.03;1.02;39;94;42;6.63;2.23;1.74;3.1;0.86;0.93;0.89;863;81;186;79;239;82;551;84;262;84;27;41;4.4;3.1;5.2;2.1;1.7;581;4172;77;2761;76;80;88;1.5;0.5;35;12;487;6;30;80;0.07;0.08;0.3;150000;30;30;4.77;1.48;6.41;5.61;6.92;2.36;5.25;9.37;6.16;9.9;4.97;13.49;5.32;6.13;7.41;4.44;3.12;6.63;1.74;4.97;5.41;5.99;2.23;5.32;8.75;5.43;10.41;4.73;13.22;4.27;6.98;6.89;4.16;1;16.3;1.4;1.6;2.6;13.8;60
165;FV1650;Fourrage;FOURRAGES VERTS;Graminées Fourragères, Brome Année d'exploitation, 1er cycle 1 semaine avant le début de l'épiaison ;17.1;1;0.98;31;86;13;6.79;2.24;1.76;2.7;1.01;1;1;878;79;151;74;257;79;546;81;272;80;23;37;4.1;2.8;4.8;1.9;1.5;505;4178;76;2694;75;77;83;1.3;0.4;30;10;424;6;30;80;0.07;0.08;0.3;150000;30;30;4.77;1.48;6.41;5.61;6.92;2.36;5.25;9.37;6.16;9.9;4.97;13.49;5.32;6.13;7.41;4.44;3.12;6.79;1.76;4.94;5.42;5.96;2.24;5.36;8.68;5.39;10.48;4.71;13.22;4.2;6.96;6.9;4.17;1;17.1;1.4;1.7;2.8;14.5;58.1
166;FV1660;Fourrage;FOURRAGES VERTS;Graminées Fourragères, Brome Année d'exploitation, 1er cycle Début épiaison ;17.6;0.94;0.91;26;80;-5;6.88;2.24;1.77;2.5;1.08;1.04;1.06;891;75;127;69;278;76;563;75;292;74;21;35;3.7;2.6;4.3;1.7;1.5;505;4194;72;2565;74;75;80;1.3;0.4;30;10;424;6;30;80;0.07;0.08;0.3;150000;30;30;4.77;1.48;6.41;5.61;6.92;2.36;5.25;9.37;6.16;9.9;4.97;13.49;5.32;6.13;7.41;4.44;3.12;6.88;1.77;4.91;5.42;5.95;2.24;5.38;8.64;5.37;10.53;4.7;13.22;4.15;6.94;6.91;4.17;1;17.6;1.4;1.8;3;15;56.6
167;FV1670;Fourrage;FOURRAGES VERTS;Graminées Fourragères, Brome Année d'exploitation, 1er cycle Épiaison ;18;0.91;0.87;21;75;-21;7.01;2.25;1.78;2.1;1.27;1.1;1.19;905;73;105;65;299;73;590;74;315;73;18;32;3.4;2.3;3.8;1.5;1.5;505;4218;70;2502;74;73;77;1.3;0.4;30;10;424;6;30;80;0.07;0.08;0.3;150000;30;30;4.77;1.48;6.41;5.61;6.92;2.36;5.25;9.37;6.16;9.9;4.97;13.49;5.32;6.13;7.41;4.44;3.12;7.01;1.78;4.88;5.43;5.92;2.25;5.41;8.58;5.34;10.59;4.68;13.21;4.09;6.93;6.92;4.17;1;18.2;1.4;1.9;3.1;15.4;55.1
168;FV1680;Fourrage;FOURRAGES VERTS;Graminées Fourragères, Brome Année d'exploitation, 1er cycle Fin épiaison ;19.9;0.84;0.79;18;70;-29;7.1;2.25;1.79;1.7;1.56;1.19;1.38;913;69;92;61;317;68;612;69;337;68;17;31;2.7;1.9;3.3;1.3;1.5;505;4232;66;2352;74;71;74;1.3;0.4;30;10;424;6;30;80;0.07;0.08;0.3;150000;30;30;4.77;1.48;6.41;5.61;6.92;2.36;5.25;9.37;6.16;9.9;4.97;13.49;5.32;6.13;7.41;4.44;3.12;7.1;1.79;4.86;5.43;5.91;2.25;5.43;8.54;5.32;10.63;4.67;13.21;4.05;6.92;6.93;4.18;1;18.6;1.4;1.9;3.2;15.6;54.2
169;FV1690;Fourrage;FOURRAGES VERTS;Graminées Fourragères, Brome Année d'exploitation, 1er cycle Début floraison ;23.6;0.81;0.75;15;67;-40;7.19;2.26;1.8;1.6;1.69;1.22;1.45;918;67;76;59;334;66;626;67;350;66;15;29;2.7;1.9;3.3;1.3;1.5;505;4226;64;2279;73;70;71;1.3;0.4;30;10;424;6;30;80;0.07;0.08;0.3;150000;30;30;4.77;1.48;6.41;5.61;6.92;2.36;5.25;9.37;6.16;9.9;4.97;13.49;5.32;6.13;7.41;4.44;3.12;7.19;1.8;4.84;5.44;5.89;2.26;5.46;8.49;5.3;10.67;4.66;13.21;4.01;6.9;6.93;4.18;1;19.1;1.4;1.9;3.2;16;53
170;FV1700;Fourrage;FOURRAGES VERTS;Graminées Fourragères, Brome Année d'exploitation, 2e cycle après coupe épiaison Repousses à tiges de 6 semaines ;20.2;0.92;0.89;26;79;-19;6.89;2.24;1.77;2.5;1.07;1.03;1.05;875;75;113;74;315;80;624;78;316;76;19;33;3.4;2.3;5.2;2.1;1.5;505;4099;72;2516;70;69;75;1.3;0.4;30;10;424;6;30;80;0.07;0.08;0.3;150000;30;30;4.77;1.48;6.41;5.61;6.92;2.36;5.25;9.37;6.16;9.9;4.97;13.49;5.32;6.13;7.41;4.44;3.12;6.89;1.77;4.91;5.42;5.94;2.24;5.38;8.63;5.37;10.53;4.7;13.22;4.15;6.94;6.91;4.17;1;18;1.4;1.8;3;15.2;55.7
171;FV1710;Fourrage;FOURRAGES VERTS;Graminées Fourragères, Brome Année d'exploitation, 2e cycle après coupe épiaison Repousses à tiges de 7 semaines ;21.4;0.89;0.85;26;79;-15;6.87;2.24;1.77;2.5;1.1;1.04;1.08;891;72;116;68;301;76;606;73;317;71;19;33;3.4;2.3;4.8;1.9;1.5;505;4175;69;2449;70;70;76;1.3;0.4;30;10;424;6;30;80;0.07;0.08;0.3;150000;30;30;4.77;1.48;6.41;5.61;6.92;2.36;5.25;9.37;6.16;9.9;4.97;13.49;5.32;6.13;7.41;4.44;3.12;6.87;1.77;4.92;5.42;5.95;2.24;5.38;8.64;5.37;10.52;4.7;13.22;4.16;6.95;6.91;4.17;1;17.9;1.4;1.8;3;15.2;55.9
172;FV1720;Fourrage;FOURRAGES VERTS;Graminées Fourragères, Brome Année d'exploitation, 2e cycle après coupe épiaison Repousses à tiges de 8 semaines ;23.1;0.85;0.79;23;75;-22;6.94;2.24;1.77;2.3;1.2;1.08;1.14;901;69;105;65;311;71;616;69;328;67;18;32;3;2.1;4.3;1.7;1.5;505;4201;66;2352;70;69;73;1.3;0.4;30;10;424;6;30;80;0.07;0.08;0.3;150000;30;30;4.77;1.48;6.41;5.61;6.92;2.36;5.25;9.37;6.16;9.9;4.97;13.49;5.32;6.13;7.41;4.44;3.12;6.94;1.77;4.9;5.42;5.94;2.24;5.4;8.61;5.35;10.55;4.69;13.21;4.13;6.94;6.91;4.17;1;18.2;1.4;1.9;3.1;15.4;55.1
173;FV1730;Fourrage;FOURRAGES VERTS;Graminées Fourragères, Brome Année d'exploitation, 3e cycle Repousses feuillues de 6 semaines ;16;0.94;0.91;40;92;37;6.59;2.23;1.74;2.7;1;1;1;843;77;180;75;250;81;537;77;279;77;26;41;3.7;2.6;6.7;2.7;1.5;433;4072;74;2540;74;76;84;1.4;0.4;25;8;346;6;30;80;0.07;0.08;0.3;150000;30;30;4.77;1.48;6.41;5.61;6.92;2.36;5.25;9.37;6.16;9.9;4.97;13.49;5.32;6.13;7.41;4.44;3.12;6.59;1.74;4.98;5.4;6;2.23;5.31;8.77;5.44;10.39;4.73;13.22;4.29;6.98;6.89;4.16;1;16.5;1.4;1.7;2.7;13.9;59.7
174;FV1740;Fourrage;FOURRAGES VERTS;Graminées Fourragères, Brome Année d'exploitation, 3e cycle Repousses feuillues de 7 semaines ;16.6;0.92;0.89;38;90;29;6.62;2.23;1.74;2.6;1.02;1.01;1.02;850;76;171;74;254;80;583;78;298;77;25;40;3.4;2.3;6.7;2.7;1.5;433;4088;73;2517;74;75;83;1.4;0.4;25;8;346;6;30;80;0.07;0.08;0.3;150000;30;30;4.77;1.48;6.41;5.61;6.92;2.36;5.25;9.37;6.16;9.9;4.97;13.49;5.32;6.13;7.41;4.44;3.12;6.62;1.74;4.98;5.41;5.99;2.23;5.32;8.76;5.43;10.41;4.73;13.22;4.27;6.98;6.89;4.16;1;16.6;1.4;1.7;2.7;14.1;59.2
175;FV1750;Fourrage;FOURRAGES VERTS;Graminées Fourragères, Brome Année d'exploitation, 3e cycle Repousses feuillues de 8 semaines ;18.1;0.9;0.87;33;86;13;6.7;2.23;1.75;2.6;1.04;1.02;1.03;846;75;151;71;258;80;554;75;277;73;23;37;3.4;2.3;6.2;2.5;1.5;433;4035;72;2459;72;73;80;1.4;0.4;25;8;346;6;30;80;0.07;0.08;0.3;150000;30;30;4.77;1.48;6.41;5.61;6.92;2.36;5.25;9.37;6.16;9.9;4.97;13.49;5.32;6.13;7.41;4.44;3.12;6.7;1.75;4.96;5.41;5.98;2.23;5.34;8.72;5.41;10.44;4.72;13.22;4.24;6.97;6.9;4.16;1;17.1;1.4;1.7;2.8;14.5;58.1
176;FV1760;Fourrage;FOURRAGES VERTS;Céréales Plantes Entières, Maïs  Laiteux ;24.4;0.93;0.88;12;66;-41;6.98;2.13;2.01;1.4;1.28;1.09;1.22;951;71;76;62;220;57;490;58;244;53;24;31;1.8;1.3;2.3;0.9;1.2;176;4419;69;2557;76;73;69;0.7;0.1;10;3;133;4;20;25;0.06;0.02;0.08;2000;500;15;2.99;2.77;4.62;4.6;6.14;1.66;4.36;11.79;5.47;8.66;5.3;17.45;7.53;4.8;7.86;4;3.12;6.98;2.01;4.66;5.3;5.77;2.13;5.3;8.82;5.16;10.57;4.71;13.76;4.31;6.64;6.96;4.16;0.4;15.9;0.4;2.3;21.4;45.8;5
177;FV1770;Fourrage;FOURRAGES VERTS;Céréales Plantes Entières, Maïs  Pâteux ;29.4;0.94;0.89;12;66;-42;6.99;2.13;2.01;1.4;1.28;1.01;1.12;954;72;74;56;200;55;454;56;218;51;24;31;1.8;1.3;2.3;0.9;1.2;176;4428;69;2584;76;73;69;0.7;0.1;10;3;133;4;20;25;0.06;0.02;0.08;2000;500;15;2.99;2.77;4.62;4.6;6.14;1.66;4.36;11.79;5.47;8.66;5.3;17.45;7.53;4.8;7.86;4;3.12;6.99;2.01;4.66;5.3;5.77;2.13;5.31;8.81;5.16;10.57;4.7;13.75;4.3;6.64;6.96;4.16;0.4;15.9;0.4;2.3;21.4;45.8;5
178;FV1780;Fourrage;FOURRAGES VERTS;Céréales Plantes Entières, Maïs  Vitreux ;34.2;0.95;0.91;12;65;-43;7.01;2.14;2.01;1.4;1.28;0.96;1.04;957;73;71;53;193;54;440;56;212;51;24;31;1.8;1.3;2.3;0.9;1.2;176;4437;70;2611;76;73;69;0.7;0.1;10;3;133;4;20;25;0.06;0.02;0.08;2000;500;15;2.99;2.77;4.62;4.6;6.14;1.66;4.36;11.79;5.47;8.66;5.3;17.45;7.53;4.8;7.86;4;3.12;7.01;2.01;4.66;5.31;5.77;2.14;5.31;8.8;5.16;10.58;4.7;13.74;4.29;6.65;6.96;4.16;0.4;15.9;0.4;2.3;21.4;45.8;5
179;FV1790;Fourrage;FOURRAGES VERTS;Céréales Plantes Entières, Maïs  Vitreux, >35% MS ;40.9;0.96;0.92;12;65;-39;6.97;2.13;2.01;1.4;1.28;0.9;0.97;959;72;74;50;195;54;442;56;212;50;24;31;1.8;1.3;2.3;0.9;1.2;176;4454;70;2636;76;73;69;0.7;0.1;10;3;133;4;20;25;0.06;0.02;0.08;2000;500;15;2.99;2.77;4.62;4.6;6.14;1.66;4.36;11.79;5.47;8.66;5.3;17.45;7.53;4.8;7.86;4;3.12;6.97;2.01;4.66;5.3;5.77;2.13;5.3;8.83;5.16;10.56;4.71;13.77;4.32;6.64;6.96;4.16;0.4;15.9;0.4;2.3;21.4;45.8;5
180;FV1800;Fourrage;FOURRAGES VERTS;Céréales Plantes Entières, Orge  Floraison ;15.5;0.76;0.69;21;70;-1;6.49;2.04;2.1;1.7;1.58;1;1;875;65;120;70;329;59;634;59;376;55;20;34;2.7;1.7;3.8;1.5;1.5;257;4163;62;2148;75;73;70;1.5;0.3;15;5;163;7;30;40;0.1;0.02;0.1;2000;500;15;2.99;2.77;4.62;4.6;6.14;1.66;4.36;11.79;5.47;8.66;5.3;17.45;7.53;4.8;7.86;4;3.12;6.49;2.1;4.64;5.2;5.75;2.04;5.13;9.18;5.17;10.34;4.77;14.09;4.66;6.54;6.96;4.13;1;17.8;1.4;1.8;3;15.1;56.2
181;FV1810;Fourrage;FOURRAGES VERTS;Céréales Plantes Entières, Orge  Laiteux ;23.2;0.76;0.68;17;67;-18;6.89;2.11;1.98;1.8;1.51;1.01;1.01;912;63;99;66;300;53;598;55;347;49;19;25;2.3;1.5;3.8;1.5;1.5;157;4294;60;2156;75;73;70;1.2;0.3;10;4;82;6;25;35;0.1;0.02;0.1;2000;500;15;4.18;2.42;5.27;3.74;5.6;1.87;3.96;7.47;5.38;6.48;4.62;25.16;11.87;4.4;4.51;3.08;3.5;6.89;1.98;4.7;5.04;5.63;2.11;5.05;8.07;5.12;10.03;4.56;15.41;5.45;6.43;6.57;4.06;;20.9;1.4;1.8;13.2;37.7;19.9
182;FV1820;Fourrage;FOURRAGES VERTS;Céréales Plantes Entières, Orge  Laiteux-pâteux ;25.1;0.74;0.66;17;66;-16;6.91;2.12;1.98;1.5;1.77;1.02;1.03;916;61;99;63;278;42;572;46;325;39;19;25;2.3;1.5;3.3;1.3;1.5;157;4312;59;2119;76;73;69;1.2;0.3;10;4;82;6;25;35;0.1;0.02;0.1;2000;500;15;4.18;2.42;5.27;3.74;5.6;1.87;3.96;7.47;5.38;6.48;4.62;25.16;11.87;4.4;4.51;3.08;3.5;6.91;1.98;4.7;5.05;5.63;2.12;5.07;8.08;5.12;10.05;4.56;15.36;5.41;6.44;6.58;4.06;;20.9;1.4;1.8;13.2;37.7;19.9
183;FV1830;Fourrage;FOURRAGES VERTS;Céréales Plantes Entières, Orge  Pâteux ;30.8;0.76;0.68;14;64;-27;7.02;2.14;1.96;1.4;1.88;1.03;1.05;922;63;86;61;271;46;563;49;319;43;19;25;2.3;1.5;2.9;1.1;1.5;157;4317;60;2157;76;73;69;1.2;0.3;10;4;82;6;25;35;0.1;0.02;0.1;2000;500;15;4.18;2.42;5.27;3.74;5.6;1.87;3.96;7.47;5.38;6.48;4.62;25.16;11.87;4.4;4.51;3.08;3.5;7.02;1.96;4.69;5.1;5.65;2.14;5.14;8.09;5.12;10.17;4.56;15.09;5.2;6.49;6.63;4.08;;20.9;1.4;1.8;13.2;37.7;19.9
184;FV1840;Fourrage;FOURRAGES VERTS;Céréales Plantes Entières, Blé  Début épiaison ;17.2;0.87;0.82;28;79;10;6.56;2.05;2.02;2.3;1.15;1;1;869;71;143;76;336;71;643;69;354;67;22;36;3;2;3.8;1.5;2;180;4176;68;2395;73;73;72;1.5;0.3;12;5;86;7;30;40;0.1;0.02;0.1;2000;500;15;4.18;2.42;5.27;3.74;5.6;1.87;3.96;7.47;5.38;6.48;4.62;25.16;11.87;4.4;4.51;3.08;3.5;6.56;2.02;4.7;4.89;5.57;2.05;4.86;8.03;5.11;9.71;4.54;16.19;6.06;6.3;6.44;4.01;1;17.3;1.4;1.8;2.9;14.6;57.6
185;FV1850;Fourrage;FOURRAGES VERTS;Céréales Plantes Entières, Blé  Floraison ;21.7;0.75;0.68;18;67;-15;6.66;2.07;1.98;1.7;1.6;1;1;907;63;102;68;334;62;672;62;380;58;18;32;2.7;1.7;3.8;1.5;1.5;157;4277;60;2140;75;73;70;1.2;0.3;10;4;82;6;30;50;0.1;0.02;0.1;2000;500;15;2.97;2.36;5.23;3.18;4.51;1.64;3.69;6.97;4.82;5.33;5.12;29.1;10.14;4.2;3.79;3.18;3.7;6.66;1.98;4.71;4.96;5.46;2.07;5.03;8.02;5.04;9.9;4.72;16.34;5.14;6.43;6.52;4.07;1;18.3;1.4;1.9;3.1;15.4;54.9
186;FV1860;Fourrage;FOURRAGES VERTS;Céréales Plantes Entières, Blé  Laiteux-pâteux ;34.7;0.74;0.66;13;62;-36;6.88;2.11;1.96;1.9;1.45;1.01;1.01;924;61;74;57;298;51;568;53;324;47;19;25;2.3;1.5;3.3;1.3;1.5;157;4305;58;2104;75;73;70;1.2;0.3;10;4;82;6;30;50;0.1;0.02;0.1;2000;500;15;2.97;2.36;5.23;3.18;4.51;1.64;3.69;6.97;4.82;5.33;5.12;29.1;10.14;4.2;3.79;3.18;3.7;6.88;1.96;4.71;5.06;5.52;2.11;5.14;8.06;5.06;10.1;4.7;15.74;4.86;6.5;6.61;4.1;;20.9;1.4;1.8;13.2;37.7;19.9
187;FV1870;Fourrage;FOURRAGES VERTS;Céréales Plantes Entières, Blé  Pâteux ;36.8;0.76;0.69;12;62;-38;6.94;2.13;1.95;1.6;1.64;1.01;1.01;925;63;72;53;289;51;571;53;327;47;19;25;2.3;1.5;2.9;1.1;1.5;157;4306;60;2172;75;73;70;1.2;0.3;10;4;82;6;30;50;0.1;0.02;0.1;2000;500;15;2.97;2.36;5.23;3.18;4.51;1.64;3.69;6.97;4.82;5.33;5.12;29.1;10.14;4.2;3.79;3.18;3.7;6.94;1.95;4.71;5.09;5.54;2.13;5.17;8.06;5.06;10.16;4.69;15.58;4.79;6.52;6.63;4.1;;20.9;1.4;1.8;13.2;37.7;19.9
188;FV1880;Fourrage;FOURRAGES VERTS;Céréales Plantes Entières, Avoine  Début montaison ;14.9;1.05;1.05;25;81;-16;6.85;2.12;1.98;2.9;0.94;0.97;0.95;879;81;120;72;230;79;513;75;278;75;20;34;3.4;2.2;4.8;1.9;2;180;4181;78;2810;72;73;74;1.5;0.3;12;5;86;7;30;40;0.1;0.02;0.1;2000;500;15;4.65;2.33;7.42;3.88;5.87;1.99;4.21;8.19;5.54;9.63;5.43;19.05;6.87;5.65;5.32;3.99;4.6;6.85;1.98;5.02;5;5.67;2.12;5.04;8.26;5.16;10.43;4.79;14.44;4.51;6.75;6.61;4.11;1;17.8;1.4;1.8;3;15.1;56.2
189;FV1890;Fourrage;FOURRAGES VERTS;Céréales Plantes Entières, Avoine  Début épiaison ;20.6;0.89;0.84;19;72;-22;6.99;2.14;1.97;2.2;1.25;1;1;905;71;102;69;302;37;601;43;349;34;18;32;3;2;4.3;1.7;1.5;157;4268;68;2463;74;73;72;1.2;0.3;10;4;82;6;25;35;0.1;0.02;0.1;2000;500;15;4.65;2.33;7.42;3.88;5.87;1.99;4.21;8.19;5.54;9.63;5.43;19.05;6.87;5.65;5.32;3.99;4.6;6.99;1.97;4.97;5.07;5.68;2.14;5.12;8.25;5.16;10.51;4.76;14.26;4.39;6.76;6.66;4.12;1;18.3;1.4;1.9;3.1;15.4;54.9
190;FV1900;Fourrage;FOURRAGES VERTS;Céréales Plantes Entières, Avoine  Floraison ;17.7;0.79;0.73;17;68;-18;7.02;2.15;1.96;1.7;1.59;1;1;900;66;101;68;333;65;638;64;379;61;18;32;2.7;1.7;3.8;1.5;1.5;157;4243;63;2238;75;73;70;1.2;0.3;10;4;82;6;25;35;0.1;0.02;0.1;2000;500;15;4.65;2.33;7.42;3.88;5.87;1.99;4.21;8.19;5.54;9.63;5.43;19.05;6.87;5.65;5.32;3.99;4.6;7.02;1.96;4.96;5.08;5.69;2.15;5.14;8.25;5.16;10.52;4.76;14.22;4.37;6.76;6.67;4.12;1;18.3;1.4;1.9;3.1;15.5;54.9
191;FV1910;Fourrage;FOURRAGES VERTS;Céréales Plantes Entières, Avoine  Laiteux-pâteux ;31.8;0.71;0.62;12;60;-40;7.2;2.18;1.94;1.9;1.44;1.03;1.05;928;59;67;60;270;44;562;48;318;41;19;25;2.3;1.5;3.3;1.3;1.5;157;4311;56;2035;75;73;70;1.2;0.3;10;4;82;6;25;35;0.1;0.02;0.1;2000;500;15;4.65;2.33;7.42;3.88;5.87;1.99;4.21;8.19;5.54;9.63;5.43;19.05;6.87;5.65;5.32;3.99;4.6;7.2;1.94;4.9;5.17;5.71;2.18;5.24;8.23;5.16;10.62;4.72;13.99;4.22;6.77;6.74;4.14;;20.9;1.4;1.8;13.2;37.7;19.9
192;FV1920;Fourrage;FOURRAGES VERTS;Céréales Plantes Entières, Avoine  Pâteux ;38.3;0.68;0.59;11;59;-41;7.2;2.18;1.94;2;1.35;1.03;1.05;930;57;63;51;263;39;554;44;311;36;19;25;2.3;1.5;2.9;1.1;1.5;157;4313;54;1967;74;73;71;1.2;0.3;10;4;82;6;25;35;0.1;0.02;0.1;2000;500;15;4.65;2.33;7.42;3.88;5.87;1.99;4.21;8.19;5.54;9.63;5.43;19.05;6.87;5.65;5.32;3.99;4.6;7.2;1.94;4.9;5.17;5.71;2.18;5.24;8.23;5.16;10.62;4.72;13.99;4.22;6.78;6.74;4.14;;20.9;1.4;1.8;13.2;37.7;19.9
193;FV1930;Fourrage;FOURRAGES VERTS;Céréales Plantes Entières, Seigle  Début montaison ;14;1.08;1.08;43;99;59;6.31;1.95;2.03;2.5;1.1;1.04;1.08;850;84;220;84;190;83;465;78;239;78;30;45;3.7;2.4;4.8;1.9;2;180;4224;81;2875;73;73;72;1.5;0.3;12;5;86;7;30;40;0.1;0.02;0.1;2000;500;15;4.28;2.3;5.48;3.73;5.26;1.75;3.73;6.58;4.82;8.44;4.82;25.33;11.07;4.82;4.82;2.74;3.2;6.31;2.03;4.76;4.76;5.43;1.95;4.59;7.69;4.92;9.92;4.63;17.05;6.38;6.37;6.38;3.94;1;15.8;1.4;1.5;2.5;13.1;61.5
194;FV1940;Fourrage;FOURRAGES VERTS;Céréales Plantes Entières, Seigle  Début épiaison ;14;0.92;0.89;25;78;7;6.73;2.04;1.98;1.8;1.47;1.06;1.12;890;74;140;72;270;72;562;69;318;68;22;36;3;2;4.3;1.7;1.5;157;4266;71;2538;75;73;70;1.2;0.3;10;4;82;6;25;45;0.1;0.02;0.1;2000;500;15;4.28;2.3;5.48;3.73;5.26;1.75;3.73;6.58;4.82;8.44;4.82;25.33;11.07;4.82;4.82;2.74;3.2;6.73;1.98;4.74;4.95;5.53;2.04;4.87;7.83;4.98;10.2;4.62;15.98;5.64;6.5;6.54;4.01;1;17.3;1.4;1.8;2.9;14.7;57.4
195;FV1950;Fourrage;FOURRAGES VERTS;Céréales Plantes Entières, Seigle  Épiaison ;17.1;0.89;0.85;22;76;3;6.79;2.06;1.97;1.6;1.72;1.06;1.12;900;72;133;70;295;71;597;69;339;67;21;35;2.7;1.7;3.8;1.5;1.5;157;4299;69;2470;76;73;69;1.2;0.3;10;4;82;6;25;45;0.1;0.02;0.1;2000;500;15;4.28;2.3;5.48;3.73;5.26;1.75;3.73;6.58;4.82;8.44;4.82;25.33;11.07;4.82;4.82;2.74;3.2;6.79;1.97;4.74;4.99;5.54;2.06;4.92;7.86;4.99;10.25;4.62;15.81;5.52;6.52;6.57;4.02;1;17.5;1.4;1.8;2.9;14.8;57
196;FV1960;Fourrage;FOURRAGES VERTS;Céréales Plantes Entières, Seigle  Floraison ;23.3;0.72;0.63;14;64;-18;7.07;2.12;1.94;0.8;3.42;1.08;1.16;934;61;95;61;364;61;683;61;418;57;17;31;2.7;1.7;3.8;1.5;1.5;157;4387;58;2072;78;73;66;1.2;0.3;10;4;82;6;25;45;0.1;0.02;0.1;2000;500;15;4.28;2.3;5.48;3.73;5.26;1.75;3.73;6.58;4.82;8.44;4.82;25.33;11.07;4.82;4.82;2.74;3.2;7.07;1.94;4.72;5.12;5.61;2.12;5.11;7.95;5.03;10.44;4.61;15.1;5.03;6.6;6.68;4.07;1;18.5;1.4;1.9;3.1;15.6;54.4
197;FV1970;Fourrage;FOURRAGES VERTS;Céréales Plantes Entières, Seigle  Laiteux-pâteux ;33.3;0.72;0.64;9;58;-49;7.3;2.17;1.92;1.2;2.25;1.09;1.18;947;60;55;49;324;52;609;54;364;48;19;25;2.3;1.5;3.3;1.3;1.5;157;4376;57;2077;77;73;68;1.2;0.3;10;4;82;6;25;45;0.1;0.02;0.1;2000;500;15;4.28;2.3;5.48;3.73;5.26;1.75;3.73;6.58;4.82;8.44;4.82;25.33;11.07;4.82;4.82;2.74;3.2;7.3;1.92;4.71;5.23;5.66;2.17;5.26;8.02;5.07;10.6;4.61;14.51;4.62;6.67;6.77;4.11;;20.9;1.4;1.8;13.2;37.7;19.9
198;FV1980;Fourrage;FOURRAGES VERTS;Céréales Plantes Entières, Seigle  Pâteux ;41.6;0.71;0.63;10;58;-45;7.24;2.16;1.92;1.4;1.92;1.1;1.2;949;59;59;51;326;47;630;50;373;44;19;25;2.3;1.5;2.9;1.1;1.5;157;4392;56;2055;76;73;69;1.2;0.3;10;4;82;6;25;45;0.1;0.02;0.1;2000;500;15;4.28;2.3;5.48;3.73;5.26;1.75;3.73;6.58;4.82;8.44;4.82;25.33;11.07;4.82;4.82;2.74;3.2;7.24;1.92;4.72;5.2;5.65;2.16;5.22;8;5.06;10.56;4.61;14.67;4.73;6.65;6.75;4.1;;20.9;1.4;1.8;13.2;37.7;19.9
199;FV1990;Fourrage;FOURRAGES VERTS;Céréales Plantes Entières, Sorgho Fourrager 1er cycle Montaison ;15.4;0.86;0.81;38;90;43;5.7;1.94;2.04;2.6;1.04;1.02;1.03;884;71;190;77;264;72;557;69;312;68;21;35;2.7;1.7;6.2;2.5;3;157;4199;68;2382;72;73;73;1.3;0.3;10;4;76;7;30;40;0.1;0.02;0.1;2000;500;15;2.43;2.33;4.23;3.49;5.71;1.69;4.44;14.39;5.61;2.12;4.87;22.22;8.99;3.28;9.84;4.34;2.9;5.7;2.04;4.53;4.73;5.61;1.94;4.95;10.53;5.23;8.45;4.67;16.03;5.6;5.78;7.28;4.14;1;17.6;1.4;1.8;3;14.9;56.9
200;FV2000;Fourrage;FOURRAGES VERTS;Céréales Plantes Entières, Sorgho Fourrager 1er cycle 1 semaine avant le début de l'épiaison ;18.5;0.8;0.73;24;75;2;6.2;2.02;2;2.2;1.22;1.09;1.16;914;66;129;70;304;66;604;65;352;62;21;35;2.7;1.7;5.7;2.3;3;157;4256;63;2246;74;73;72;1.3;0.3;10;4;76;7;30;40;0.1;0.02;0.1;2000;500;15;2.43;2.33;4.23;3.49;5.71;1.69;4.44;14.39;5.61;2.12;4.87;22.22;8.99;3.28;9.84;4.34;2.9;6.2;2;4.57;4.91;5.65;2.02;5.11;9.98;5.21;9.04;4.66;15.36;5.15;6.03;7.21;4.15;1;17.6;1.4;1.8;3;14.9;56.9
201;FV2010;Fourrage;FOURRAGES VERTS;Céréales Plantes Entières, Sorgho Fourrager 1er cycle Début épiaison ;18.5;0.76;0.69;23;73;-2;6.25;2.03;1.99;2.2;1.25;1.1;1.18;915;64;122;67;304;64;608;63;353;60;19;31;2.7;1.7;4.8;1.9;2.5;120;4252;61;2170;74;73;72;1;0.3;8;3.5;57;6;25;45;0.1;0.02;0.1;2000;500;15;2.43;2.33;4.23;3.49;5.71;1.69;4.44;14.39;5.61;2.12;4.87;22.22;8.99;3.28;9.84;4.34;2.9;6.25;1.99;4.57;4.93;5.65;2.03;5.12;9.92;5.21;9.11;4.65;15.29;5.11;6.05;7.2;4.15;1;18.1;1.4;1.9;3.1;15.3;55.3
202;FV2020;Fourrage;FOURRAGES VERTS;Céréales Plantes Entières, Sorgho Fourrager 1er cycle Épiaison ;21;0.72;0.64;20;68;-10;6.39;2.06;1.98;2;1.38;1.14;1.26;922;61;108;66;323;62;631;62;374;58;17;29;2.3;1.5;4.3;1.7;2.5;120;4265;58;2062;74;73;71;1;0.3;8;3.5;57;6;25;45;0.1;0.02;0.1;2000;500;15;2.43;2.33;4.23;3.49;5.71;1.69;4.44;14.39;5.61;2.12;4.87;22.22;8.99;3.28;9.84;4.34;2.9;6.39;1.98;4.58;4.97;5.67;2.06;5.17;9.77;5.2;9.27;4.65;15.11;4.98;6.12;7.18;4.16;1;18.5;1.4;1.9;3.1;15.6;54.5
203;FV2030;Fourrage;FOURRAGES VERTS;Céréales Plantes Entières, Sorgho Fourrager 1er cycle Floraison ;24.4;0.71;0.63;16;64;-25;6.59;2.09;1.97;1.9;1.39;1.14;1.27;927;60;87;61;321;48;629;51;372;45;16;27;3.4;2.2;3.3;1.3;2.5;120;4261;57;2035;74;73;71;1;0.3;8;3.5;57;6;25;45;0.1;0.02;0.1;2000;500;15;2.43;2.33;4.23;3.49;5.71;1.69;4.44;14.39;5.61;2.12;4.87;22.22;8.99;3.28;9.84;4.34;2.9;6.59;1.97;4.6;5.04;5.68;2.09;5.23;9.55;5.19;9.51;4.64;14.84;4.8;6.22;7.15;4.16;1;18.8;1.4;1.9;3.2;15.8;53.7
204;FV2040;Fourrage;FOURRAGES VERTS;Céréales Plantes Entières, Sorgho Fourrager 1er cycle Laiteux ;27.6;0.72;0.64;13;61;-38;6.79;2.12;1.95;2;1.38;1.14;1.27;941;60;69;52;307;57;607;58;354;53;23;30;3;2;7.1;2.9;2.5;120;4301;57;2067;74;73;71;1;0.3;8;3.5;57;6;25;45;0.1;0.02;0.1;2000;500;15;2.43;2.33;4.23;3.49;5.71;1.69;4.44;14.39;5.61;2.12;4.87;22.22;8.99;3.28;9.84;4.34;2.9;6.79;1.95;4.61;5.11;5.7;2.12;5.29;9.33;5.19;9.74;4.63;14.57;4.63;6.32;7.12;4.17;0.4;15.9;0.4;2.3;21.4;45.8;5
205;FV2050;Fourrage;FOURRAGES VERTS;Céréales Plantes Entières, Sorgho Fourrager 2e cycle après coupe épiaison Repousses non épiées de 6 semaines, conditions normales ;17.3;0.83;0.78;32;83;26;5.88;1.97;2.03;2.5;1.1;1.04;1.07;869;70;164;73;272;66;564;65;319;62;21;35;3;2;7.6;3;2.5;120;4099;67;2299;73;73;72;1;0.3;8;3.5;57;6;25;45;0.1;0.02;0.1;2000;500;15;2.43;2.33;4.23;3.49;5.71;1.69;4.44;14.39;5.61;2.12;4.87;22.22;8.99;3.28;9.84;4.34;2.9;5.88;2.03;4.55;4.8;5.62;1.97;5.01;10.33;5.22;8.67;4.67;15.79;5.43;5.87;7.25;4.14;1;17.6;1.4;1.8;3;14.9;56.9
206;FV2060;Fourrage;FOURRAGES VERTS;Céréales Plantes Entières, Sorgho Fourrager 2e cycle après coupe épiaison Repousses non épiées de 8 semaines, conditions normales ;16.5;0.83;0.78;28;79;9;6.08;2;2.01;2.4;1.12;1.05;1.09;877;70;141;70;280;61;575;61;328;57;21;35;2.7;1.7;7.1;2.9;2.5;120;4106;67;2315;73;73;72;1;0.3;8;3.5;57;6;25;45;0.1;0.02;0.1;2000;500;15;2.43;2.33;4.23;3.49;5.71;1.69;4.44;14.39;5.61;2.12;4.87;22.22;8.99;3.28;9.84;4.34;2.9;6.08;2.01;4.56;4.86;5.64;2;5.07;10.12;5.21;8.9;4.66;15.53;5.26;5.97;7.23;4.15;1;17.6;1.4;1.8;3;14.9;56.9
207;FV2070;Fourrage;FOURRAGES VERTS;Céréales Plantes Entières, Sorgho Fourrager 2e cycle après coupe épiaison Repousses épiées de 6 semaines, sécheresse ;19.9;0.79;0.72;22;73;-1;6.29;2.04;1.99;2;1.38;1.14;1.27;929;65;124;72;285;71;580;69;332;67;18;30;2.3;1.5;7.1;2.9;2.5;120;4317;62;2231;74;73;71;1;0.3;8;3.5;57;6;25;45;0.1;0.02;0.1;2000;500;15;2.43;2.33;4.23;3.49;5.71;1.69;4.44;14.39;5.61;2.12;4.87;22.22;8.99;3.28;9.84;4.34;2.9;6.29;1.99;4.58;4.94;5.66;2.04;5.14;9.88;5.21;9.15;4.65;15.24;5.07;6.07;7.2;4.15;1;18.3;1.4;1.9;3.1;15.4;54.9
208;FV2080;Fourrage;FOURRAGES VERTS;Céréales Plantes Entières, Sorgho Fourrager 2e cycle après coupe épiaison Repousses épiées de 8 semaines, sécheresse ;26.8;0.68;0.59;17;64;-17;6.5;2.07;1.97;1.9;1.44;1.16;1.31;934;58;95;61;300;70;598;68;347;66;18;30;2;1.3;6.2;2.5;2.5;120;4303;55;1970;75;73;70;1;0.3;8;3.5;57;6;25;45;0.1;0.02;0.1;2000;500;15;2.43;2.33;4.23;3.49;5.71;1.69;4.44;14.39;5.61;2.12;4.87;22.22;8.99;3.28;9.84;4.34;2.9;6.5;1.97;4.59;5.01;5.68;2.07;5.2;9.65;5.2;9.4;4.64;14.96;4.89;6.17;7.17;4.16;1;18.3;1.4;1.9;3.1;15.4;54.9
209;FV2090;Fourrage;FOURRAGES VERTS;Légumineuses Fourragères, Luzerne 1er cycle Végétatif (30 cm de haut) ;14.4;1.01;0.98;50;103;95;6.91;1.81;2.05;3.1;0.88;0.94;0.9;871;77;246;81;201;61;423;71;250;69;26;33;3.7;2.6;16.1;4.8;2.5;755;4445;74;2753;78;82;93;1.5;0.6;35;6;661;8;40;50;0.2;0.2;0.2;100000;20;200;5.86;2.26;5.68;4.96;6.51;1.49;4.94;8.6;5.54;17.05;5.04;11.12;5.35;5.4;6.52;3.67;3.12;6.91;2.05;4.87;5.18;5.9;1.81;5.14;8.57;5.24;12.36;4.79;12.38;4.4;6.68;6.73;4.08;1;20.8;1.4;3.9;3.2;16.9;49.2
210;FV2100;Fourrage;FOURRAGES VERTS;Légumineuses Fourragères, Luzerne 1er cycle Végétatif (60 cm de haut) ;15.6;0.93;0.88;46;98;79;6.94;1.82;2.05;3;0.89;0.95;0.92;879;72;225;78;240;60;449;63;275;59;23;31;3;2.1;16.1;4.8;2;650;4445;69;2570;77;81;90;1.3;0.5;30;5;569;8;30;40;0.2;0.2;0.2;100000;20;200;5.86;2.26;5.68;4.96;6.51;1.49;4.94;8.6;5.54;17.05;5.04;11.12;5.35;5.4;6.52;3.67;3.12;6.94;2.05;4.87;5.19;5.9;1.82;5.15;8.56;5.24;12.32;4.79;12.41;4.38;6.69;6.74;4.08;1;21.2;1.4;3.9;3.3;17.3;48.1
211;FV2110;Fourrage;FOURRAGES VERTS;Légumineuses Fourragères, Luzerne 1er cycle Début bourgeonnement ;16.2;0.88;0.82;42;92;65;7.02;1.87;2.21;2.9;0.94;0.97;0.95;883;69;206;77;274;57;476;60;303;55;21;29;2.7;1.9;16.1;4.8;1.5;518;4431;66;2451;77;80;87;1.3;0.4;25;5;436;7;30;40;0.2;0.2;0.2;100000;20;200;6.02;2.71;5.31;5.19;6.24;1.57;5.02;8.65;5.67;15.46;5.44;11.39;5.78;5.45;6.37;3.73;3.12;7.02;2.21;4.77;5.26;5.78;1.87;5.19;8.53;5.27;11.81;4.94;12.5;4.5;6.7;6.7;4.08;1;21.7;1.4;4;3.4;17.7;46.9
212;FV2120;Fourrage;FOURRAGES VERTS;Légumineuses Fourragères, Luzerne 1er cycle Bourgeonnement ;17.6;0.83;0.76;39;88;56;7.04;1.89;2.2;2.8;0.98;0.99;0.98;888;66;193;76;299;52;488;56;315;50;20;27;2.7;1.9;16.1;4.8;1.5;518;4431;63;2339;76;79;84;1.3;0.4;25;5;436;7;30;40;0.2;0.2;0.2;100000;20;200;6.02;2.71;5.31;5.19;6.24;1.57;5.02;8.65;5.67;15.46;5.44;11.39;5.78;5.45;6.37;3.73;3.12;7.04;2.2;4.76;5.27;5.78;1.89;5.21;8.52;5.27;11.78;4.93;12.52;4.47;6.7;6.71;4.08;1;22;1.4;4;3.5;18;46.1
213;FV2130;Fourrage;FOURRAGES VERTS;Légumineuses Fourragères, Luzerne 1er cycle Début floraison ;18.9;0.78;0.71;36;84;44;7.06;1.9;2.19;2.7;1;1;1;891;63;178;74;315;46;513;53;343;48;18;25;2.7;1.9;16.1;4.8;1.5;518;4419;60;2224;76;78;82;1.3;0.4;25;5;436;7;30;40;0.2;0.2;0.2;100000;20;200;6.02;2.71;5.31;5.19;6.24;1.57;5.02;8.65;5.67;15.46;5.44;11.39;5.78;5.45;6.37;3.73;3.12;7.06;2.19;4.76;5.27;5.78;1.9;5.22;8.51;5.26;11.76;4.91;12.54;4.45;6.7;6.72;4.09;1;22.4;1.4;4.1;3.6;18.3;45.1
214;FV2140;Fourrage;FOURRAGES VERTS;Légumineuses Fourragères, Luzerne 1er cycle Floraison ;21.7;0.74;0.65;34;81;38;7.08;1.91;2.18;2.6;1.03;1.01;1.02;898;60;168;73;333;42;525;49;344;42;17;24;2.3;1.6;16.1;4.8;1.5;518;4434;57;2119;75;77;81;1.3;0.4;25;5;436;7;30;40;0.2;0.2;0.2;100000;20;200;6.02;2.71;5.31;5.19;6.24;1.57;5.02;8.65;5.67;15.46;5.44;11.39;5.78;5.45;6.37;3.73;3.12;7.08;2.18;4.76;5.28;5.79;1.91;5.23;8.51;5.26;11.74;4.91;12.55;4.43;6.71;6.72;4.09;1;22.7;1.4;4.1;3.6;18.5;44.4
215;FV2150;Fourrage;FOURRAGES VERTS;Légumineuses Fourragères, Luzerne 2e cycle après coupe bourgeonnement Repousses à tiges de 5 semaines ;19.3;0.88;0.82;45;95;77;6.94;1.82;2.05;3.3;0.83;0.92;0.87;894;68;222;80;286;52;487;59;311;54;23;30;2.7;1.9;14.6;4.4;2;394;4509;65;2458;76;81;86;1.3;0.5;20;5;313;7;30;40;0.2;0.2;0.2;100000;20;200;5.86;2.26;5.68;4.96;6.51;1.49;4.94;8.6;5.54;17.05;5.04;11.12;5.35;5.4;6.52;3.67;3.12;6.94;2.05;4.87;5.19;5.9;1.82;5.15;8.56;5.24;12.32;4.79;12.41;4.38;6.69;6.74;4.08;1;21.3;1.4;3.9;3.4;17.4;47.9
216;FV2160;Fourrage;FOURRAGES VERTS;Légumineuses Fourragères, Luzerne 2e cycle après coupe bourgeonnement Repousses à tiges de 6 semaines ;18.3;0.88;0.82;43;93;71;6.96;1.83;2.04;3.1;0.86;0.93;0.89;895;68;215;80;308;49;484;59;312;54;22;30;2.3;1.6;14.1;4.2;2;394;4502;65;2455;76;80;85;1.3;0.5;20;5;313;7;30;40;0.2;0.2;0.2;100000;20;200;5.86;2.26;5.68;4.96;6.51;1.49;4.94;8.6;5.54;17.05;5.04;11.12;5.35;5.4;6.52;3.67;3.12;6.96;2.04;4.86;5.2;5.89;1.83;5.17;8.55;5.24;12.29;4.78;12.43;4.36;6.69;6.74;4.08;1;21.5;1.4;4;3.4;17.5;47.5
217;FV2170;Fourrage;FOURRAGES VERTS;Légumineuses Fourragères, Luzerne 2e cycle après coupe bourgeonnement Repousses à tiges de 7 semaines ;19.7;0.82;0.75;38;88;60;7.04;1.89;2.2;2.9;0.94;0.97;0.95;895;65;198;78;315;44;513;56;338;52;21;28;2.3;1.6;14.1;4.2;2;394;4472;62;2323;76;79;81;1.3;0.5;20;5;313;7;30;40;0.2;0.2;0.2;100000;20;200;6.02;2.71;5.31;5.19;6.24;1.57;5.02;8.65;5.67;15.46;5.44;11.39;5.78;5.45;6.37;3.73;3.12;7.04;2.2;4.76;5.27;5.78;1.89;5.21;8.52;5.27;11.78;4.92;12.52;4.47;6.7;6.71;4.08;1;21.9;1.4;4;3.5;17.9;46.4
218;FV2180;Fourrage;FOURRAGES VERTS;Légumineuses Fourragères, Luzerne 2e cycle après coupe bourgeonnement Repousses à tiges de 8 semaines ;22.8;0.77;0.69;36;85;57;7.05;1.89;2.19;2.7;0.99;1;0.99;896;62;192;78;342;43;511;51;343;46;20;27;2;1.4;14.1;4.2;2;394;4466;59;2201;76;79;80;1.3;0.5;20;5;313;7;30;40;0.2;0.2;0.2;100000;20;200;6.02;2.71;5.31;5.19;6.24;1.57;5.02;8.65;5.67;15.46;5.44;11.39;5.78;5.45;6.37;3.73;3.12;7.05;2.19;4.76;5.27;5.78;1.89;5.21;8.52;5.27;11.77;4.92;12.53;4.46;6.7;6.71;4.09;1;22;1.4;4;3.5;18;46
219;FV2190;Fourrage;FOURRAGES VERTS;Légumineuses Fourragères, Luzerne 2e cycle après coupe bourgeonnement Repousses à tiges de 9 semaines ;22.5;0.72;0.63;33;80;48;7.08;1.91;2.18;2.6;1.04;1.02;1.03;893;59;179;77;345;41;512;46;340;39;19;26;2;1.4;13.7;4.1;2;394;4430;56;2070;76;78;78;1.3;0.5;20;5;313;7;30;40;0.2;0.2;0.2;100000;20;200;6.02;2.71;5.31;5.19;6.24;1.57;5.02;8.65;5.67;15.46;5.44;11.39;5.78;5.45;6.37;3.73;3.12;7.08;2.18;4.76;5.28;5.78;1.91;5.22;8.51;5.26;11.74;4.91;12.55;4.44;6.71;6.72;4.09;1;22.4;1.4;4.1;3.6;18.2;45.2
220;FV2200;Fourrage;FOURRAGES VERTS;Légumineuses Fourragères, Luzerne 3e cycle Repousses à tiges de 5 semaines ;21;0.88;0.82;46;97;96;6.92;1.82;2.05;2.9;0.93;0.97;0.95;882;69;241;82;261;48;468;59;287;53;25;33;2.7;1.9;18.5;5.6;2;394;4487;66;2460;78;82;89;1.3;0.5;20;5;313;7;30;40;0.2;0.2;0.2;100000;20;200;5.86;2.26;5.68;4.96;6.51;1.49;4.94;8.6;5.54;17.05;5.04;11.12;5.35;5.4;6.52;3.67;3.12;6.92;2.05;4.87;5.18;5.9;1.82;5.15;8.56;5.24;12.34;4.79;12.4;4.39;6.69;6.73;4.08;1;20.9;1.4;3.9;3.2;17;49
221;FV2210;Fourrage;FOURRAGES VERTS;Légumineuses Fourragères, Luzerne 3e cycle Repousses à tiges de 6 semaines ;21.5;0.83;0.76;44;93;87;6.94;1.82;2.05;2.9;0.94;0.97;0.95;885;66;229;80;277;45;476;55;303;48;24;31;2.3;1.6;16.6;5;2;394;4480;63;2345;78;81;86;1.3;0.5;20;5;313;7;30;40;0.2;0.2;0.2;100000;20;200;5.86;2.26;5.68;4.96;6.51;1.49;4.94;8.6;5.54;17.05;5.04;11.12;5.35;5.4;6.52;3.67;3.12;6.94;2.05;4.87;5.19;5.9;1.82;5.16;8.56;5.24;12.32;4.79;12.41;4.38;6.69;6.74;4.08;1;21.1;1.4;3.9;3.3;17.3;48.3
222;FV2220;Fourrage;FOURRAGES VERTS;Légumineuses Fourragères, Luzerne 3e cycle Repousses à tiges de 7 semaines ;20.5;0.83;0.76;43;92;83;6.95;1.83;2.04;2.8;0.96;0.98;0.96;889;66;224;80;277;43;464;53;294;47;23;31;2.3;1.6;18.5;5.6;2;394;4490;63;2351;78;81;85;1.3;0.5;20;5;313;7;30;40;0.2;0.2;0.2;100000;20;200;5.86;2.26;5.68;4.96;6.51;1.49;4.94;8.6;5.54;17.05;5.04;11.12;5.35;5.4;6.52;3.67;3.12;6.95;2.04;4.86;5.19;5.89;1.83;5.16;8.55;5.24;12.29;4.78;12.42;4.36;6.69;6.74;4.08;1;21.2;1.4;3.9;3.3;17.4;48
223;FV2230;Fourrage;FOURRAGES VERTS;Légumineuses Fourragères, Luzerne 3e cycle Repousses à tiges de 8 semaines ;22.4;0.78;0.7;38;87;66;7.03;1.88;2.2;2.8;0.98;0.99;0.99;887;63;203;77;280;33;475;49;307;42;21;28;2.3;1.6;18;5.4;2;394;4444;60;2223;77;79;82;1.3;0.5;20;5;313;7;30;40;0.2;0.2;0.2;100000;20;200;6.02;2.71;5.31;5.19;6.24;1.57;5.02;8.65;5.67;15.46;5.44;11.39;5.78;5.45;6.37;3.73;3.12;7.03;2.2;4.77;5.26;5.78;1.88;5.2;8.53;5.27;11.79;4.93;12.51;4.48;6.7;6.7;4.08;1;21.7;1.4;4;3.5;17.8;46.8
224;FV2240;Fourrage;FOURRAGES VERTS;Légumineuses Fourragères, Luzerne 3e cycle Repousses à tiges de 9 semaines ;24.9;0.77;0.69;38;86;68;7.03;1.88;2.2;2.7;1;1;1;891;62;204;78;287;32;476;47;309;40;21;28;2.7;1.9;18;5.4;2;394;4464;59;2191;77;80;82;1.3;0.5;20;5;313;7;30;40;0.2;0.2;0.2;100000;20;200;6.02;2.71;5.31;5.19;6.24;1.57;5.02;8.65;5.67;15.46;5.44;11.39;5.78;5.45;6.37;3.73;3.12;7.03;2.2;4.77;5.26;5.78;1.88;5.2;8.53;5.27;11.79;4.93;12.51;4.48;6.7;6.7;4.08;1;21.7;1.4;4;3.5;17.7;46.8
225;FV2250;Fourrage;FOURRAGES VERTS;Légumineuses Fourragères, Luzerne 4e cycle Repousses à tiges de 5 semaines ;19.1;0.89;0.84;52;102;110;6.86;1.78;2.06;3.3;0.83;0.92;0.87;850;71;259;81;207;47;442;61;258;53;26;34;2.7;1.9;18;5.4;2;394;4370;68;2475;78;83;92;1.3;0.5;20;5;313;7;30;40;0.2;0.2;0.2;100000;20;200;5.86;2.26;5.68;4.96;6.51;1.49;4.94;8.6;5.54;17.05;5.04;11.12;5.35;5.4;6.52;3.67;3.12;6.86;2.06;4.88;5.16;5.9;1.78;5.12;8.59;5.25;12.44;4.8;12.34;4.43;6.68;6.72;4.07;1;20.7;1.4;3.9;3.2;16.8;49.4
226;FV2260;Fourrage;FOURRAGES VERTS;Légumineuses Fourragères, Luzerne 4e cycle Repousses à tiges de 6 semaines ;20.2;0.88;0.82;50;100;107;6.88;1.79;2.06;3.1;0.87;0.94;0.89;859;70;254;80;225;46;445;59;264;52;26;34;2.7;1.9;18.5;5.6;2;394;4403;67;2453;78;83;91;1.3;0.5;20;5;313;7;30;40;0.2;0.2;0.2;100000;20;200;5.86;2.26;5.68;4.96;6.51;1.49;4.94;8.6;5.54;17.05;5.04;11.12;5.35;5.4;6.52;3.67;3.12;6.88;2.06;4.88;5.17;5.9;1.79;5.13;8.58;5.25;12.41;4.8;12.36;4.42;6.68;6.72;4.07;1;20.7;1.4;3.9;3.2;16.8;49.4
227;FV2270;Fourrage;FOURRAGES VERTS;Légumineuses Fourragères, Luzerne 4e cycle Repousses à tiges de 7 semaines ;20;0.85;0.79;46;95;94;6.91;1.81;2.05;3;0.9;0.96;0.92;844;69;237;79;223;46;451;58;274;51;25;32;2.7;1.9;18;5.4;2;394;4305;66;2367;78;82;88;1.3;0.5;20;5;313;7;30;40;0.2;0.2;0.2;100000;20;200;5.86;2.26;5.68;4.96;6.51;1.49;4.94;8.6;5.54;17.05;5.04;11.12;5.35;5.4;6.52;3.67;3.12;6.91;2.05;4.87;5.18;5.9;1.81;5.14;8.57;5.24;12.36;4.79;12.39;4.39;6.68;6.73;4.08;1;21;1.4;3.9;3.3;17.1;48.8
228;FV2280;Fourrage;FOURRAGES VERTS;Légumineuses Fourragères, Luzerne 4e cycle Repousses à tiges de 8 semaines ;21.5;0.83;0.76;45;94;94;6.93;1.82;2.05;2.8;0.96;0.98;0.96;862;67;236;78;233;43;444;53;278;46;25;32;2.3;1.6;17.6;5.3;2;394;4386;64;2328;78;82;88;1.3;0.5;20;5;313;7;30;40;0.2;0.2;0.2;100000;20;200;5.86;2.26;5.68;4.96;6.51;1.49;4.94;8.6;5.54;17.05;5.04;11.12;5.35;5.4;6.52;3.67;3.12;6.93;2.05;4.87;5.18;5.9;1.82;5.15;8.56;5.24;12.34;4.79;12.4;4.38;6.69;6.73;4.08;1;21;1.4;3.9;3.3;17.1;48.7
229;FV2290;Fourrage;FOURRAGES VERTS;Légumineuses Fourragères, Luzerne 4e cycle Repousses à tiges de 9 semaines ;22.2;0.8;0.73;44;92;95;6.93;1.82;2.05;2.7;1.01;1;1;853;66;235;77;239;40;446;52;280;44;24;32;2.3;1.6;17.1;5.1;2;394;4343;63;2263;79;82;87;1.3;0.5;20;5;313;7;30;40;0.2;0.2;0.2;100000;20;200;5.86;2.26;5.68;4.96;6.51;1.49;4.94;8.6;5.54;17.05;5.04;11.12;5.35;5.4;6.52;3.67;3.12;6.93;2.05;4.87;5.19;5.9;1.82;5.15;8.56;5.24;12.33;4.79;12.4;4.38;6.69;6.74;4.08;1;21;1.4;3.9;3.3;17.1;48.6
230;FV2300;Fourrage;FOURRAGES VERTS;Légumineuses Fourragères, Trèfle Violet 1er cycle Végétatif (30 cm de haut) ;12.7;1.05;1.04;45;100;68;7.04;1.84;2.24;3;0.89;0.95;0.91;863;81;219;81;152;70;401;78;234;79;23;30;3.4;2.3;13.7;4.1;3.5;750;4281;77;2812;77;81;89;1.5;0.5;35;6;656;8;40;50;0.2;0.2;0.2;100000;20;200;6.08;2.79;6.04;5.61;5.96;1.49;5.57;8.8;5.9;12.36;5.47;12.61;4.38;5.76;6.79;4.38;3.12;7.04;2.24;4.92;5.4;5.69;1.84;5.44;8.59;5.35;11;4.95;12.92;3.96;6.83;6.78;4.15;1;17.3;1.4;2.9;3.4;17.5;51.3
231;FV2310;Fourrage;FOURRAGES VERTS;Légumineuses Fourragères, Trèfle Violet 1er cycle Début bourgeonnement ;12.8;0.96;0.93;41;94;51;6.99;1.91;2.21;3;0.9;0.95;0.92;868;76;196;78;207;66;437;70;270;68;20;27;3;2.1;13.2;3.9;3;770;4263;73;2627;76;79;85;1.3;0.3;35;5;688;7;30;40;0.2;0.2;0.2;100000;20;200;5.84;2.74;5.79;5.33;6.07;1.6;4.96;8.85;5.63;14.13;5.33;12.37;4.77;5.72;6.74;4.15;3.12;6.99;2.21;4.87;5.32;5.74;1.91;5.19;8.61;5.26;11.46;4.88;12.87;4.1;6.82;6.78;4.14;1;17.9;1.4;3;3.9;18.9;49.9
232;FV2320;Fourrage;FOURRAGES VERTS;Légumineuses Fourragères, Trèfle Violet 1er cycle Bourgeonnement ;14.3;0.94;0.91;38;91;38;7.02;1.92;2.19;3;0.91;0.96;0.93;883;74;180;75;232;64;447;67;280;65;19;26;2.7;1.9;12.7;3.8;3;513;4303;71;2584;75;78;83;1.3;0.3;25;5;432;7;30;40;0.2;0.2;0.2;100000;20;200;5.84;2.74;5.79;5.33;6.07;1.6;4.96;8.85;5.63;14.13;5.33;12.37;4.77;5.72;6.74;4.15;3.12;7.02;2.19;4.86;5.33;5.74;1.92;5.21;8.59;5.25;11.43;4.87;12.88;4.09;6.82;6.79;4.14;1;18.3;1.4;3;4;19.2;48.8
233;FV2330;Fourrage;FOURRAGES VERTS;Légumineuses Fourragères, Trèfle Violet 1er cycle Début floraison ;15.3;0.85;0.8;34;85;30;7.06;1.94;2.18;2.7;1.01;1.01;1.01;883;69;166;72;263;57;476;60;312;57;17;24;2.3;1.6;12.7;3.8;3;513;4279;66;2380;75;77;80;1.3;0.3;25;5;432;7;30;40;0.2;0.2;0.2;100000;20;200;5.84;2.74;5.79;5.33;6.07;1.6;4.96;8.85;5.63;14.13;5.33;12.37;4.77;5.72;6.74;4.15;3.12;7.06;2.18;4.85;5.33;5.74;1.94;5.22;8.57;5.25;11.41;4.86;12.89;4.07;6.82;6.8;4.14;1;18.7;1.4;3.1;4.1;19.4;47.8
234;FV2340;Fourrage;FOURRAGES VERTS;Légumineuses Fourragères, Trèfle Violet 1er cycle Floraison ;18;0.83;0.77;31;82;21;7.09;1.95;2.16;2.6;1.03;1.01;1.02;897;67;154;70;289;56;491;58;326;54;16;23;2.3;1.6;12.2;3.7;3;513;4322;64;2334;74;76;79;1.3;0.3;25;5;432;7;30;40;0.2;0.2;0.2;100000;20;200;5.84;2.74;5.79;5.33;6.07;1.6;4.96;8.85;5.63;14.13;5.33;12.37;4.77;5.72;6.74;4.15;3.12;7.09;2.16;4.85;5.34;5.74;1.95;5.24;8.56;5.25;11.4;4.85;12.91;4.05;6.82;6.81;4.14;1;19;1.4;3.1;4.2;19.7;46.9
235;FV2350;Fourrage;FOURRAGES VERTS;Légumineuses Fourragères, Trèfle Violet 1er cycle Fin floraison ;19.8;0.8;0.73;32;82;26;7.07;1.95;2.17;2.6;1.04;1.02;1.03;899;65;158;68;289;52;508;56;339;52;16;23;2.3;1.6;11.7;3.5;3;513;4338;62;2263;75;76;79;1.3;0.3;25;5;432;7;30;40;0.2;0.2;0.2;100000;20;200;5.84;2.74;5.79;5.33;6.07;1.6;4.96;8.85;5.63;14.13;5.33;12.37;4.77;5.72;6.74;4.15;3.12;7.07;2.17;4.85;5.34;5.74;1.95;5.23;8.56;5.25;11.41;4.85;12.9;4.06;6.82;6.8;4.14;1;18.9;1.4;3.1;4.1;19.6;47.2
236;FV2360;Fourrage;FOURRAGES VERTS;Légumineuses Fourragères, Trèfle Violet 2e cycle après coupe bourgeonnement Repousses à tiges de 5 semaines ;18;0.98;0.94;51;103;92;6.97;1.8;2.27;3.4;0.79;0.89;0.83;868;76;245;79;166;62;417;69;244;65;25;33;3;2.1;13.7;4.1;3.5;670;4348;73;2663;77;82;90;1.3;0.3;30;4;588;7;30;40;0.2;0.2;0.2;100000;20;200;6.08;2.79;6.04;5.61;5.96;1.49;5.57;8.8;5.9;12.36;5.47;12.61;4.38;5.76;6.79;4.38;3.12;6.97;2.27;4.94;5.39;5.69;1.8;5.43;8.63;5.37;11.01;4.98;12.9;3.99;6.83;6.76;4.15;1;16.8;1.4;2.8;3.7;17.9;52.8
237;FV2370;Fourrage;FOURRAGES VERTS;Légumineuses Fourragères, Trèfle Violet 2e cycle après coupe bourgeonnement Repousses à tiges de 6 semaines ;16.4;0.93;0.89;42;94;59;7.05;1.85;2.23;3.3;0.83;0.92;0.86;878;73;205;75;219;59;452;66;279;62;21;28;2.7;1.9;13.7;4.1;3.5;670;4324;70;2554;76;80;83;1.3;0.3;30;4;588;7;30;40;0.2;0.2;0.2;100000;20;200;6.08;2.79;6.04;5.61;5.96;1.49;5.57;8.8;5.9;12.36;5.47;12.61;4.38;5.76;6.79;4.38;3.12;7.05;2.23;4.92;5.4;5.7;1.85;5.45;8.59;5.35;11;4.94;12.92;3.96;6.83;6.78;4.15;1;17.6;1.4;3;3.9;18.7;50.5
238;FV2380;Fourrage;FOURRAGES VERTS;Légumineuses Fourragères, Trèfle Violet 2e cycle après coupe bourgeonnement Repousses à tiges de 7 semaines ;18.9;0.89;0.84;39;90;49;6.99;1.91;2.2;3.2;0.85;0.93;0.88;891;70;192;73;238;54;461;61;296;57;20;27;2.7;1.9;13.2;3.9;3.5;670;4360;67;2466;75;79;81;1.3;0.3;30;4;588;7;30;40;0.2;0.2;0.2;100000;20;200;5.84;2.74;5.79;5.33;6.07;1.6;4.96;8.85;5.63;14.13;5.33;12.37;4.77;5.72;6.74;4.15;3.12;6.99;2.2;4.87;5.32;5.74;1.91;5.19;8.6;5.26;11.45;4.88;12.87;4.1;6.82;6.78;4.14;1;18;1.4;3;3.9;18.9;49.7
239;FV2390;Fourrage;FOURRAGES VERTS;Légumineuses Fourragères, Trèfle Violet 2e cycle après coupe bourgeonnement Repousses à tiges de 8 semaines ;20;0.85;0.79;33;84;29;7.06;1.94;2.17;3;0.91;0.96;0.93;894;68;166;71;260;52;478;58;308;54;17;24;2.7;1.9;13.2;3.9;3.5;670;4329;65;2381;74;77;77;1.3;0.3;30;4;588;7;30;40;0.2;0.2;0.2;100000;20;200;5.84;2.74;5.79;5.33;6.07;1.6;4.96;8.85;5.63;14.13;5.33;12.37;4.77;5.72;6.74;4.15;3.12;7.06;2.17;4.85;5.33;5.74;1.94;5.23;8.57;5.25;11.41;4.86;12.9;4.07;6.82;6.8;4.14;1;18.7;1.4;3.1;4.1;19.4;47.8
240;FV2400;Fourrage;FOURRAGES VERTS;Légumineuses Fourragères, Trèfle Violet 3e cycle Repousses à tiges de 6 semaines ;14.2;0.96;0.93;45;97;78;7.02;1.83;2.25;3.1;0.87;0.94;0.9;842;77;226;78;166;61;426;72;256;70;23;31;3;2.1;12.2;3.7;3.5;670;4198;74;2609;77;81;86;1.3;0.3;30;4;588;7;30;40;0.2;0.2;0.2;100000;20;200;6.08;2.79;6.04;5.61;5.96;1.49;5.57;8.8;5.9;12.36;5.47;12.61;4.38;5.76;6.79;4.38;3.12;7.02;2.25;4.93;5.4;5.69;1.83;5.44;8.6;5.36;11;4.96;12.91;3.97;6.83;6.77;4.15;1;17.2;1.4;2.9;3.8;18.3;51.8
241;FV2410;Fourrage;FOURRAGES VERTS;Légumineuses Fourragères, Trèfle Violet 3e cycle Repousses à tiges de 7 semaines ;15.8;0.94;0.9;44;96;76;7.03;1.83;2.24;3;0.89;0.95;0.91;853;75;223;77;184;59;431;68;258;64;23;30;2.7;1.9;11.7;3.5;3.5;670;4242;72;2562;77;81;86;1.3;0.3;30;4;588;7;30;40;0.2;0.2;0.2;100000;20;200;6.08;2.79;6.04;5.61;5.96;1.49;5.57;8.8;5.9;12.36;5.47;12.61;4.38;5.76;6.79;4.38;3.12;7.03;2.24;4.93;5.4;5.69;1.83;5.44;8.6;5.36;11;4.95;12.92;3.97;6.83;6.77;4.15;1;17.2;1.4;2.9;3.8;18.3;51.6
242;FV2420;Fourrage;FOURRAGES VERTS;Légumineuses Fourragères, Trèfle Violet 3e cycle Repousses à tiges de 8 semaines ;15.1;0.87;0.83;41;92;79;7.05;1.84;2.24;2.6;1.02;1.01;1.01;845;72;221;76;183;58;440;63;264;57;23;30;2.7;1.9;11.7;3.5;3.5;670;4203;69;2414;78;81;85;1.3;0.3;30;4;588;7;30;40;0.2;0.2;0.2;100000;20;200;6.08;2.79;6.04;5.61;5.96;1.49;5.57;8.8;5.9;12.36;5.47;12.61;4.38;5.76;6.79;4.38;3.12;7.05;2.24;4.92;5.4;5.7;1.84;5.45;8.59;5.35;11;4.95;12.92;3.96;6.83;6.78;4.15;1;17.3;1.4;2.9;3.8;18.4;51.5
243;FV2430;Fourrage;FOURRAGES VERTS;Légumineuses Fourragères, Trèfle Blanc 1er cycle Végétatif ;9.7;1.11;1.11;52;108;92;6.48;1.87;2.49;3.3;0.83;0.92;0.87;880;83;249;84;175;79;422;84;251;86;26;33;2.7;1.9;13.2;3.9;3.5;750;4410;79;2963;78;82;94;1.5;0.5;35;6;656;8;40;50;0.2;0.2;0.2;100000;20;200;4.91;3.35;5.77;5.29;6.95;1.62;5.2;9.23;5.75;12.33;5.26;12.02;5.76;5.86;6.46;4.23;3.12;6.48;2.49;4.87;5.28;6.02;1.87;5.25;8.78;5.31;10.98;4.87;12.67;4.54;6.87;6.69;4.13;1;16.7;1.4;2.8;3.6;17.8;53
244;FV2440;Fourrage;FOURRAGES VERTS;Légumineuses Fourragères, Trèfle Blanc 1er cycle Début floraison ;11;1.06;1.05;48;104;75;6.53;1.88;2.47;3.3;0.83;0.92;0.87;887;80;229;81;214;77;447;79;278;80;24;31;2.3;1.6;12.7;3.8;3;770;4407;77;2857;77;81;91;1.3;0.3;35;5;688;7;30;40;0.2;0.2;0.2;100000;20;200;4.91;3.35;5.77;5.29;6.95;1.62;5.2;9.23;5.75;12.33;5.26;12.02;5.76;5.86;6.46;4.23;3.12;6.53;2.47;4.87;5.28;6.02;1.88;5.26;8.76;5.3;10.98;4.86;12.69;4.51;6.87;6.7;4.13;1;17.1;1.4;2.9;3.7;18.2;51.9
245;FV2450;Fourrage;FOURRAGES VERTS;Légumineuses Fourragères, Trèfle Blanc 1er cycle Floraison ;12;1.02;0.99;42;97;51;6.61;1.91;2.43;3.1;0.86;0.93;0.89;900;77;200;79;250;72;471;74;302;74;21;28;2;1.4;12.7;3.8;3;670;4415;74;2761;76;79;86;1.3;0.3;30;4;588;7;30;40;0.2;0.2;0.2;100000;20;200;4.91;3.35;5.77;5.29;6.95;1.62;5.2;9.23;5.75;12.33;5.26;12.02;5.76;5.86;6.46;4.23;3.12;6.61;2.43;4.85;5.29;6;1.91;5.28;8.73;5.29;10.98;4.84;12.72;4.46;6.87;6.72;4.13;1;17.8;1.4;3;3.9;18.8;50.2
246;FV2460;Fourrage;FOURRAGES VERTS;Légumineuses Fourragères, Trèfle Blanc 2e cycle Repousses feuillues de 6 semaines, pluviométrie non limitante ;12.1;1;0.98;44;98;71;6.56;1.89;2.46;3.2;0.85;0.93;0.88;845;79;220;79;187;72;430;76;259;76;23;30;3;2.1;13.7;4.1;3.5;670;4201;76;2691;77;81;85;1.3;0.3;30;4;588;7;30;40;0.2;0.2;0.2;100000;20;200;4.91;3.35;5.77;5.29;6.95;1.62;5.2;9.23;5.75;12.33;5.26;12.02;5.76;5.86;6.46;4.23;3.12;6.56;2.46;4.86;5.29;6.01;1.89;5.27;8.75;5.3;10.98;4.85;12.7;4.49;6.87;6.71;4.13;1;17.3;1.4;2.9;3.8;18.4;51.4
247;FV2470;Fourrage;FOURRAGES VERTS;Légumineuses Fourragères, Trèfle Blanc 2e cycle Repousses feuillues de 4 semaines, pluviométrie limitante ;13;0.98;0.94;44;98;80;6.57;1.9;2.45;2.9;0.94;0.97;0.95;901;75;229;77;207;76;443;69;273;66;24;31;2.7;1.9;13.2;3.9;3.5;670;4470;72;2687;78;81;86;1.3;0.3;30;4;588;7;30;40;0.2;0.2;0.2;100000;20;200;4.91;3.35;5.77;5.29;6.95;1.62;5.2;9.23;5.75;12.33;5.26;12.02;5.76;5.86;6.46;4.23;3.12;6.57;2.45;4.86;5.29;6.01;1.9;5.27;8.74;5.3;10.98;4.85;12.71;4.48;6.87;6.71;4.13;1;17.1;1.4;2.9;3.7;18.2;51.9
248;FV2480;Fourrage;FOURRAGES VERTS;Légumineuses Fourragères, Trèfle Blanc 3e cycle Repousses feuillues de 8 semaines, pluviométrie non limitante ;11.5;1.08;1.06;58;113;130;6.39;1.84;2.54;3.2;0.85;0.93;0.88;882;81;290;82;172;80;420;79;250;80;26;34;2.7;1.9;13.7;4.1;3.5;670;4490;77;2908;79;84;98;1.3;0.3;30;4;588;7;30;40;0.2;0.2;0.2;100000;20;200;4.91;3.35;5.77;5.29;6.95;1.62;5.2;9.23;5.75;12.33;5.26;12.02;5.76;5.86;6.46;4.23;3.12;6.39;2.54;4.88;5.26;6.04;1.84;5.22;8.82;5.32;10.99;4.89;12.64;4.6;6.87;6.67;4.12;1;16.7;1.4;2.8;3.6;17.8;53.1
249;FV2490;Fourrage;FOURRAGES VERTS;Légumineuses Fourragères, Trèfle Blanc 3e cycle Repousses feuillues de 4 semaines, pluviométrie limitante ;13;0.98;0.94;53;106;125;6.43;1.85;2.52;2.9;0.94;0.97;0.95;879;76;278;78;180;78;426;70;255;67;26;34;2.3;1.6;12.7;3.8;3.5;670;4455;73;2686;80;84;95;1.3;0.3;30;4;588;7;30;40;0.2;0.2;0.2;100000;20;200;4.91;3.35;5.77;5.29;6.95;1.62;5.2;9.23;5.75;12.33;5.26;12.02;5.76;5.86;6.46;4.23;3.12;6.43;2.52;4.88;5.27;6.03;1.85;5.23;8.81;5.31;10.98;4.88;12.65;4.57;6.87;6.68;4.12;1;16.7;1.4;2.8;3.6;17.8;53.1
250;FV2500;Fourrage;FOURRAGES VERTS;Légumineuses Fourragères, Trèfle Blanc 4e cycle Repousses feuillues de 6 semaines, pluviométrie non limitante ;10.6;1.12;1.11;60;116;144;6.38;1.83;2.54;3.2;0.85;0.93;0.88;878;83;307;85;166;87;416;83;246;86;26;34;3.4;2.3;13.7;4.1;3.5;670;4501;79;2984;80;85;98;1.3;0.3;30;4;588;7;30;40;0.2;0.2;0.2;100000;20;200;4.91;3.35;5.77;5.29;6.95;1.62;5.2;9.23;5.75;12.33;5.26;12.02;5.76;5.86;6.46;4.23;3.12;6.38;2.54;4.89;5.26;6.04;1.83;5.22;8.83;5.32;10.99;4.89;12.63;4.6;6.87;6.67;4.12;1;16.7;1.4;2.8;3.6;17.8;53.1
251;FV2510;Fourrage;FOURRAGES VERTS;Légumineuses Fourragères, Sainfoin 1er cycle Début bourgeonnement ;13;1.04;1.02;42;97;35;7.51;1.98;2.12;3.6;0.75;0.87;0.8;880;79;184;70;160;75;409;75;230;72;19;26;3;2.1;9.3;2.8;2.5;;4297;76;2788;73;78;85;2;0.5;15;;;6;40;40;0.02;0.02;0.2;100000;20;200;7.23;2.51;5.13;4.92;6.28;1.78;4.82;8.9;6.07;14.24;4.82;12.46;5.55;4.92;6.07;4.29;3.12;7.51;2.12;4.73;5.19;5.8;1.98;5.12;8.61;5.41;11.47;4.67;12.88;4.38;6.48;6.66;4.14;1;18.2;1.4;3;4;19.1;49.1
252;FV2520;Fourrage;FOURRAGES VERTS;Légumineuses Fourragères, Sainfoin 1er cycle Bourgeonnement ;13.5;0.96;0.93;34;88;18;7.54;2.01;2.09;3.1;0.87;0.94;0.89;885;75;159;66;214;66;451;69;276;67;16;23;2.7;1.9;9.3;2.8;2.5;;4276;72;2624;73;76;80;2;0.5;15;;;6;40;40;0.02;0.02;0.2;100000;20;200;7.23;2.51;5.13;4.92;6.28;1.78;4.82;8.9;6.07;14.24;4.82;12.46;5.55;4.92;6.07;4.29;3.12;7.54;2.09;4.72;5.21;5.8;2.01;5.17;8.57;5.38;11.42;4.66;12.91;4.32;6.51;6.69;4.15;1;18.9;1.4;3.1;4.1;19.6;47.3
253;FV2530;Fourrage;FOURRAGES VERTS;Légumineuses Fourragères, Sainfoin 1er cycle Début floraison ;14.2;0.89;0.84;29;82;9;7.56;2.03;2.08;2.6;1.02;1.01;1.02;889;71;143;64;266;60;497;65;323;63;15;21;2.7;1.9;9.3;2.8;2.5;;4266;68;2461;73;75;77;2;0.5;15;;;6;40;40;0.02;0.02;0.2;100000;20;200;7.23;2.51;5.13;4.92;6.28;1.78;4.82;8.9;6.07;14.24;4.82;12.46;5.55;4.92;6.07;4.29;3.12;7.56;2.08;4.72;5.23;5.8;2.03;5.2;8.54;5.36;11.38;4.66;12.93;4.27;6.53;6.71;4.15;1;19.4;1.4;3.1;4.2;19.9;46.1
254;FV2540;Fourrage;FOURRAGES VERTS;Légumineuses Fourragères, Sainfoin 1er cycle Floraison ;17;0.82;0.76;26;77;3;7.58;2.05;2.06;2.3;1.17;1.07;1.13;896;67;131;62;310;54;536;61;363;59;13;20;2.7;1.9;8.8;2.6;2.5;;4277;64;2311;74;73;75;2;0.5;15;;;6;40;40;0.02;0.02;0.2;100000;20;200;7.23;2.51;5.13;4.92;6.28;1.78;4.82;8.9;6.07;14.24;4.82;12.46;5.55;4.92;6.07;4.29;3.12;7.58;2.06;4.72;5.25;5.8;2.05;5.23;8.52;5.35;11.35;4.65;12.95;4.23;6.55;6.73;4.16;1;19.8;1.4;3.2;4.3;20.1;45.1
255;FV2550;Fourrage;FOURRAGES VERTS;Légumineuses Fourragères, Sainfoin 1er cycle Fin floraison ;21.7;0.75;0.67;25;74;8;7.57;2.05;2.06;2.1;1.28;1.11;1.2;907;62;133;62;336;50;572;56;394;53;14;20;2.7;1.9;8.8;2.6;2.5;;4330;59;2142;74;74;74;2;0.5;15;;;6;40;40;0.02;0.02;0.2;100000;20;200;7.23;2.51;5.13;4.92;6.28;1.78;4.82;8.9;6.07;14.24;4.82;12.46;5.55;4.92;6.07;4.29;3.12;7.57;2.06;4.72;5.25;5.8;2.05;5.23;8.52;5.35;11.36;4.65;12.95;4.24;6.55;6.73;4.16;1;19.7;1.4;3.2;4.3;20.1;45.3
256;FV2560;Fourrage;FOURRAGES VERTS;Légumineuses Fourragères, Vesce  Début floraison ;18.9;0.95;0.91;48;100;92;7.74;2.22;2.58;3.1;0.88;0.94;0.91;883;74;242;84;244;78;456;68;282;65;25;33;3.4;2.3;12.2;3.7;2.5;;4411;71;2613;78;82;89;2;0.5;15;;;10;70;40;0.4;0.02;0.5;100000;20;200;7.95;3.6;5.57;4.96;7.14;2.38;4.74;9.15;5.08;12.23;5.37;11.69;5.4;5.14;5.32;4.27;3.12;7.74;2.58;4.81;5.15;6.07;2.22;5.02;8.71;5.03;10.92;4.9;12.51;4.37;6.51;6.46;4.12;1;16.8;1.4;2.9;3.7;18;52.6
257;FV2570;Fourrage;FOURRAGES VERTS;Légumineuses Fourragères, Vesce  Début fructification ;19.1;0.91;0.86;41;93;69;7.75;2.22;2.53;2.9;0.94;0.97;0.95;901;71;214;79;266;63;478;64;305;60;22;29;3;2.1;11.7;3.5;2.5;;4444;68;2526;77;80;84;2;0.5;15;;;10;70;40;0.4;0.02;0.5;100000;20;200;7.95;3.6;5.57;4.96;7.14;2.38;4.74;9.15;5.08;12.23;5.37;11.69;5.4;5.14;5.32;4.27;3.12;7.75;2.53;4.8;5.17;6.05;2.22;5.06;8.68;5.04;10.92;4.88;12.56;4.32;6.54;6.49;4.12;1;17.4;1.4;2.9;3.8;18.5;51
258;FV2580;Fourrage;FOURRAGES VERTS;Légumineuses Fourragères, Vesce  Formation de la graine ;20;0.84;0.78;35;86;47;7.76;2.23;2.48;2.7;1;1;1;903;67;185;76;280;55;469;56;296;50;19;26;2.7;1.9;11.7;3.5;2.5;;4403;64;2361;76;78;79;2;0.5;15;;;10;70;40;0.4;0.02;0.5;100000;20;200;7.95;3.6;5.57;4.96;7.14;2.38;4.74;9.15;5.08;12.23;5.37;11.69;5.4;5.14;5.32;4.27;3.12;7.76;2.48;4.79;5.19;6.03;2.23;5.1;8.64;5.04;10.93;4.86;12.61;4.27;6.56;6.53;4.13;1;18.2;1.4;3;4;19.1;49.2
259;FV2590;Fourrage;FOURRAGES VERTS;Protéagineux, Soja Variétés précoces Formation des gousses ;17.2;0.81;0.75;36;85;33;7.25;1.91;2.23;2.8;0.98;0.99;0.98;895;65;174;81;296;47;461;;326;;18;25;2.7;1.9;12.2;3.7;6;;4380;62;2295;72;73;73;2.5;1.2;10;;;7;40;40;0.02;0.02;0.2;20000;30;25;6.54;2.85;7.81;4.22;5.06;1.58;4.85;7.91;5.27;11.81;5.38;18.67;5.59;4.43;4.32;3.69;2.9;7.25;2.23;5.25;4.97;5.42;1.91;5.14;8.24;5.12;10.85;4.88;14.87;4.37;6.28;6.37;4.08;;;;;;;
260;FV2600;Fourrage;FOURRAGES VERTS;Protéagineux, Soja Variétés précoces Début de la formation du grain ;23.2;0.87;0.8;39;89;35;7.23;1.89;2.24;3;0.9;0.95;0.92;910;67;180;81;250;44;422;;293;;35;50;3;2.1;12.7;3.8;6;;4460;64;2423;71;73;74;2.5;1.2;10;;;7;40;40;0.02;0.02;0.2;20000;30;25;6.54;2.85;7.81;4.22;5.06;1.58;4.85;7.91;5.27;11.81;5.38;18.67;5.59;4.43;4.32;3.69;2.9;7.23;2.24;5.27;4.96;5.41;1.89;5.13;8.24;5.12;10.85;4.89;14.92;4.39;6.26;6.35;4.08;;;;;;;
261;FV2610;Fourrage;FOURRAGES VERTS;Protéagineux, Soja Variétés précoces Maturité de la graine ;32.1;0.95;0.89;47;99;69;7.17;1.85;2.28;2.8;0.96;0.98;0.97;918;70;228;86;272;47;441;;309;;53;75;2.7;1.9;12.7;3.8;6;;4700;67;2646;72;73;74;2.5;1.2;10;;;7;40;40;0.02;0.02;0.2;20000;30;25;6.54;2.85;7.81;4.22;5.06;1.58;4.85;7.91;5.27;11.81;5.38;18.67;5.59;4.43;4.32;3.69;2.9;7.17;2.28;5.33;4.9;5.37;1.85;5.08;8.25;5.12;10.83;4.92;15.11;4.46;6.2;6.28;4.06;;;;;;;
262;FV2620;Fourrage;FOURRAGES VERTS;Protéagineux, Soja Variétés tardives Début floraison ;16.2;0.76;0.68;30;78;23;7.3;1.94;2.2;2.3;1.15;1.06;1.11;888;62;154;76;303;43;467;;331;;14;20;2.7;1.9;12.2;3.7;6;;4350;60;2161;73;73;72;2.5;1.2;10;;;7;40;40;0.02;0.02;0.2;20000;30;25;6.54;2.85;7.81;4.22;5.06;1.58;4.85;7.91;5.27;11.81;5.38;18.67;5.59;4.43;4.32;3.69;2.9;7.3;2.2;5.2;5.02;5.46;1.94;5.19;8.24;5.12;10.86;4.85;14.72;4.31;6.33;6.42;4.09;;;;;;;
263;FV2630;Fourrage;FOURRAGES VERTS;Protéagineux, Soja Variétés tardives Floraison ;18.9;0.73;0.65;29;77;21;7.31;1.94;2.2;2.4;1.13;1.05;1.09;892;60;150;78;327;44;488;;348;;14;20;3;2.1;12.7;3.8;6;;4370;58;2097;73;73;72;2.5;1.2;10;;;7;40;40;0.02;0.02;0.2;20000;30;25;6.54;2.85;7.81;4.22;5.06;1.58;4.85;7.91;5.27;11.81;5.38;18.67;5.59;4.43;4.32;3.69;2.9;7.31;2.2;5.2;5.02;5.46;1.94;5.19;8.24;5.12;10.86;4.85;14.71;4.31;6.33;6.43;4.09;;;;;;;
264;FV2640;Fourrage;FOURRAGES VERTS;Protéagineux, Soja Variétés tardives Formation des gousses ;20.8;0.75;0.67;34;82;33;7.26;1.91;2.23;2.6;1.05;1.02;1.04;897;61;169;79;305;42;469;;332;;18;25;2.7;1.9;12.2;3.7;6;;4390;59;2139;72;73;73;2.5;1.2;10;;;7;40;40;0.02;0.02;0.2;20000;30;25;6.54;2.85;7.81;4.22;5.06;1.58;4.85;7.91;5.27;11.81;5.38;18.67;5.59;4.43;4.32;3.69;2.9;7.26;2.23;5.24;4.98;5.43;1.91;5.15;8.24;5.12;10.85;4.88;14.85;4.36;6.28;6.38;4.08;;;;;;;
265;FV2650;Fourrage;FOURRAGES VERTS;Protéagineux, Soja Variétés tardives Début de la formation du grain ;23.9;0.74;0.66;35;83;34;7.24;1.9;2.24;2.8;0.97;0.99;0.98;908;60;171;77;292;37;458;;323;;25;35;2.7;1.9;12.2;3.7;6;;4450;58;2135;72;73;74;2.5;1.2;10;;;7;40;40;0.02;0.02;0.2;20000;30;25;6.54;2.85;7.81;4.22;5.06;1.58;4.85;7.91;5.27;11.81;5.38;18.67;5.59;4.43;4.32;3.69;2.9;7.24;2.24;5.26;4.96;5.42;1.9;5.14;8.24;5.12;10.85;4.89;14.9;4.38;6.27;6.36;4.08;;;;;;;
266;FV2660;Fourrage;FOURRAGES VERTS;Protéagineux, Pois  Formation de la graine ;18.3;1.02;0.99;39;93;24;7.79;1.71;2.19;3.3;0.83;0.92;0.86;908;77;175;76;180;54;352;;199;;21;30;2.7;1.9;13.2;3.9;3.5;;4330;74;2749;70;73;75;2;0.1;15;;;7;30;40;0.02;0.02;0.1;20000;30;25;7.87;2.69;9.27;4.09;5.06;1.08;4.53;7.65;5.06;12.61;5.06;17.67;4.53;4.74;4.74;3.34;2.2;7.79;2.19;5.56;4.97;5.46;1.71;5.04;8.2;5.08;11.11;4.78;14.63;4.01;6.44;6.48;4.07;;;;;;;
267;FV2670;Fourrage;FOURRAGES VERTS;Protéagineux, Pois  Jaunissement de la graine ;33.1;0.97;0.94;38;91;26;7.79;1.72;2.18;3.1;0.88;0.95;0.91;919;74;174;73;192;33;346;;211;;25;35;2.3;1.6;12.7;3.8;3.5;;4380;71;2656;71;73;74;2;0.1;15;;;7;30;40;0.02;0.02;0.1;20000;30;25;7.87;2.69;9.27;4.09;5.06;1.08;4.53;7.65;5.06;12.61;5.06;17.67;4.53;4.74;4.74;3.34;2.2;7.79;2.18;5.56;4.97;5.46;1.72;5.05;8.2;5.08;11.11;4.78;14.61;4.01;6.45;6.48;4.07;;;;;;;
268;FV2680;Fourrage;FOURRAGES VERTS;Protéagineux, Fèverole  Floraison ;16.9;0.92;0.87;40;91;27;7.41;1.55;2.19;3.4;0.79;0.9;0.83;907;71;174;74;262;48;432;;301;;21;30;3.4;2.3;12.7;3.8;2.5;;4340;68;2528;70;73;75;2;0.5;15;;;7;40;40;0.02;0.02;0.2;20000;30;25;6.82;2.67;10.45;3.84;4.8;0.75;4.37;8.1;4.48;12.79;5.44;18.76;4.37;4.58;4.37;3.41;2.1;7.41;2.19;5.86;4.88;5.37;1.55;4.96;8.38;4.88;11.19;4.96;15.09;3.98;6.38;6.41;4.08;;;;;;;
269;FV2690;Fourrage;FOURRAGES VERTS;Protéagineux, Fèverole  Formation des gousses ;19.9;0.91;0.87;37;89;23;7.42;1.58;2.18;3.3;0.83;0.92;0.87;905;71;167;77;264;46;434;;303;;21;30;3;2.1;12.2;3.7;2.5;;4330;68;2521;70;73;75;2;0.5;15;;;7;40;40;0.02;0.02;0.2;20000;30;25;6.82;2.67;10.45;3.84;4.8;0.75;4.37;8.1;4.48;12.79;5.44;18.76;4.37;4.58;4.37;3.41;2.1;7.42;2.18;5.81;4.9;5.39;1.58;4.99;8.38;4.89;11.18;4.94;15.02;3.97;6.39;6.43;4.08;;;;;;;
270;FV2700;Fourrage;FOURRAGES VERTS;Protéagineux, Fèverole  Graine consistante ;26.3;0.95;0.91;31;84;7;7.46;1.66;2.15;3;0.89;0.95;0.91;919;72;146;73;306;49;468;;333;;18;25;2.7;1.9;11.7;3.5;2.5;;4400;69;2610;71;73;74;2;0.5;15;;;7;40;40;0.02;0.02;0.2;20000;30;25;6.82;2.67;10.45;3.84;4.8;0.75;4.37;8.1;4.48;12.79;5.44;18.76;4.37;4.58;4.37;3.41;2.1;7.46;2.15;5.69;4.96;5.43;1.66;5.05;8.36;4.92;11.16;4.91;14.82;3.94;6.44;6.49;4.1;;;;;;;
271;FV2710;Fourrage;FOURRAGES VERTS;Protéagineux, Fèverole  Début maturité de la graine ;35;0.95;0.91;26;79;-7;7.5;1.73;2.11;2.8;0.95;0.98;0.96;917;72;126;68;367;63;521;;376;;14;20;2.7;1.9;11.7;3.5;2.5;;4390;69;2611;72;73;74;2;0.5;15;;;7;40;40;0.02;0.02;0.2;20000;30;25;6.82;2.67;10.45;3.84;4.8;0.75;4.37;8.1;4.48;12.79;5.44;18.76;4.37;4.58;4.37;3.41;2.1;7.5;2.11;5.58;5.02;5.47;1.73;5.11;8.34;4.94;11.13;4.87;14.64;3.92;6.48;6.54;4.11;;;;;;;
272;FV2720;Fourrage;FOURRAGES VERTS;Protéagineux, Lupin Blanc  Floraison ;16;0.99;0.95;37;92;50;6.86;1.65;2.05;1.9;1.4;1.14;1.28;924;76;203;79;183;60;365;;246;;18;25;2.7;1.9;12.2;3.7;1.5;;4430;73;2693;75;73;71;2.8;0.5;12;;;10;45;40;0.02;0.02;0.2;20000;30;25;5.14;2.31;11.32;3.88;4.51;0.84;4.82;7.55;4.09;11.11;5.56;21.8;4.4;4.19;3.56;4.93;2.3;6.86;2.05;5.93;4.95;5.34;1.65;5.21;8.2;4.78;10.8;4.98;15.89;3.97;6.27;6.34;4.25;;;;;;;
273;FV2730;Fourrage;FOURRAGES VERTS;Protéagineux, Lupin Blanc  Début de la formation du grain ;16.5;1.01;0.97;32;88;33;6.95;1.71;2.03;1.8;1.52;1.18;1.36;939;76;180;77;214;60;391;;268;;21;30;2.3;1.6;11.7;3.5;1.5;;4500;73;2745;75;73;70;2.8;0.5;12;;;10;45;40;0.02;0.02;0.2;20000;30;25;5.14;2.31;11.32;3.88;4.51;0.84;4.82;7.55;4.09;11.11;5.56;21.8;4.4;4.19;3.56;4.93;2.3;6.95;2.03;5.82;5;5.38;1.71;5.24;8.2;4.82;10.82;4.94;15.64;3.95;6.33;6.4;4.24;;;;;;;
274;FV2740;Fourrage;FOURRAGES VERTS;Composées, Tournesol 1er cycle Début de formation des capitules ;10.4;0.89;0.86;30;83;26;6.55;2.32;2.13;1.9;1.42;1.15;1.29;842;76;165;77;190;61;396;;252;;13;23;3.4;2.3;9.8;2.9;2.5;;3960;73;2427;75;73;71;2.8;0.3;15;;;7;40;40;0.02;0.02;0.2;4000;300;15;4.07;2.71;9.16;4.07;5.54;2.6;4.64;6.9;4.98;9.95;4.86;21.49;4.98;6.45;4.98;2.6;2.9;6.55;2.13;5.39;5;5.59;2.32;5.13;7.92;5.03;10.47;4.66;15.38;4.08;7.05;6.54;4;;11.3;;1;2.2;18.4;51.6
275;FV2750;Fourrage;FOURRAGES VERTS;Composées, Tournesol 1er cycle Début floraison ;13.8;0.88;0.85;26;79;27;6.65;2.31;2.11;1.3;2.07;1.3;1.65;848;76;163;74;210;60;394;;246;;13;23;3;2.1;11.7;3.5;2.5;;3990;73;2415;77;73;68;2.8;0.3;15;;;7;40;40;0.02;0.02;0.2;4000;300;15;4.07;2.71;9.16;4.07;5.54;2.6;4.64;6.9;4.98;9.95;4.86;21.49;4.98;6.45;4.98;2.6;2.9;6.65;2.11;5.33;5.04;5.61;2.31;5.17;7.94;5.04;10.51;4.66;15.2;4.05;7.03;6.58;4.01;;11.3;;1;2.2;18.4;51.6
276;FV2760;Fourrage;FOURRAGES VERTS;Composées, Tournesol 1er cycle Fin floraison ;13.4;0.83;0.78;25;76;9;6.67;2.31;2.11;1.9;1.44;1.16;1.3;865;70;139;71;236;51;417;;279;;13;23;2.7;1.9;11.7;3.5;2.5;;4070;67;2293;75;73;70;2.8;0.3;15;;;7;40;40;0.02;0.02;0.2;4000;300;15;4.07;2.71;9.16;4.07;5.54;2.6;4.64;6.9;4.98;9.95;4.86;21.49;4.98;6.45;4.98;2.6;2.9;6.67;2.11;5.32;5.04;5.61;2.31;5.17;7.95;5.04;10.51;4.65;15.18;4.05;7.03;6.58;4.01;;11.3;;1;2.2;18.4;51.6
277;FV2770;Fourrage;FOURRAGES VERTS;Composées, Tournesol 1er cycle Graine consistante ;17.9;0.81;0.75;24;73;-3;6.63;2.31;2.11;2.7;1.01;1.01;1.01;882;64;120;63;254;42;407;;278;;53;75;2.7;1.9;13.2;3.9;2.5;;4380;61;2296;72;73;73;2.8;0.3;15;;;7;40;40;0.02;0.02;0.2;4000;300;15;4.07;2.71;9.16;4.07;5.54;2.6;4.64;6.9;4.98;9.95;4.86;21.49;4.98;6.45;4.98;2.6;2.9;6.63;2.11;5.34;5.03;5.6;2.31;5.16;7.94;5.04;10.5;4.66;15.24;4.06;7.04;6.57;4.01;;;;;;;
278;FV2780;Fourrage;FOURRAGES VERTS;Composées, Tournesol 1er cycle Début du jaunissement des capitules ;20;0.86;0.78;24;72;-2;6.64;2.31;2.11;2.5;1.07;1.03;1.05;884;63;120;66;252;40;408;;273;;60;85;2.3;1.6;11.7;3.5;2.5;;4690;60;2426;73;73;73;2.8;0.3;15;;;7;40;40;0.02;0.02;0.2;4000;300;15;4.07;2.71;9.16;4.07;5.54;2.6;4.64;6.9;4.98;9.95;4.86;21.49;4.98;6.45;4.98;2.6;2.9;6.64;2.11;5.34;5.04;5.61;2.31;5.16;7.94;5.04;10.5;4.66;15.22;4.06;7.04;6.57;4.01;;;;;;;
279;FV2790;Fourrage;FOURRAGES VERTS;Composées, Tournesol 1er cycle Capitules jaunes ;25.4;0.86;0.78;23;71;-1;6.66;2.31;2.11;2.3;1.17;1.07;1.13;891;63;121;65;295;50;424;;307;;70;100;2.3;1.6;9.8;2.9;2.5;;4730;60;2436;73;73;72;2.8;0.3;15;;;7;40;40;0.02;0.02;0.2;4000;300;15;4.07;2.71;9.16;4.07;5.54;2.6;4.64;6.9;4.98;9.95;4.86;21.49;4.98;6.45;4.98;2.6;2.9;6.66;2.11;5.33;5.04;5.61;2.31;5.17;7.95;5.04;10.51;4.65;15.19;4.05;7.03;6.58;4.01;;;;;;;
280;FV2800;Fourrage;FOURRAGES VERTS;Composées, Silphium 1er cycle Début de formation des capitules ;10;0.86;0.82;31;82;11;;;;2.8;0.96;0.98;0.97;850;72;147;72;217;62;388;;293;;13;23;3.4;2.3;7.8;2.3;2.5;;4000;69;2360;72;73;74;2;0.5;15;;;7;40;40;0.02;0.02;0.2;4000;300;15;;;;;;;;;;;;;;;;;;;;;;;;;;;;;;;;;;;;;;;;
281;FV2810;Fourrage;FOURRAGES VERTS;Composées, Silphium 1er cycle Formation des capitules ;10.1;0.77;0.71;28;77;3;;;;2.9;0.94;0.97;0.95;855;66;132;67;250;53;426;;334;;13;23;3;2.1;9.8;2.9;2.5;;4020;63;2167;72;73;74;2;0.5;15;;;7;40;40;0.02;0.02;0.2;4000;300;15;;;;;;;;;;;;;;;;;;;;;;;;;;;;;;;;;;;;;;;;
282;FV2820;Fourrage;FOURRAGES VERTS;Composées, Silphium 1er cycle Début floraison ;11.5;0.72;0.65;20;68;-11;;;;2.2;1.25;1.1;1.18;870;62;107;64;280;45;454;;360;;13;23;2.7;1.9;9.8;2.9;2.5;;4090;60;2047;74;73;72;2;0.5;15;;;7;40;40;0.02;0.02;0.2;4000;300;15;;;;;;;;;;;;;;;;;;;;;;;;;;;;;;;;;;;;;;;;
283;FV2830;Fourrage;FOURRAGES VERTS;Composées, Silphium 2e cycle Repousses à tiges de 10 semaines ;11.2;0.8;0.76;28;78;7;;;;2.6;1.03;1.01;1.02;843;69;137;66;217;58;389;;295;;13;23;3;2.1;11.7;3.5;2.5;;3970;66;2235;72;73;73;2;0.5;15;;;7;40;40;0.02;0.02;0.2;4000;300;15;;;;;;;;;;;;;;;;;;;;;;;;;;;;;;;;;;;;;;;;
284;FV2840;Fourrage;FOURRAGES VERTS;Crucifères, Choux  Moelliers et 1/2 moelliers ;12.4;1.09;1.09;35;91;15;7.16;1.94;2.35;2.8;0.95;0.98;0.97;869;83;165;79;175;70;346;;196;;4;8;3;2.1;14.6;4.4;1.8;;4200;80;2889;72;73;74;2;2.5;35;;;5;40;25;0.02;0.02;0.2;4000;300;15;6.02;3.3;9.25;4.61;6.47;1.55;4.44;7.4;4.67;12.15;4.85;13.02;7.58;5.02;6.16;3.53;3.12;7.16;2.35;5.47;5.15;5.86;1.94;5.05;8.1;4.95;10.97;4.68;13.11;4.96;6.57;6.73;4.09;;13.6;;1.5;16.8;10;43
285;FV2850;Fourrage;FOURRAGES VERTS;Crucifères, Choux  Feuillus ;12;1.09;1.09;36;93;20;7.15;1.93;2.36;2.8;0.95;0.98;0.97;868;83;171;79;163;73;338;;186;;4;8;3;2.1;14.6;4.4;1.8;;4200;80;2885;72;73;74;2;2.5;35;;;5;40;25;0.02;0.02;0.2;4000;300;15;6.02;3.3;9.25;4.61;6.47;1.55;4.44;7.4;4.67;12.15;4.85;13.02;7.58;5.02;6.16;3.53;3.12;7.15;2.36;5.49;5.14;5.86;1.93;5.04;8.1;4.95;10.97;4.69;13.11;4.99;6.57;6.72;4.09;;13.6;;1.5;16.8;10;43
286;FV2860;Fourrage;FOURRAGES VERTS;Crucifères, Choux  Cavaliers rouges ;14.9;1.1;1.1;36;93;20;7.15;1.93;2.36;2.8;0.95;0.98;0.97;880;83;172;81;166;67;348;;191;;4;8;2.7;1.9;14.6;4.4;1.8;;4250;80;2919;72;73;74;2;2.5;35;;;5;40;25;0.02;0.02;0.2;4000;300;15;6.02;3.3;9.25;4.61;6.47;1.55;4.44;7.4;4.67;12.15;4.85;13.02;7.58;5.02;6.16;3.53;3.12;7.15;2.36;5.48;5.14;5.86;1.93;5.04;8.1;4.95;10.97;4.68;13.11;4.98;6.57;6.72;4.09;;13.6;;1.5;16.8;10;43
287;FV2870;Fourrage;FOURRAGES VERTS;Crucifères, Choux  Mille-têtes ;12.4;1.07;1.08;37;93;25;7.13;1.92;2.37;2.8;0.95;0.98;0.97;832;85;177;78;138;79;329;;173;;4;8;3.4;2.3;19.5;5.9;1.8;;4020;82;2830;72;73;74;2;2.5;35;;;5;40;25;0.02;0.02;0.2;4000;300;15;6.02;3.3;9.25;4.61;6.47;1.55;4.44;7.4;4.67;12.15;4.85;13.02;7.58;5.02;6.16;3.53;3.12;7.13;2.37;5.51;5.13;5.87;1.92;5.02;8.1;4.94;10.97;4.69;13.11;5.02;6.56;6.72;4.09;;13.6;;1.5;16.8;10;43
288;FV2880;Fourrage;FOURRAGES VERTS;Crucifères, Colza En culture dérobée Feuillu ;12.7;0.96;0.95;42;96;43;7;2.18;2.29;3;0.91;0.96;0.93;824;81;198;80;169;70;364;;190;;15;27;3.4;2.3;15.6;4.7;2.5;;3860;78;2561;71;73;74;2;0.5;15;;;5;40;40;0.02;0.02;0.2;4000;300;15;6.11;3;6.92;4.96;5.88;2.31;4.61;7.73;4.5;8.19;5.07;19.49;7.04;5.77;5.07;3.34;3.6;7;2.29;5.05;5.14;5.62;2.18;4.98;8.11;4.8;9.84;4.73;15.1;4.9;6.77;6.42;4;;17.5;;3.5;1.6;16.5;58
289;FV2890;Fourrage;FOURRAGES VERTS;Crucifères, Colza En culture dérobée Bourgeonnement ;12.3;0.9;0.88;35;88;48;7.09;2.19;2.24;1.9;1.45;1.16;1.31;822;79;194;82;215;70;420;;253;;15;27;3.4;2.3;15.6;4.7;2.5;;3850;76;2440;75;73;70;2;0.5;15;;;5;40;40;0.02;0.02;0.2;4000;300;15;6.11;3;6.92;4.96;5.88;2.31;4.61;7.73;4.5;8.19;5.07;19.49;7.04;5.77;5.07;3.34;3.6;7.09;2.24;5.01;5.18;5.63;2.19;5.04;8.12;4.84;9.96;4.72;14.9;4.77;6.77;6.47;4.02;;17.5;;3.5;1.6;16.5;58
290;FV2900;Fourrage;FOURRAGES VERTS;Crucifères, Colza En culture dérobée Floraison ;13.5;0.81;0.76;25;77;19;7.2;2.21;2.18;1.6;1.71;1.23;1.47;846;71;150;79;286;59;505;;350;;15;27;3.7;2.6;17.6;5.3;2.5;;3960;68;2243;76;73;69;2;0.5;15;;;5;40;40;0.02;0.02;0.2;4000;300;15;6.11;3;6.92;4.96;5.88;2.31;4.61;7.73;4.5;8.19;5.07;19.49;7.04;5.77;5.07;3.34;3.6;7.2;2.18;4.96;5.22;5.66;2.21;5.13;8.13;4.88;10.12;4.7;14.64;4.61;6.78;6.55;4.05;;17.5;;3.5;1.6;16.5;58
291;FV2910;Fourrage;FOURRAGES VERTS;Crucifères, Colza Immature Feuillu ;8.9;1.01;1;35;90;22;7.1;2.19;2.23;2.7;1;1;0.97;848;82;171;83;194;79;394;;224;;15;27;3.7;2.6;13.7;4.1;2.5;;3970;79;2677;72;73;73;2;0.5;15;;;5;40;40;0.02;0.02;0.2;4000;300;15;6.11;3;6.92;4.96;5.88;2.31;4.61;7.73;4.5;8.19;5.07;19.49;7.04;5.77;5.07;3.34;3.6;7.1;2.23;5.01;5.18;5.64;2.19;5.05;8.12;4.84;9.98;4.71;14.87;4.76;6.77;6.48;4.03;;17.5;;3.5;1.6;16.5;58
292;FV2920;Fourrage;FOURRAGES VERTS;Crucifères, Colza Immature Début floraison ;10.9;0.95;0.93;28;83;10;7.18;2.2;2.19;2.2;1.21;1.08;0.97;861;78;149;80;230;66;438;;273;;15;27;3.7;2.6;13.7;4.1;2.5;;4030;75;2567;74;73;72;2;0.5;15;;;5;40;40;0.02;0.02;0.2;4000;300;15;6.11;3;6.92;4.96;5.88;2.31;4.61;7.73;4.5;8.19;5.07;19.49;7.04;5.77;5.07;3.34;3.6;7.18;2.19;4.97;5.22;5.65;2.2;5.11;8.13;4.88;10.09;4.7;14.68;4.63;6.78;6.54;4.05;;17.5;;3.5;1.6;16.5;58
293;FV2930;Fourrage;FOURRAGES VERTS;Crucifères, Colza Immature Formation des siliques ;13.4;0.84;0.79;29;80;10;7.15;2.2;2.21;2.6;1.04;1.02;0.97;868;70;144;79;273;53;490;;332;;15;27;3.4;2.3;15.6;4.7;2.5;;4070;67;2320;72;73;73;2;0.5;15;;;5;40;40;0.02;0.02;0.2;4000;300;15;6.11;3;6.92;4.96;5.88;2.31;4.61;7.73;4.5;8.19;5.07;19.49;7.04;5.77;5.07;3.34;3.6;7.15;2.21;4.99;5.2;5.65;2.2;5.09;8.12;4.86;10.04;4.71;14.76;4.69;6.78;6.52;4.04;;17.5;;3.5;1.6;16.5;58
294;FV2940;Fourrage;FOURRAGES VERTS;Crucifères, Perko  Feuillu ;11.6;0.91;0.89;38;91;56;;;;2;1.36;1.13;0.97;829;79;207;79;111;83;294;;110;;21;;3.4;2.3;9.8;2.9;2.5;;3880;76;2456;74;73;71;2;0.5;15;;;5;40;40;0.02;0.02;0.2;4000;300;15;;;;;;;;;;;;;;;;;;;;;;;;;;;;;;;;;;;;;;;;
295;FE0010;Fourrage;ENSILAGES;Prairies Permanentes, Plaine (Normandie) Brins courts sans conservateur 1er cycle 15-25 mai, début épiaison, ST = 470°C;19.1;0.95;0.9;18;65;20;7.12;2.17;1.93;2;1.36;1.18;1.31;911;72;134;66;296;73;532;69;322;71;19;31;3.2;1.9;6.3;2.2;2.2;561;4572;68;2625;81;81;68;2.8;3.1;24;6.7;386;7;80;110;0.1;0.02;0.1;8000;300;5;5.22;2.13;2.96;6.18;8.43;2.07;5.74;10.35;6.25;10.64;4.72;9.09;7.54;6.48;9.65;2.57;3.12;7.12;1.93;4.42;5.52;6.19;2.17;5.53;8.75;5.33;10.67;4.6;12.25;4.57;6.99;7.14;4.03;1;17;1.4;2.3;4.1;17.6;51.9
296;FE0020;Fourrage;ENSILAGES;Prairies Permanentes, Plaine (Normandie) Brins courts sans conservateur 1er cycle 1-10 juin, épiaison, ST = 685°C;21.1;0.86;0.79;15;61;8;7.18;2.18;1.92;1.8;1.51;1.26;1.45;923;67;117;62;321;69;551;62;343;65;17;29;3.1;1.9;5.7;2;2.2;561;4586;63;2417;80;80;64;2.8;3.1;24;6.7;386;7;80;110;0.1;0.02;0.1;8000;300;5;5.22;2.13;2.96;6.18;8.43;2.07;5.74;10.35;6.25;10.64;4.72;9.09;7.54;6.48;9.65;2.57;3.12;7.18;1.92;4.44;5.52;6.15;2.18;5.54;8.7;5.31;10.7;4.6;12.33;4.49;6.98;7.12;4.05;1;17.1;1.4;2.4;4.2;18;50.6
297;FE0030;Fourrage;ENSILAGES;Prairies Permanentes, Plaine (Normandie) Brins courts sans conservateur 1er cycle 15-25 juin, floraison, ST = 903°C;20.4;0.75;0.66;12;56;-1;7.24;2.19;1.91;1.7;1.6;1.32;1.6;925;61;102;60;340;63;566;54;359;57;15;27;3.1;1.9;5.2;1.8;2.4;752;4559;57;2163;80;79;59;2.5;2.9;31;6;596;7;80;130;0.1;0.02;0.1;8000;300;5;5.22;2.13;2.96;6.18;8.43;2.07;5.74;10.35;6.25;10.64;4.72;9.09;7.54;6.48;9.65;2.57;3.12;7.24;1.91;4.47;5.51;6.12;2.19;5.54;8.65;5.3;10.73;4.6;12.42;4.41;6.96;7.11;4.06;1;17.3;1.4;2.5;4.3;18.3;49.7
298;FE0040;Fourrage;ENSILAGES;Prairies Permanentes, Plaine (Normandie) Brins courts sans conservateur 2e cycle après déprimage Repousses à tiges de 5 semaines;19.1;0.95;0.9;21;68;31;7.02;2.15;1.94;2;1.32;1.16;1.24;907;72;150;67;288;72;526;69;315;71;20;32;3.2;1.9;6.9;2.4;2.1;574;4592;68;2630;79;80;68;1.7;0.4;26;3.9;468;6;50;100;0.1;0.02;0.1;8000;300;5;5.22;2.13;2.96;6.18;8.43;2.07;5.74;10.35;6.25;10.64;4.72;9.09;7.54;6.48;9.65;2.57;3.12;7.02;1.94;4.38;5.53;6.25;2.15;5.52;8.83;5.35;10.63;4.6;12.11;4.69;7.01;7.16;4.01;1;16.8;1.4;2.3;4;17.3;52.9
299;FE0050;Fourrage;ENSILAGES;Prairies Permanentes, Plaine (Normandie) Brins courts sans conservateur 2e cycle après déprimage Repousses à tiges de 7 semaines;20.3;0.89;0.83;15;62;4;7.18;2.18;1.92;1.8;1.47;1.23;1.41;925;68;117;62;327;72;556;66;348;69;17;29;3.1;1.9;6.3;2.2;2.1;409;4595;65;2497;78;77;59;1.9;0.4;20;4.3;290;5;40;95;0.1;0.02;0.1;8000;300;5;5.22;2.13;2.96;6.18;8.43;2.07;5.74;10.35;6.25;10.64;4.72;9.09;7.54;6.48;9.65;2.57;3.12;7.18;1.92;4.44;5.52;6.15;2.18;5.54;8.7;5.31;10.7;4.6;12.33;4.49;6.98;7.12;4.05;1;17.1;1.4;2.4;4.2;18;50.7
300;FE0060;Fourrage;ENSILAGES;Prairies Permanentes, Plaine (Normandie) Brins courts sans conservateur 2e cycle après déprimage Repousses à tiges de 9 semaines;22.3;0.8;0.72;15;59;6;7.16;2.17;1.92;1.8;1.51;1.24;1.42;912;64;115;63;315;64;547;57;338;60;16;28;3.1;1.9;5.7;2;2;329;4530;60;2271;78;77;59;2;0.4;17;4.4;204;4;30;125;0.1;0.02;0.1;8000;300;5;5.22;2.13;2.96;6.18;8.43;2.07;5.74;10.35;6.25;10.64;4.72;9.09;7.54;6.48;9.65;2.57;3.12;7.16;1.92;4.44;5.52;6.17;2.17;5.54;8.72;5.32;10.69;4.6;12.3;4.52;6.98;7.13;4.04;1;17.2;1.4;2.4;4.2;18.1;50.4
301;FE0070;Fourrage;ENSILAGES;Prairies Permanentes, Plaine (Normandie) Brins courts sans conservateur 2e cycle après coupe épiaison Repousses feuillues de 5 semaines;19.9;1;0.95;31;78;74;6.8;2.11;1.96;2.2;1.25;1.09;1.14;900;74;201;71;290;76;527;72;317;74;24;36;3.2;1.9;8;2.8;2;329;4685;70;2746;81;82;79;2;0.4;17;4.4;204;4;30;125;0.1;0.02;0.1;8000;300;5;5.22;2.13;2.96;6.18;8.43;2.07;5.74;10.35;6.25;10.64;4.72;9.09;7.54;6.48;9.65;2.57;3.12;6.8;1.96;4.3;5.54;6.37;2.11;5.5;9;5.41;10.54;4.6;11.82;4.96;7.07;7.21;3.96;1;16.5;1.4;2.2;3.8;16.5;54.8
302;FE0080;Fourrage;ENSILAGES;Prairies Permanentes, Plaine (Normandie) Brins courts sans conservateur 2e cycle après coupe épiaison Repousses feuillues de 7 semaines;20.2;0.95;0.9;22;69;33;7;2.14;1.94;2;1.35;1.17;1.27;906;72;153;67;293;73;530;69;320;71;20;33;3.2;1.9;8;2.8;2;329;4595;68;2638;79;80;68;2;0.4;17;4.4;204;4;30;125;0.1;0.02;0.1;8000;300;5;5.22;2.13;2.96;6.18;8.43;2.07;5.74;10.35;6.25;10.64;4.72;9.09;7.54;6.48;9.65;2.57;3.12;7;1.94;4.38;5.53;6.25;2.14;5.52;8.84;5.36;10.63;4.6;12.09;4.71;7.02;7.16;4.01;1;16.8;1.4;2.3;4;17.2;52.9
303;FE0090;Fourrage;ENSILAGES;Prairies Permanentes, Plaine (Normandie) Brins courts sans conservateur 2e cycle après coupe épiaison Repousses feuillues de 9 semaines;20.8;0.91;0.86;18;65;16;7.09;2.16;1.93;1.9;1.39;1.18;1.3;903;70;132;65;291;70;528;66;318;68;18;30;3.2;1.9;7.4;2.6;2;176;4530;66;2538;78;78;64;2.2;0.4;11;4.4;38;6;45;150;0.1;0.02;0.1;8000;300;5;5.22;2.13;2.96;6.18;8.43;2.07;5.74;10.35;6.25;10.64;4.72;9.09;7.54;6.48;9.65;2.57;3.12;7.09;1.93;4.41;5.52;6.2;2.16;5.53;8.77;5.34;10.66;4.6;12.21;4.6;7;7.14;4.03;1;17;1.4;2.4;4.1;17.7;51.6
304;FE0100;Fourrage;ENSILAGES;Prairies Permanentes, Plaine (Normandie) Brins courts avec conservateur 1er cycle 15-25 mai, début épiaison, ST = 470°C;19.1;0.94;0.89;21;71;12;7.12;2.12;2;2.1;1.3;1.09;1.16;911;72;134;63;296;73;532;69;322;71;19;31;3.2;1.9;6.3;2.2;2.2;561;4522;68;2598;78;78;72;2.8;3.1;24;6.7;386;7;80;110;0.1;0.02;0.1;8000;300;5;5.49;2.4;3.86;5.83;7.53;1.94;5.85;10.11;5.87;10.61;4.92;9.94;7.25;6.2;8.9;3.29;3.12;7.12;2;4.52;5.45;6.04;2.12;5.56;8.76;5.26;10.65;4.66;12.36;4.59;6.93;7.07;4.07;1;17;1.4;2.3;4.1;17.6;51.9
305;FE0110;Fourrage;ENSILAGES;Prairies Permanentes, Plaine (Normandie) Brins courts avec conservateur 1er cycle 1-10 juin, épiaison, ST = 685°C;21.1;0.85;0.78;18;66;1;7.19;2.13;1.99;1.9;1.44;1.17;1.3;923;67;117;61;321;69;551;62;343;65;17;29;3.1;1.9;5.7;2;2.2;561;4535;63;2391;77;77;68;2.8;3.1;24;6.7;386;7;80;110;0.1;0.02;0.1;8000;300;5;5.49;2.4;3.86;5.83;7.53;1.94;5.85;10.11;5.87;10.61;4.92;9.94;7.25;6.2;8.9;3.29;3.12;7.19;1.99;4.54;5.46;6.02;2.13;5.57;8.71;5.25;10.68;4.65;12.43;4.51;6.92;7.06;4.09;1;17.1;1.4;2.4;4.2;18;50.6
306;FE0120;Fourrage;ENSILAGES;Prairies Permanentes, Plaine (Normandie) Brins courts avec conservateur 2e cycle après déprimage Repousses à tiges de 5 semaines;19.1;0.94;0.89;25;75;23;7.04;2.09;2.02;2.1;1.26;1.07;1.1;907;72;150;66;288;72;526;69;315;71;20;32;3.2;1.9;6.9;2.4;2.1;574;4542;68;2603;76;77;71;1.7;0.4;26;3.9;468;6;50;100;0.1;0.02;0.1;8000;300;5;5.49;2.4;3.86;5.83;7.53;1.94;5.85;10.11;5.87;10.61;4.92;9.94;7.25;6.2;8.9;3.29;3.12;7.04;2.02;4.5;5.45;6.08;2.09;5.56;8.83;5.28;10.61;4.67;12.25;4.7;6.95;7.08;4.06;1;16.8;1.4;2.3;4;17.3;52.9
307;FE0130;Fourrage;ENSILAGES;Prairies Permanentes, Plaine (Normandie) Brins courts avec conservateur 2e cycle après déprimage Repousses à tiges de 7 semaines;20.3;0.88;0.82;18;67;-2;7.19;2.13;1.99;1.9;1.4;1.15;1.26;925;68;117;61;327;72;556;66;348;69;17;29;3.1;1.9;6.3;2.2;2.1;409;4544;65;2471;76;74;64;1.9;0.4;20;4.3;290;5;40;95;0.1;0.02;0.1;8000;300;5;5.49;2.4;3.86;5.83;7.53;1.94;5.85;10.11;5.87;10.61;4.92;9.94;7.25;6.2;8.9;3.29;3.12;7.19;1.99;4.54;5.46;6.02;2.13;5.57;8.71;5.25;10.68;4.65;12.43;4.51;6.92;7.06;4.09;1;17.1;1.4;2.4;4.2;18;50.7
308;FE0140;Fourrage;ENSILAGES;Prairies Permanentes, Plaine (Normandie) Brins courts avec conservateur 2e cycle après coupe épiaison Repousses feuillues de 5 semaines;19.9;0.99;0.94;36;86;65;6.84;2.04;2.06;2.3;1.2;1.01;1.01;900;74;201;70;290;76;527;72;317;74;24;36;3.2;1.9;8;2.8;2;329;4635;70;2718;78;79;81;2;0.4;17;4.4;204;4;30;125;0.1;0.02;0.1;8000;300;5;5.49;2.4;3.86;5.83;7.53;1.94;5.85;10.11;5.87;10.61;4.92;9.94;7.25;6.2;8.9;3.29;3.12;6.84;2.06;4.45;5.45;6.15;2.04;5.55;8.99;5.31;10.52;4.69;12.02;4.95;6.98;7.11;4.02;1;16.5;1.4;2.2;3.8;16.5;54.8
309;FE0150;Fourrage;ENSILAGES;Prairies Permanentes, Plaine (Normandie) Brins courts avec conservateur 2e cycle après coupe épiaison Repousses feuillues de 7 semaines;20.2;0.94;0.89;26;75;26;7.03;2.09;2.02;2.1;1.3;1.08;1.13;906;72;153;66;293;73;530;69;320;71;20;33;3.2;1.9;8;2.8;2;329;4545;68;2610;77;76;72;2;0.4;17;4.4;204;4;30;125;0.1;0.02;0.1;8000;300;5;5.49;2.4;3.86;5.83;7.53;1.94;5.85;10.11;5.87;10.61;4.92;9.94;7.25;6.2;8.9;3.29;3.12;7.03;2.02;4.5;5.45;6.08;2.09;5.56;8.84;5.28;10.61;4.67;12.24;4.72;6.95;7.08;4.06;1;16.8;1.4;2.3;4;17.2;52.9
310;FE0160;Fourrage;ENSILAGES;Prairies Permanentes, Plaine (Normandie) Brins courts avec conservateur 2e cycle après coupe épiaison Repousses feuillues de 9 semaines;20.8;0.9;0.85;22;71;9;7.11;2.11;2.01;2;1.33;1.1;1.16;903;70;132;64;291;70;528;66;318;68;18;30;3.2;1.9;7.4;2.6;2;176;4480;66;2511;76;75;68;2.2;0.4;11;4.4;38;6;45;150;0.1;0.02;0.1;8000;300;5;5.49;2.4;3.86;5.83;7.53;1.94;5.85;10.11;5.87;10.61;4.92;9.94;7.25;6.2;8.9;3.29;3.12;7.11;2.01;4.52;5.45;6.05;2.11;5.56;8.77;5.26;10.64;4.66;12.34;4.61;6.94;7.07;4.07;1;17;1.4;2.4;4.1;17.7;51.6
343;FE0490;Fourrage;ENSILAGES;Prairies Permanentes, Plaine (Normandie) Préfané coupe fine 1er cycle 15-25 mai, début épiaison, ST = 470°C;33.5;0.9;0.84;22;71;20;7.09;2.11;2.01;1.9;1.4;1.06;1.09;896;70;141;65;285;69;549;67;313;67;17;29;3.2;1.9;6.3;2.2;2.2;561;4492;66;2505;78;78;73;2.8;3.1;24;6.7;386;7;80;110;0.1;0.02;0.1;8000;300;5;5.49;2.4;3.86;5.83;7.53;1.94;5.85;10.11;5.87;10.61;4.92;9.94;7.25;6.2;8.9;3.29;3.12;7.09;2.01;4.51;5.45;6.06;2.11;5.56;8.78;5.27;10.64;4.66;12.32;4.63;6.94;7.08;4.07;1;18.2;1.4;2.7;4.1;18.3;50.1
344;FE0500;Fourrage;ENSILAGES;Prairies Permanentes, Plaine (Normandie) Préfané coupe fine 1er cycle 1-10 juin, épiaison, ST = 685°C;33.5;0.8;0.72;17;64;7;7.2;2.14;1.99;1.5;1.85;1.15;1.26;909;65;120;62;324;66;582;61;345;62;15;27;3.1;1.9;5.7;2;2.2;561;4511;61;2273;79;77;67;2.8;3.1;24;6.7;386;7;80;110;0.1;0.02;0.1;8000;300;5;5.49;2.4;3.86;5.83;7.53;1.94;5.85;10.11;5.87;10.61;4.92;9.94;7.25;6.2;8.9;3.29;3.12;7.2;1.99;4.54;5.46;6.01;2.14;5.57;8.69;5.25;10.69;4.65;12.45;4.49;6.92;7.06;4.09;1;18.4;1.4;2.8;4.2;18.7;48.9
345;FE0510;Fourrage;ENSILAGES;Prairies Permanentes, Plaine (Normandie) Préfané coupe fine 1er cycle 15-25 juin, floraison, ST = 903°C;33.5;0.7;0.6;14;59;-1;7.27;2.15;1.97;1.2;2.21;1.2;1.38;910;59;105;58;344;61;599;54;362;55;13;25;3.1;1.9;5.2;1.8;2.4;752;4486;55;2025;79;76;62;2.5;2.9;31;6;596;7;80;130;0.1;0.02;0.1;8000;300;5;5.49;2.4;3.86;5.83;7.53;1.94;5.85;10.11;5.87;10.61;4.92;9.94;7.25;6.2;8.9;3.29;3.12;7.27;1.97;4.56;5.46;5.99;2.15;5.57;8.64;5.24;10.72;4.65;12.53;4.41;6.91;7.05;4.1;1;18.5;1.4;2.8;4.3;19;47.9
346;FE0520;Fourrage;ENSILAGES;Prairies Permanentes, Plaine (Normandie) Préfané coupe fine 2e cycle après déprimage Repousses à tiges de 5 semaines;33.5;0.9;0.84;27;75;31;6.99;2.08;2.03;2.1;1.3;1.04;1.04;893;70;158;67;275;68;540;66;305;66;18;31;3.2;1.9;6.9;2.4;2.1;574;4514;66;2513;77;77;73;1.7;0.4;26;3.9;468;6;50;100;0.1;0.02;0.1;8000;300;5;5.49;2.4;3.86;5.83;7.53;1.94;5.85;10.11;5.87;10.61;4.92;9.94;7.25;6.2;8.9;3.29;3.12;6.99;2.03;4.49;5.45;6.09;2.08;5.56;8.87;5.28;10.59;4.67;12.2;4.76;6.96;7.09;4.05;1;18;1.4;2.7;4;17.9;51.1
347;FE0530;Fourrage;ENSILAGES;Prairies Permanentes, Plaine (Normandie) Préfané coupe fine 2e cycle après déprimage Repousses à tiges de 7 semaines;33.5;0.84;0.76;18;66;4;7.19;2.13;1.99;1.6;1.71;1.12;1.21;909;67;121;62;328;69;585;65;349;66;15;27;3.1;1.9;6.3;2.2;2.1;409;4513;63;2358;77;74;63;1.9;0.4;20;4.3;290;5;40;95;0.1;0.02;0.1;8000;300;5;5.49;2.4;3.86;5.83;7.53;1.94;5.85;10.11;5.87;10.61;4.92;9.94;7.25;6.2;8.9;3.29;3.12;7.19;1.99;4.54;5.46;6.02;2.13;5.57;8.71;5.25;10.68;4.65;12.43;4.51;6.92;7.06;4.09;1;18.3;1.4;2.8;4.2;18.7;48.9
348;FE0540;Fourrage;ENSILAGES;Prairies Permanentes, Plaine (Normandie) Préfané coupe fine 2e cycle après déprimage Repousses à tiges de 9 semaines;33.5;0.74;0.66;17;62;4;7.2;2.13;1.99;1.5;1.85;1.15;1.26;902;62;117;61;321;62;579;57;343;57;15;26;3.1;1.9;5.7;2;2;329;4471;58;2139;77;74;62;2;0.4;17;4.4;204;4;30;125;0.1;0.02;0.1;8000;300;5;5.49;2.4;3.86;5.83;7.53;1.94;5.85;10.11;5.87;10.61;4.92;9.94;7.25;6.2;8.9;3.29;3.12;7.2;1.99;4.54;5.46;6.02;2.13;5.57;8.7;5.25;10.68;4.65;12.44;4.5;6.92;7.06;4.09;1;18.4;1.4;2.8;4.2;18.8;48.7
349;FE0550;Fourrage;ENSILAGES;Prairies Permanentes, Plaine (Normandie) Préfané coupe fine 2e cycle après coupe épiaison Repousses feuillues de 5 semaines;33.5;0.95;0.89;39;88;74;6.78;2.03;2.08;2.3;1.15;0.98;0.97;888;72;211;71;281;72;545;70;310;70;22;35;3.2;1.9;8;2.8;2;329;4600;68;2620;78;79;83;2;0.4;17;4.4;204;4;30;125;0.1;0.02;0.1;8000;300;5;5.49;2.4;3.86;5.83;7.53;1.94;5.85;10.11;5.87;10.61;4.92;9.94;7.25;6.2;8.9;3.29;3.12;6.78;2.08;4.44;5.44;6.17;2.03;5.54;9.03;5.32;10.5;4.69;11.95;5.02;6.99;7.12;4.01;1;17.8;1.4;2.5;3.8;17.1;53.1
350;FE0560;Fourrage;ENSILAGES;Prairies Permanentes, Plaine (Normandie) Préfané coupe fine 2e cycle après coupe épiaison Repousses feuillues de 7 semaines;33.5;0.9;0.84;27;75;33;7;2.08;2.03;1.9;1.39;1.06;1.08;893;70;160;67;285;69;549;67;313;67;19;31;3.2;1.9;8;2.8;2;329;4517;66;2507;77;77;73;2;0.4;17;4.4;204;4;30;125;0.1;0.02;0.1;8000;300;5;5.49;2.4;3.86;5.83;7.53;1.94;5.85;10.11;5.87;10.61;4.92;9.94;7.25;6.2;8.9;3.29;3.12;7;2.03;4.49;5.45;6.09;2.08;5.56;8.86;5.28;10.59;4.67;12.21;4.75;6.95;7.09;4.05;1;18;1.4;2.7;4;17.9;51.2
351;FE0570;Fourrage;ENSILAGES;Prairies Permanentes, Plaine (Normandie) Préfané coupe fine 2e cycle après coupe épiaison Repousses feuillues de 9 semaines;33.5;0.86;0.8;22;70;15;7.1;2.11;2.01;1.8;1.48;1.08;1.13;893;68;136;64;285;66;549;64;313;64;16;28;3.2;1.9;7.4;2.6;2;176;4469;64;2412;77;75;68;2.2;0.4;11;4.4;38;6;45;150;0.1;0.02;0.1;8000;300;5;5.49;2.4;3.86;5.83;7.53;1.94;5.85;10.11;5.87;10.61;4.92;9.94;7.25;6.2;8.9;3.29;3.12;7.1;2.01;4.52;5.45;6.05;2.11;5.56;8.78;5.26;10.64;4.66;12.33;4.62;6.94;7.07;4.07;1;18.2;1.4;2.7;4.1;18.4;49.9
352;FE0580;Fourrage;ENSILAGES;Prairies Permanentes, Plaine (Normandie) Mi-fané > 50% MS, enrubanné 1er cycle 15-25 mai, début épiaison, ST = 470°C;55;0.87;0.81;27;78;5;7.02;2.09;2.02;2;1.38;1.07;1.11;912;69;134;65;301;69;562;66;326;67;15;27;3.2;1.9;6.3;2.2;2.2;561;4437;65;2434;74;72;76;2.8;3.1;24;6.7;386;7;80;110;0.1;0.02;0.1;8000;300;5;5.49;2.4;3.86;5.83;7.53;1.94;5.85;10.11;5.87;10.61;4.92;9.94;7.25;6.2;8.9;3.29;3.12;7.02;2.02;4.5;5.45;6.08;2.09;5.56;8.84;5.28;10.61;4.67;12.24;4.72;6.95;7.08;4.06;1;18.2;1.4;2.7;4.1;20;48.4
353;FE0590;Fourrage;ENSILAGES;Prairies Permanentes, Plaine (Normandie) Mi-fané > 50% MS, enrubanné 1er cycle 1-10 juin, épiaison, ST = 685°C;55;0.78;0.7;21;70;-9;7.12;2.12;2;1.7;1.56;1.16;1.29;919;64;112;62;332;65;588;60;352;61;13;25;3.1;1.9;5.7;2;2.2;561;4427;60;2220;74;71;71;2.8;3.1;24;6.7;386;7;80;110;0.1;0.02;0.1;8000;300;5;5.49;2.4;3.86;5.83;7.53;1.94;5.85;10.11;5.87;10.61;4.92;9.94;7.25;6.2;8.9;3.29;3.12;7.12;2;4.52;5.45;6.05;2.12;5.56;8.76;5.26;10.65;4.66;12.36;4.59;6.93;7.07;4.07;1;18.4;1.4;2.8;4.2;20.5;47.2
354;FE0600;Fourrage;ENSILAGES;Prairies Permanentes, Plaine (Normandie) Mi-fané > 50% MS, enrubanné 1er cycle 15-25 juin, floraison, ST = 903°C;55;0.69;0.6;17;65;-17;7.19;2.13;1.99;1.6;1.67;1.21;1.4;919;58;96;58;349;60;603;53;366;54;12;23;3.1;1.9;5.2;1.8;2.4;752;4400;55;2002;73;70;68;2.5;2.9;31;6;596;7;80;130;0.1;0.02;0.1;8000;300;5;5.49;2.4;3.86;5.83;7.53;1.94;5.85;10.11;5.87;10.61;4.92;9.94;7.25;6.2;8.9;3.29;3.12;7.19;1.99;4.54;5.46;6.02;2.13;5.57;8.71;5.25;10.68;4.65;12.44;4.51;6.92;7.06;4.09;1;18.5;1.4;2.8;4.3;20.7;46.2
355;FE0610;Fourrage;ENSILAGES;Prairies Permanentes, Plaine (Normandie) Mi-fané > 50% MS, enrubanné 1er cycle 1-10 juillet, fin floraison, ST = 1142°C;56;0.6;0.5;18;62;-11;7.15;2.12;2;1.5;1.76;1.25;1.49;915;53;99;59;349;54;603;46;366;46;12;24;3.1;1.9;5.2;1.8;2.4;752;4388;50;1783;73;70;68;2.5;2.9;31;6;596;7;80;130;0.1;0.02;0.1;8000;300;5;5.49;2.4;3.86;5.83;7.53;1.94;5.85;10.11;5.87;10.61;4.92;9.94;7.25;6.2;8.9;3.29;3.12;7.15;2;4.53;5.46;6.03;2.12;5.57;8.74;5.26;10.66;4.66;12.39;4.56;6.93;7.07;4.08;1;18.5;1.4;2.8;4.3;20.7;46.4
356;FE0620;Fourrage;ENSILAGES;Prairies Permanentes, Plaine (Normandie) Mi-fané > 50% MS, enrubanné 2e cycle après déprimage Repousses à tiges de 5 semaines;55;0.87;0.81;32;83;17;6.92;2.07;2.05;2;1.33;1.04;1.06;910;69;153;67;293;68;555;66;319;66;16;28;3.2;1.9;6.9;2.4;2.1;574;4464;65;2440;73;71;76;1.7;0.4;26;3.9;468;6;50;100;0.1;0.02;0.1;8000;300;5;5.49;2.4;3.86;5.83;7.53;1.94;5.85;10.11;5.87;10.61;4.92;9.94;7.25;6.2;8.9;3.29;3.12;6.92;2.05;4.47;5.45;6.12;2.07;5.55;8.92;5.29;10.56;4.68;12.12;4.84;6.97;7.1;4.04;1;18;1.4;2.7;4;19.7;49.4
357;FE0630;Fourrage;ENSILAGES;Prairies Permanentes, Plaine (Normandie) Mi-fané > 50% MS, enrubanné 2e cycle après déprimage Repousses à tiges de 7 semaines;55;0.81;0.74;22;72;-12;7.12;2.11;2.01;1.8;1.51;1.14;1.24;919;65;113;62;336;68;592;63;355;64;13;25;3.1;1.9;6.3;2.2;2.1;409;4429;62;2293;72;69;68;1.9;0.4;20;4.3;290;5;40;95;0.1;0.02;0.1;8000;300;5;5.49;2.4;3.86;5.83;7.53;1.94;5.85;10.11;5.87;10.61;4.92;9.94;7.25;6.2;8.9;3.29;3.12;7.12;2.01;4.52;5.45;6.05;2.11;5.56;8.76;5.26;10.65;4.66;12.35;4.6;6.94;7.07;4.07;1;18.3;1.4;2.8;4.2;20.4;47.2
358;FE0640;Fourrage;ENSILAGES;Prairies Permanentes, Plaine (Normandie) Mi-fané > 50% MS, enrubanné 2e cycle après déprimage Repousses à tiges de 9 semaines;55;0.73;0.65;20;68;-12;7.12;2.12;2;1.7;1.56;1.16;1.29;915;61;108;61;330;62;587;56;350;56;13;24;3.1;1.9;5.7;2;2;329;4403;58;2106;72;68;66;2;0.4;17;4.4;204;4;30;125;0.1;0.02;0.1;8000;300;5;5.49;2.4;3.86;5.83;7.53;1.94;5.85;10.11;5.87;10.61;4.92;9.94;7.25;6.2;8.9;3.29;3.12;7.12;2;4.52;5.45;6.04;2.12;5.56;8.76;5.26;10.65;4.66;12.36;4.59;6.93;7.07;4.07;1;18.4;1.4;2.8;4.2;20.5;46.9
359;FE0650;Fourrage;ENSILAGES;Prairies Permanentes, Plaine (Normandie) Mi-fané > 50% MS, enrubanné 2e cycle après coupe épiaison Repousses feuillues de 5 semaines;55;0.91;0.85;47;97;62;6.71;2.01;2.09;2.2;1.24;1;0.98;907;71;210;71;297;72;559;69;323;69;20;33;3.2;1.9;8;2.8;2;329;4563;67;2536;74;74;86;2;0.4;17;4.4;204;4;30;125;0.1;0.02;0.1;8000;300;5;5.49;2.4;3.86;5.83;7.53;1.94;5.85;10.11;5.87;10.61;4.92;9.94;7.25;6.2;8.9;3.29;3.12;6.71;2.09;4.42;5.44;6.2;2.01;5.54;9.09;5.33;10.47;4.7;11.86;5.11;7;7.13;4;1;17.8;1.4;2.5;3.8;18.9;51.4
360;FE0660;Fourrage;ENSILAGES;Prairies Permanentes, Plaine (Normandie) Mi-fané > 50% MS, enrubanné 2e cycle après coupe épiaison Repousses feuillues de 7 semaines;55;0.87;0.81;32;83;19;6.92;2.07;2.05;2;1.37;1.06;1.1;910;69;155;67;301;69;562;66;326;67;17;29;3.2;1.9;8;2.8;2;329;4470;65;2439;73;71;76;2;0.4;17;4.4;204;4;30;125;0.1;0.02;0.1;8000;300;5;5.49;2.4;3.86;5.83;7.53;1.94;5.85;10.11;5.87;10.61;4.92;9.94;7.25;6.2;8.9;3.29;3.12;6.92;2.05;4.47;5.45;6.12;2.07;5.55;8.92;5.29;10.56;4.68;12.12;4.85;6.97;7.1;4.04;1;18;1.4;2.7;4;19.7;49.5
361;FE0670;Fourrage;ENSILAGES;Prairies Permanentes, Plaine (Normandie) Mi-fané > 50% MS, enrubanné 2e cycle après coupe épiaison Repousses feuillues de 9 semaines;55;0.84;0.77;26;76;0;7.03;2.09;2.02;1.9;1.41;1.09;1.14;910;67;130;64;301;67;562;63;326;64;14;26;3.2;1.9;7.4;2.6;2;176;4420;64;2355;72;70;71;2.2;0.4;11;4.4;38;6;45;150;0.1;0.02;0.1;8000;300;5;5.49;2.4;3.86;5.83;7.53;1.94;5.85;10.11;5.87;10.61;4.92;9.94;7.25;6.2;8.9;3.29;3.12;7.03;2.02;4.5;5.45;6.08;2.09;5.56;8.84;5.28;10.61;4.67;12.24;4.71;6.95;7.08;4.06;1;18.2;1.4;2.7;4.1;20.1;48.2
362;FE0680;Fourrage;ENSILAGES;Prairies Permanentes, Demi-Montagne (Auvergne) Brins courts sans conservateur 1er cycle 1-10 juin, début épiaison;18.5;0.98;0.93;19;67;29;7.09;2.16;1.93;1.9;1.41;1.15;1.24;925;73;146;66;291;74;528;71;318;73;20;32;2.4;1.4;5.3;1.8;1.9;641;4666;69;2702;81;82;69;2.5;3.1;27;6.6;485;6;60;90;0.1;0.02;0.1;8000;300;5;5.22;2.13;2.96;6.18;8.43;2.07;5.74;10.35;6.25;10.64;4.72;9.09;7.54;6.48;9.65;2.57;3.12;7.09;1.93;4.41;5.52;6.21;2.16;5.53;8.77;5.34;10.66;4.6;12.21;4.6;7;7.14;4.03;1;16.8;1.4;2.3;4;17.4;52.7
363;FE0690;Fourrage;ENSILAGES;Prairies Permanentes, Demi-Montagne (Auvergne) Brins courts sans conservateur 1er cycle 15-25 juin, épiaison;21.2;0.87;0.79;15;61;8;7.17;2.17;1.92;1.9;1.46;1.18;1.29;930;67;118;63;314;68;546;62;337;65;17;29;1.8;1.1;4.9;1.7;1.9;641;4621;63;2438;80;80;64;2.5;3.1;27;6.6;485;6;60;90;0.1;0.02;0.1;8000;300;5;5.22;2.13;2.96;6.18;8.43;2.07;5.74;10.35;6.25;10.64;4.72;9.09;7.54;6.48;9.65;2.57;3.12;7.17;1.92;4.44;5.52;6.16;2.17;5.54;8.71;5.32;10.7;4.6;12.32;4.5;6.98;7.12;4.05;1;17.1;1.4;2.4;4.2;18;50.8
364;FE0700;Fourrage;ENSILAGES;Prairies Permanentes, Demi-Montagne (Auvergne) Brins courts sans conservateur 2e cycle après coupe épiaison Repousses feuillues de 6 semaines;20;1;0.95;29;77;70;6.84;2.12;1.95;2;1.35;1.11;1.17;908;74;196;71;260;73;505;71;292;72;24;36;2.4;1.4;8.2;2.9;1.9;641;4710;70;2756;81;82;77;2.5;3.1;27;6.6;485;6;60;90;0.1;0.02;0.1;8000;300;5;5.22;2.13;2.96;6.18;8.43;2.07;5.74;10.35;6.25;10.64;4.72;9.09;7.54;6.48;9.65;2.57;3.12;6.84;1.95;4.31;5.54;6.35;2.12;5.5;8.97;5.4;10.56;4.6;11.88;4.91;7.06;7.2;3.97;1;16.5;1.4;2.2;3.8;16.5;54.8
365;FE0710;Fourrage;ENSILAGES;Prairies Permanentes, Demi-Montagne (Auvergne) Brins courts sans conservateur 2e cycle après coupe épiaison Repousses feuillues de 8 semaines;20.7;0.95;0.9;24;71;45;6.95;2.14;1.94;1.9;1.39;1.13;1.17;900;72;166;69;269;71;511;68;300;69;22;34;2.1;1.3;7.4;2.6;2.2;561;4599;68;2634;80;80;71;2.8;3.1;24;6.7;386;7;80;110;0.1;0.02;0.1;8000;300;5;5.22;2.13;2.96;6.18;8.43;2.07;5.74;10.35;6.25;10.64;4.72;9.09;7.54;6.48;9.65;2.57;3.12;6.95;1.94;4.36;5.53;6.29;2.14;5.51;8.89;5.37;10.61;4.6;12.02;4.78;7.03;7.17;4;1;16.7;1.4;2.2;3.9;17;53.6
366;FE0720;Fourrage;ENSILAGES;Prairies Permanentes, Demi-Montagne (Auvergne) Brins courts avec conservateur 1er cycle 1-10 juin, début épiaison;18.5;0.97;0.92;23;73;22;7.1;2.11;2.01;2;1.35;1.06;1.08;925;73;146;65;291;74;528;71;318;73;20;32;2.4;1.4;5.3;1.8;1.9;641;4615;69;2674;79;79;73;2.5;3.1;27;6.6;485;6;60;90;0.1;0.02;0.1;8000;300;5;5.49;2.4;3.86;5.83;7.53;1.94;5.85;10.11;5.87;10.61;4.92;9.94;7.25;6.2;8.9;3.29;3.12;7.1;2.01;4.51;5.45;6.06;2.11;5.56;8.78;5.27;10.64;4.66;12.32;4.63;6.94;7.07;4.07;1;16.8;1.4;2.3;4;17.4;52.7
367;FE0730;Fourrage;ENSILAGES;Prairies Permanentes, Demi-Montagne (Auvergne) Brins courts avec conservateur 1er cycle 15-25 juin, épiaison;21.2;0.86;0.79;18;67;1;7.18;2.13;1.99;1.9;1.39;1.1;1.16;930;67;118;61;314;68;546;62;337;65;17;29;1.8;1.1;4.9;1.7;1.9;641;4570;63;2412;77;77;68;2.5;3.1;27;6.6;485;6;60;90;0.1;0.02;0.1;8000;300;5;5.49;2.4;3.86;5.83;7.53;1.94;5.85;10.11;5.87;10.61;4.92;9.94;7.25;6.2;8.9;3.29;3.12;7.18;1.99;4.53;5.46;6.03;2.13;5.57;8.72;5.25;10.67;4.66;12.42;4.53;6.93;7.06;4.08;1;17.1;1.4;2.4;4.2;18;50.8
368;FE0740;Fourrage;ENSILAGES;Prairies Permanentes, Demi-Montagne (Auvergne) Brins courts avec conservateur 2e cycle après coupe épiaison Repousses feuillues de 6 semaines;20;0.99;0.94;34;84;61;6.88;2.05;2.06;2.1;1.3;1.03;1.04;908;74;196;69;260;73;505;71;292;72;24;36;2.4;1.4;8.2;2.9;1.9;641;4660;70;2728;78;79;80;2.5;3.1;27;6.6;485;6;60;90;0.1;0.02;0.1;8000;300;5;5.49;2.4;3.86;5.83;7.53;1.94;5.85;10.11;5.87;10.61;4.92;9.94;7.25;6.2;8.9;3.29;3.12;6.88;2.06;4.46;5.45;6.14;2.05;5.55;8.96;5.3;10.54;4.69;12.06;4.91;6.97;7.11;4.03;1;16.5;1.4;2.2;3.8;16.5;54.8
369;FE0750;Fourrage;ENSILAGES;Prairies Permanentes, Demi-Montagne (Auvergne) Brins courts avec conservateur 2e cycle après coupe épiaison Repousses feuillues de 8 semaines;20.7;0.94;0.89;28;77;37;6.97;2.08;2.04;2;1.33;1.05;1.05;900;72;166;68;269;71;511;68;300;69;22;34;2.1;1.3;7.4;2.6;2.2;561;4549;68;2607;77;77;74;2.8;3.1;24;6.7;386;7;80;110;0.1;0.02;0.1;8000;300;5;5.49;2.4;3.86;5.83;7.53;1.94;5.85;10.11;5.87;10.61;4.92;9.94;7.25;6.2;8.9;3.29;3.12;6.97;2.04;4.49;5.45;6.1;2.08;5.55;8.88;5.29;10.58;4.68;12.18;4.78;6.96;7.09;4.05;1;16.7;1.4;2.2;3.9;17;53.6
386;FE0920;Fourrage;ENSILAGES;Prairies Permanentes, Demi-Montagne (Auvergne) Préfané coupe fine 1er cycle 1-10 juin, début épiaison;33.5;0.9;0.85;24;73;31;7.07;2.1;2.02;1.8;1.54;1.02;1.02;906;71;154;66;276;70;541;68;306;68;18;30;2.4;1.4;5.3;1.8;1.9;641;4481;67;2515;79;79;74;2.5;3.1;27;6.6;485;6;60;90;0.1;0.02;0.1;8000;300;5;5.49;2.4;3.86;5.83;7.53;1.94;5.85;10.11;5.87;10.61;4.92;9.94;7.25;6.2;8.9;3.29;3.12;7.07;2.02;4.51;5.45;6.07;2.1;5.56;8.8;5.27;10.63;4.67;12.29;4.66;6.94;7.08;4.06;1;18.1;1.4;2.7;4;18;50.9
387;FE0930;Fourrage;ENSILAGES;Prairies Permanentes, Demi-Montagne (Auvergne) Préfané coupe fine 1er cycle 15-25 juin, épiaison;33.5;0.79;0.71;18;65;8;7.18;2.13;1.99;1.6;1.68;1.08;1.13;916;65;122;62;315;65;574;61;338;61;15;27;1.8;1.1;4.9;1.7;1.9;641;4460;61;2249;78;77;68;2.5;3.1;27;6.6;485;6;60;90;0.1;0.02;0.1;8000;300;5;5.49;2.4;3.86;5.83;7.53;1.94;5.85;10.11;5.87;10.61;4.92;9.94;7.25;6.2;8.9;3.29;3.12;7.18;1.99;4.54;5.46;6.02;2.13;5.57;8.71;5.25;10.68;4.66;12.43;4.52;6.92;7.06;4.08;1;18.3;1.4;2.8;4.2;18.7;49
388;FE0940;Fourrage;ENSILAGES;Prairies Permanentes, Demi-Montagne (Auvergne) Préfané coupe fine 2e cycle après coupe épiaison Repousses feuillues de 6 semaines;33.5;0.92;0.87;36;85;72;6.84;2.05;2.06;1.9;1.39;1.01;1;895;72;206;70;245;68;514;68;280;67;22;35;2.4;1.4;8.2;2.9;1.9;641;4536;68;2562;79;79;82;2.5;3.1;27;6.6;485;6;60;90;0.1;0.02;0.1;8000;300;5;5.49;2.4;3.86;5.83;7.53;1.94;5.85;10.11;5.87;10.61;4.92;9.94;7.25;6.2;8.9;3.29;3.12;6.84;2.06;4.45;5.45;6.15;2.05;5.55;8.99;5.31;10.52;4.69;12.02;4.95;6.98;7.11;4.02;1;17.8;1.4;2.5;3.8;17.1;53.1
389;FE0950;Fourrage;ENSILAGES;Prairies Permanentes, Demi-Montagne (Auvergne) Préfané coupe fine 2e cycle après coupe épiaison Repousses feuillues de 8 semaines;33.5;0.87;0.81;28;76;45;6.98;2.08;2.04;1.7;1.59;1.03;1.01;890;70;172;68;259;66;526;66;291;65;20;32;2.1;1.3;7.4;2.6;2.2;561;4444;66;2442;78;77;74;2.8;3.1;24;6.7;386;7;80;110;0.1;0.02;0.1;8000;300;5;5.49;2.4;3.86;5.83;7.53;1.94;5.85;10.11;5.87;10.61;4.92;9.94;7.25;6.2;8.9;3.29;3.12;6.98;2.04;4.49;5.45;6.1;2.08;5.56;8.88;5.29;10.58;4.68;12.18;4.78;6.96;7.09;4.05;1;17.9;1.4;2.6;3.9;17.6;51.8
390;FE0960;Fourrage;ENSILAGES;Prairies Permanentes, Demi-Montagne (Auvergne) Mi-fané > 50% MS, enrubanné 1er cycle 1-10 juin, début épiaison;55;0.87;0.81;30;81;16;6.97;2.08;2.04;1.9;1.4;1.03;1.03;917;70;149;66;293;70;556;67;320;68;16;28;2.4;1.4;5.3;1.8;1.9;641;4403;66;2433;75;73;78;2.5;3.1;27;6.6;485;6;60;90;0.1;0.02;0.1;8000;300;5;5.49;2.4;3.86;5.83;7.53;1.94;5.85;10.11;5.87;10.61;4.92;9.94;7.25;6.2;8.9;3.29;3.12;6.97;2.04;4.49;5.45;6.1;2.08;5.55;8.88;5.29;10.58;4.68;12.18;4.78;6.96;7.09;4.05;1;18.1;1.4;2.7;4;19.8;49.2
391;FE0970;Fourrage;ENSILAGES;Prairies Permanentes, Demi-Montagne (Auvergne) Mi-fané > 50% MS, enrubanné 1er cycle 15-25 juin, épiaison;55;0.77;0.69;22;71;-8;7.1;2.11;2.01;1.9;1.46;1.1;1.16;922;64;114;62;325;65;583;59;346;60;13;25;1.8;1.1;4.9;1.7;1.9;641;4359;60;2185;73;71;72;2.5;3.1;27;6.6;485;6;60;90;0.1;0.02;0.1;8000;300;5;5.49;2.4;3.86;5.83;7.53;1.94;5.85;10.11;5.87;10.61;4.92;9.94;7.25;6.2;8.9;3.29;3.12;7.1;2.01;4.52;5.45;6.05;2.11;5.56;8.77;5.26;10.64;4.66;12.33;4.62;6.94;7.07;4.07;1;18.3;1.4;2.8;4.2;20.4;47.3
392;FE0980;Fourrage;ENSILAGES;Prairies Permanentes, Demi-Montagne (Auvergne) Mi-fané > 50% MS, enrubanné 1er cycle 1-10 juillet, floraison;55;0.66;0.57;18;64;-17;7.18;2.13;1.99;1.7;1.59;1.18;1.32;917;57;96;57;340;58;595;51;358;52;12;23;1.5;0.9;3.6;1.3;1.9;641;4304;54;1923;73;70;68;2.5;3.1;27;6.6;485;6;60;90;0.1;0.02;0.1;8000;300;5;5.49;2.4;3.86;5.83;7.53;1.94;5.85;10.11;5.87;10.61;4.92;9.94;7.25;6.2;8.9;3.29;3.12;7.18;1.99;4.54;5.46;6.02;2.13;5.57;8.72;5.25;10.67;4.66;12.42;4.52;6.93;7.06;4.08;1;18.5;1.4;2.8;4.3;20.7;46.2
393;FE0990;Fourrage;ENSILAGES;Prairies Permanentes, Demi-Montagne (Auvergne) Mi-fané > 50% MS, enrubanné 2e cycle après coupe épiaison Repousses feuillues de 6 semaines;55;0.89;0.83;44;95;58;6.74;2.02;2.08;2;1.33;1.02;1;911;71;205;70;268;68;534;67;299;67;20;33;2.4;1.4;8.2;2.9;1.9;641;4483;67;2483;74;73;84;2.5;3.1;27;6.6;485;6;60;90;0.1;0.02;0.1;8000;300;5;5.49;2.4;3.86;5.83;7.53;1.94;5.85;10.11;5.87;10.61;4.92;9.94;7.25;6.2;8.9;3.29;3.12;6.74;2.08;4.43;5.44;6.19;2.02;5.54;9.07;5.32;10.48;4.7;11.9;5.07;7;7.12;4.01;1;17.8;1.4;2.5;3.8;18.9;51.4
394;FE1000;Fourrage;ENSILAGES;Prairies Permanentes, Demi-Montagne (Auvergne) Mi-fané > 50% MS, enrubanné 2e cycle après coupe épiaison Repousses feuillues de 8 semaines;55;0.85;0.79;35;86;30;6.87;2.05;2.06;2;1.38;1.04;1.04;908;69;169;68;280;67;544;65;309;65;18;34;2.1;1.3;7.4;2.6;2.2;561;4403;65;2388;73;72;78;2.8;3.1;24;6.7;386;7;80;110;0.1;0.02;0.1;8000;300;5;5.49;2.4;3.86;5.83;7.53;1.94;5.85;10.11;5.87;10.61;4.92;9.94;7.25;6.2;8.9;3.29;3.12;6.87;2.06;4.46;5.45;6.14;2.05;5.55;8.96;5.3;10.54;4.69;12.05;4.91;6.98;7.11;4.03;1;17.9;1.4;2.6;3.9;19.4;50.1
395;FE1010;Fourrage;ENSILAGES;Graminées Fourragères, Ray-Grass D'italie, Alternatif Brins courts sans conservateur 1er cycle Début épiaison;15.8;0.96;0.92;21;67;77;6.7;2.25;1.91;2;1.37;1.25;1.41;853;75;190;71;286;78;536;76;315;78;29;46;2.6;1.6;4.6;1.8;2;329;4439;71;2639;85;87;75;2;0.4;17;4.4;204;4;30;125;0.1;0.02;0.1;8000;300;5;4.18;2.01;2.32;5.83;9.12;2.4;6.18;12.79;7.73;10.8;3.29;7.22;5.88;7.06;11.19;2;3.12;6.7;1.91;4.27;5.45;6.42;2.25;5.66;9.51;5.75;10.65;4.17;11.62;4.28;7.21;7.36;3.96;1;16.6;1.4;1.4;2.6;13.9;59
396;FE1020;Fourrage;ENSILAGES;Graminées Fourragères, Ray-Grass D'italie, Alternatif Brins courts sans conservateur 2e cycle après coupe épiaison Repousses à tiges de 6 semaines;18.7;0.79;0.72;15;57;31;6.9;2.25;1.9;1.8;1.53;1.31;1.56;869;65;136;66;307;66;550;61;332;62;23;40;3.1;1.9;5.8;2.3;2;329;4381;61;2238;81;82;59;2;0.4;17;4.4;204;4;30;125;0.1;0.02;0.1;8000;300;5;4.18;2.01;2.32;5.83;9.12;2.4;6.18;12.79;7.73;10.8;3.29;7.22;5.88;7.06;11.19;2;3.12;6.9;1.9;4.35;5.45;6.31;2.25;5.65;9.28;5.64;10.71;4.25;11.9;4.18;7.14;7.29;4;1;16.9;1.4;1.6;2.9;15.1;56.6
397;FE1030;Fourrage;ENSILAGES;Graminées Fourragères, Ray-Grass D'italie, Alternatif Brins courts avec conservateur 1er cycle Début épiaison;15.8;0.95;0.91;27;75;67;6.58;2.24;1.91;2.1;1.31;1.14;1.22;853;75;190;70;286;78;536;76;315;78;29;46;2.6;1.6;4.6;1.8;2;329;4392;71;2612;82;84;79;2;0.4;17;4.4;204;4;30;125;0.1;0.02;0.1;8000;300;5;4.18;2.01;2.32;5.83;9.12;2.4;6.18;12.79;7.73;10.8;3.29;7.22;5.88;7.06;11.19;2;3.12;6.58;1.91;4.23;5.45;6.49;2.24;5.67;9.66;5.82;10.62;4.13;11.45;4.34;7.25;7.41;3.93;1;16.6;1.4;1.4;2.6;13.9;59
398;FE1040;Fourrage;ENSILAGES;Graminées Fourragères, Ray-Grass D'italie, Alternatif Brins courts avec conservateur 2e cycle après coupe épiaison Repousses à tiges de 6 semaines;18.7;0.78;0.71;19;64;22;6.8;2.25;1.9;1.9;1.46;1.21;1.37;869;65;136;65;307;66;550;61;332;62;23;40;3.1;1.9;5.8;2.3;2;329;4333;61;2215;79;78;64;2;0.4;17;4.4;204;4;30;125;0.1;0.02;0.1;8000;300;5;4.18;2.01;2.32;5.83;9.12;2.4;6.18;12.79;7.73;10.8;3.29;7.22;5.88;7.06;11.19;2;3.12;6.8;1.9;4.31;5.45;6.37;2.25;5.66;9.39;5.7;10.68;4.21;11.76;4.23;7.17;7.33;3.98;1;16.9;1.4;1.6;2.9;15.1;56.6
407;FE1130;Fourrage;ENSILAGES;Graminées Fourragères, Ray-Grass D'italie, Alternatif Préfané coupe fine 1er cycle Début épiaison;33.5;0.89;0.85;29;77;78;6.5;2.24;1.92;1.9;1.42;1.07;1.11;841;74;203;71;259;73;539;73;293;72;27;44;2.6;1.6;4.6;1.8;2;329;4230;70;2461;82;84;82;2;0.4;17;4.4;204;4;30;125;0.1;0.02;0.1;8000;300;5;4.18;2.01;2.32;5.83;9.12;2.4;6.18;12.79;7.73;10.8;3.29;7.22;5.88;7.06;11.19;2;3.12;6.5;1.92;4.2;5.45;6.54;2.24;5.67;9.74;5.86;10.6;4.1;11.34;4.38;7.27;7.43;3.92;1;17.8;1.4;1.8;2.6;14.5;57.2
408;FE1140;Fourrage;ENSILAGES;Graminées Fourragères, Ray-Grass D'italie, Alternatif Préfané coupe fine 2e cycle après coupe épiaison Repousses à tiges de 6 semaines;33.5;0.72;0.64;18;63;30;6.81;2.25;1.9;1.4;1.95;1.16;1.29;860;64;143;66;297;62;569;59;324;58;21;38;3.1;1.9;5.8;2.3;2;329;4192;60;2051;80;78;64;2;0.4;17;4.4;204;4;30;125;0.1;0.02;0.1;8000;300;5;4.18;2.01;2.32;5.83;9.12;2.4;6.18;12.79;7.73;10.8;3.29;7.22;5.88;7.06;11.19;2;3.12;6.81;1.9;4.32;5.45;6.36;2.25;5.66;9.38;5.69;10.68;4.22;11.77;4.22;7.17;7.32;3.98;1;18.2;1.4;2;2.9;15.7;54.8
409;FE1150;Fourrage;ENSILAGES;Graminées Fourragères, Ray-Grass D'italie, Alternatif Mi-fané > 50% MS, enrubanné 1er cycle Début épiaison;55;0.88;0.83;37;89;64;6.35;2.23;1.92;1.9;1.39;1.07;1.11;882;73;202;71;280;72;556;71;310;71;25;42;2.6;1.6;4.6;1.8;2;329;4307;69;2450;78;78;85;2;0.4;17;4.4;204;4;30;125;0.1;0.02;0.1;8000;300;5;4.18;2.01;2.32;5.83;9.12;2.4;6.18;12.79;7.73;10.8;3.29;7.22;5.88;7.06;11.19;2;3.12;6.35;1.92;4.14;5.44;6.62;2.23;5.68;9.92;5.94;10.56;4.04;11.12;4.46;7.33;7.49;3.89;1;17.8;1.4;1.8;2.6;16.3;55.5
410;FE1160;Fourrage;ENSILAGES;Graminées Fourragères, Ray-Grass D'italie, Alternatif Mi-fané > 50% MS, enrubanné 1er cycle Début floraison;55;0.81;0.75;20;71;-7;6.83;2.25;1.9;1.9;1.44;1.1;1.16;899;68;115;65;316;70;584;66;339;67;17;34;2.3;1.4;4.6;1.8;2;176;4207;65;2273;75;74;70;2.2;0.4;11;4.4;38;6;45;150;0.1;0.02;0.1;8000;300;5;4.18;2.01;2.32;5.83;9.12;2.4;6.18;12.79;7.73;10.8;3.29;7.22;5.88;7.06;11.19;2;3.12;6.83;1.9;4.32;5.45;6.35;2.25;5.66;9.36;5.68;10.69;4.22;11.8;4.22;7.16;7.32;3.99;1;18.3;1.4;2.1;3;17.9;52.1
411;FE1170;Fourrage;ENSILAGES;Graminées Fourragères, Ray-Grass D'italie, Alternatif Mi-fané > 50% MS, enrubanné 2e cycle après coupe épiaison Repousses à tiges de 6 semaines;55;0.72;0.64;24;72;14;6.65;2.24;1.91;1.7;1.6;1.17;1.32;892;63;137;66;310;62;579;58;335;57;19;36;3.1;1.9;5.8;2.3;2;329;4221;59;2059;75;72;70;2;0.4;17;4.4;204;4;30;125;0.1;0.02;0.1;8000;300;5;4.18;2.01;2.32;5.83;9.12;2.4;6.18;12.79;7.73;10.8;3.29;7.22;5.88;7.06;11.19;2;3.12;6.65;1.91;4.26;5.45;6.45;2.24;5.66;9.57;5.78;10.64;4.16;11.55;4.3;7.22;7.38;3.95;1;18.2;1.4;2;2.9;17.5;53.1
412;FE1180;Fourrage;ENSILAGES;Graminées Fourragères, Ray-Grass D'italie, Non Alternatif Brins courts sans conservateur 1er cycle 1 semaine avant le début de l'épiaison;18.6;0.99;0.95;13;61;7;7.06;2.26;1.89;2;1.34;1.18;1.29;905;74;117;62;266;75;511;73;295;74;21;38;2.6;1.6;4.6;1.8;1.5;543;4502;71;2709;82;83;61;2;0.9;28;7.6;418;5;25;100;0.1;0.1;0.1;8000;300;5;4.18;2.01;2.32;5.83;9.12;2.4;6.18;12.79;7.73;10.8;3.29;7.22;5.88;7.06;11.19;2;3.12;7.06;1.89;4.41;5.46;6.22;2.26;5.64;9.08;5.55;10.75;4.31;12.13;4.1;7.08;7.24;4.04;1;17.1;1.4;1.7;3;15.5;55.6
413;FE1190;Fourrage;ENSILAGES;Graminées Fourragères, Ray-Grass D'italie, Non Alternatif Brins courts sans conservateur 1er cycle Début épiaison;18.7;0.95;0.91;12;59;3;7.09;2.26;1.89;2;1.36;1.19;1.3;905;73;111;62;272;72;517;70;301;71;20;37;2.6;1.6;4.6;1.8;1.3;783;4487;69;2626;81;82;59;1.8;0.2;37;6.2;670;6;25;60;0.06;0.08;0.1;8000;300;5;4.18;2.01;2.32;5.83;9.12;2.4;6.18;12.79;7.73;10.8;3.29;7.22;5.88;7.06;11.19;2;3.12;7.09;1.89;4.42;5.46;6.2;2.26;5.64;9.05;5.54;10.76;4.32;12.17;4.08;7.07;7.23;4.04;1;17.1;1.4;1.7;3;15.6;55.3
414;FE1200;Fourrage;ENSILAGES;Graminées Fourragères, Ray-Grass D'italie, Non Alternatif Brins courts sans conservateur 1er cycle Épiaison;19.5;0.89;0.83;11;56;-6;7.16;2.26;1.89;1.9;1.4;1.21;1.35;907;69;98;59;289;70;536;66;319;68;19;36;2.3;1.4;4.6;1.8;1.3;552;4465;65;2474;81;81;56;1.8;0.2;28;6.2;440;6;35;80;0.06;0.08;0.1;8000;300;5;4.18;2.01;2.32;5.83;9.12;2.4;6.18;12.79;7.73;10.8;3.29;7.22;5.88;7.06;11.19;2;3.12;7.16;1.89;4.45;5.46;6.16;2.26;5.64;8.97;5.5;10.78;4.35;12.26;4.05;7.05;7.2;4.06;1;17.2;1.4;1.8;3.1;15.9;54.5
415;FE1210;Fourrage;ENSILAGES;Graminées Fourragères, Ray-Grass D'italie, Non Alternatif Brins courts sans conservateur 1er cycle Fin épiaison;21.2;0.86;0.8;10;55;-10;7.18;2.26;1.89;1.9;1.44;1.21;1.35;913;68;93;58;298;68;546;64;328;65;18;35;2.3;1.4;4.6;1.8;1.3;552;4481;64;2419;80;81;55;1.8;0.2;28;6.2;440;6;35;80;0.06;0.08;0.1;8000;300;5;4.18;2.01;2.32;5.83;9.12;2.4;6.18;12.79;7.73;10.8;3.29;7.22;5.88;7.06;11.19;2;3.12;7.18;1.89;4.45;5.46;6.15;2.26;5.64;8.95;5.49;10.78;4.35;12.29;4.04;7.04;7.2;4.06;1;17.3;1.4;1.8;3.1;16.1;54.1
416;FE1220;Fourrage;ENSILAGES;Graminées Fourragères, Ray-Grass D'italie, Non Alternatif Brins courts sans conservateur 1er cycle Début floraison;23.6;0.81;0.73;10;53;-12;7.19;2.27;1.89;1.8;1.52;1.22;1.4;910;65;88;56;298;63;546;59;328;60;18;34;2.3;1.4;4.6;1.8;1.3;783;4454;61;2287;80;80;54;1.8;0.2;37;6.2;670;6;25;60;0.06;0.08;0.1;8000;300;5;4.18;2.01;2.32;5.83;9.12;2.4;6.18;12.79;7.73;10.8;3.29;7.22;5.88;7.06;11.19;2;3.12;7.19;1.89;4.46;5.46;6.14;2.27;5.64;8.93;5.49;10.79;4.36;12.31;4.03;7.04;7.19;4.07;1;17.4;1.4;1.8;3.2;16.2;53.6
417;FE1230;Fourrage;ENSILAGES;Graminées Fourragères, Ray-Grass D'italie, Non Alternatif Brins courts sans conservateur 2e cycle après coupe épiaison Repousses à tiges de 6 semaines;19.4;0.87;0.81;18;62;37;6.81;2.25;1.9;2;1.36;1.18;1.3;899;68;148;67;298;69;546;65;328;67;24;41;2.8;1.7;5.2;2.1;1.3;532;4550;64;2452;81;82;64;1.8;0.2;28;6.9;420;6;25;60;0.06;0.08;0.1;8000;300;5;4.18;2.01;2.32;5.83;9.12;2.4;6.18;12.79;7.73;10.8;3.29;7.22;5.88;7.06;11.19;2;3.12;6.81;1.9;4.32;5.45;6.36;2.25;5.66;9.38;5.69;10.68;4.22;11.78;4.22;7.17;7.32;3.99;1;16.9;1.4;1.6;2.8;14.9;57.1
418;FE1240;Fourrage;ENSILAGES;Graminées Fourragères, Ray-Grass D'italie, Non Alternatif Brins courts sans conservateur 2e cycle après coupe épiaison Repousses à tiges de 7 semaines;20.4;0.85;0.78;15;59;19;6.94;2.26;1.9;1.9;1.39;1.19;1.31;908;67;127;65;305;67;553;63;335;64;22;39;2.6;1.6;4.6;1.8;1.3;532;4541;63;2389;80;81;59;1.8;0.2;28;6.9;420;6;25;60;0.06;0.08;0.1;8000;300;5;4.18;2.01;2.32;5.83;9.12;2.4;6.18;12.79;7.73;10.8;3.29;7.22;5.88;7.06;11.19;2;3.12;6.94;1.9;4.36;5.46;6.29;2.26;5.65;9.23;5.62;10.72;4.26;11.95;4.16;7.13;7.28;4.01;1;17;1.4;1.7;3;15.3;56.1
419;FE1250;Fourrage;ENSILAGES;Graminées Fourragères, Ray-Grass D'italie, Non Alternatif Brins courts avec conservateur 1er cycle 1 semaine avant le début de l'épiaison;18.6;0.98;0.94;16;67;-1;6.97;2.26;1.9;2.1;1.28;1.09;1.14;905;74;117;61;266;75;511;73;295;74;21;38;2.6;1.6;4.6;1.8;1.5;543;4452;71;2681;79;79;66;2;0.9;28;7.6;418;5;25;100;0.1;0.1;0.1;8000;300;5;4.18;2.01;2.32;5.83;9.12;2.4;6.18;12.79;7.73;10.8;3.29;7.22;5.88;7.06;11.19;2;3.12;6.97;1.9;4.37;5.46;6.27;2.26;5.65;9.2;5.61;10.73;4.27;11.99;4.14;7.11;7.27;4.02;1;17.1;1.4;1.7;3;15.5;55.6
420;FE1260;Fourrage;ENSILAGES;Graminées Fourragères, Ray-Grass D'italie, Non Alternatif Brins courts avec conservateur 1er cycle Début épiaison;18.7;0.94;0.9;15;65;-5;7;2.26;1.89;2.1;1.3;1.1;1.15;905;73;111;60;272;72;517;70;301;71;20;37;2.6;1.6;4.6;1.8;1.3;783;4438;69;2598;79;79;64;1.8;0.2;37;6.2;670;6;25;60;0.06;0.08;0.1;8000;300;5;4.18;2.01;2.32;5.83;9.12;2.4;6.18;12.79;7.73;10.8;3.29;7.22;5.88;7.06;11.19;2;3.12;7;1.89;4.39;5.46;6.25;2.26;5.65;9.16;5.59;10.74;4.29;12.04;4.13;7.1;7.26;4.02;1;17.1;1.4;1.7;3;15.6;55.3
421;FE1270;Fourrage;ENSILAGES;Graminées Fourragères, Ray-Grass D'italie, Non Alternatif Brins courts avec conservateur 1er cycle Épiaison;19.5;0.88;0.82;13;62;-13;7.07;2.26;1.89;2;1.34;1.12;1.19;907;69;98;57;289;70;536;66;319;68;19;36;2.3;1.4;4.6;1.8;1.3;552;4415;65;2447;78;78;61;1.8;0.2;28;6.2;440;6;35;80;0.06;0.08;0.1;8000;300;5;4.18;2.01;2.32;5.83;9.12;2.4;6.18;12.79;7.73;10.8;3.29;7.22;5.88;7.06;11.19;2;3.12;7.07;1.89;4.41;5.46;6.21;2.26;5.64;9.07;5.55;10.76;4.31;12.14;4.09;7.08;7.23;4.04;1;17.2;1.4;1.8;3.1;15.9;54.5
422;FE1280;Fourrage;ENSILAGES;Graminées Fourragères, Ray-Grass D'italie, Non Alternatif Brins courts avec conservateur 1er cycle Fin épiaison;21.2;0.85;0.79;13;61;-17;7.09;2.26;1.89;2;1.37;1.13;1.21;913;68;93;55;298;68;546;64;328;65;18;35;2.3;1.4;4.6;1.8;1.3;552;4430;64;2394;78;77;60;1.8;0.2;28;6.2;440;6;35;80;0.06;0.08;0.1;8000;300;5;4.18;2.01;2.32;5.83;9.12;2.4;6.18;12.79;7.73;10.8;3.29;7.22;5.88;7.06;11.19;2;3.12;7.09;1.89;4.42;5.46;6.2;2.26;5.64;9.05;5.54;10.76;4.32;12.17;4.08;7.07;7.23;4.04;1;17.3;1.4;1.8;3.1;16.1;54.1
423;FE1290;Fourrage;ENSILAGES;Graminées Fourragères, Ray-Grass D'italie, Non Alternatif Brins courts avec conservateur 2e cycle après coupe épiaison Repousses à tiges de 6 semaines;19.4;0.87;0.8;22;69;28;6.71;2.25;1.91;2.1;1.3;1.09;1.15;899;68;148;66;298;69;546;65;328;67;24;41;2.8;1.7;5.2;2.1;1.3;532;4501;64;2427;78;79;68;1.8;0.2;28;6.9;420;6;25;60;0.06;0.08;0.1;8000;300;5;4.18;2.01;2.32;5.83;9.12;2.4;6.18;12.79;7.73;10.8;3.29;7.22;5.88;7.06;11.19;2;3.12;6.71;1.91;4.28;5.45;6.42;2.25;5.66;9.49;5.74;10.66;4.18;11.64;4.27;7.2;7.36;3.96;1;16.9;1.4;1.6;2.8;14.9;57.1
424;FE1300;Fourrage;ENSILAGES;Graminées Fourragères, Ray-Grass D'italie, Non Alternatif Brins courts avec conservateur 2e cycle après coupe épiaison Repousses à tiges de 7 semaines;20.4;0.84;0.77;18;65;11;6.84;2.25;1.9;2;1.33;1.1;1.17;908;67;127;63;305;67;553;63;335;64;22;39;2.6;1.6;4.6;1.8;1.3;532;4491;63;2364;77;77;64;1.8;0.2;28;6.9;420;6;25;60;0.06;0.08;0.1;8000;300;5;4.18;2.01;2.32;5.83;9.12;2.4;6.18;12.79;7.73;10.8;3.29;7.22;5.88;7.06;11.19;2;3.12;6.84;1.9;4.33;5.45;6.34;2.25;5.65;9.34;5.67;10.69;4.23;11.82;4.21;7.16;7.31;3.99;1;17;1.4;1.7;3;15.3;56.1
451;FE1570;Fourrage;ENSILAGES;Graminées Fourragères, Ray-Grass D'italie, Non Alternatif Préfané coupe fine 1er cycle 1 semaine avant le début de l'épiaison;33.5;0.91;0.87;17;67;5;6.93;2.25;1.9;2;1.35;1.05;1.07;890;73;123;63;246;70;510;70;275;69;19;36;2.6;1.6;4.6;1.8;1.5;543;4287;69;2507;79;79;67;2;0.9;28;7.6;418;5;25;100;0.1;0.1;0.1;8000;300;5;4.18;2.01;2.32;5.83;9.12;2.4;6.18;12.79;7.73;10.8;3.29;7.22;5.88;7.06;11.19;2;3.12;6.93;1.9;4.36;5.46;6.29;2.25;5.65;9.24;5.63;10.72;4.26;11.94;4.17;7.13;7.28;4.01;1;18.3;1.4;2.1;3;16.2;53.8
452;FE1580;Fourrage;ENSILAGES;Graminées Fourragères, Ray-Grass D'italie, Non Alternatif Préfané coupe fine 1er cycle Début épiaison;33.5;0.88;0.82;16;65;1;6.96;2.26;1.9;1.9;1.39;1.06;1.08;890;71;117;62;254;67;520;67;283;66;19;35;2.6;1.6;4.6;1.8;1.3;783;4274;67;2427;79;79;65;1.8;0.2;37;6.2;670;6;25;60;0.06;0.08;0.1;8000;300;5;4.18;2.01;2.32;5.83;9.12;2.4;6.18;12.79;7.73;10.8;3.29;7.22;5.88;7.06;11.19;2;3.12;6.96;1.9;4.37;5.46;6.28;2.26;5.65;9.2;5.61;10.72;4.27;11.99;4.15;7.12;7.27;4.02;1;18.4;1.4;2.1;3;16.3;53.5
453;FE1590;Fourrage;ENSILAGES;Graminées Fourragères, Ray-Grass D'italie, Non Alternatif Préfané coupe fine 1er cycle Épiaison;33.5;0.81;0.75;13;61;-9;7.06;2.26;1.89;1.8;1.52;1.09;1.14;893;68;102;58;279;65;549;64;309;63;17;34;2.3;1.4;4.6;1.8;1.3;552;4258;64;2274;79;78;61;1.8;0.2;28;6.2;440;6;35;80;0.06;0.08;0.1;8000;300;5;4.18;2.01;2.32;5.83;9.12;2.4;6.18;12.79;7.73;10.8;3.29;7.22;5.88;7.06;11.19;2;3.12;7.06;1.89;4.41;5.46;6.22;2.26;5.64;9.08;5.56;10.75;4.31;12.13;4.1;7.08;7.24;4.04;1;18.5;1.4;2.1;3.1;16.6;52.7
454;FE1600;Fourrage;ENSILAGES;Graminées Fourragères, Ray-Grass D'italie, Non Alternatif Préfané coupe fine 1er cycle Fin épiaison;33.5;0.78;0.71;12;59;-14;7.12;2.26;1.89;1.7;1.62;1.11;1.18;901;66;95;56;297;65;571;62;327;62;17;33;2.3;1.4;4.6;1.8;1.3;552;4280;62;2211;79;78;59;1.8;0.2;28;6.2;440;6;35;80;0.06;0.08;0.1;8000;300;5;4.18;2.01;2.32;5.83;9.12;2.4;6.18;12.79;7.73;10.8;3.29;7.22;5.88;7.06;11.19;2;3.12;7.12;1.89;4.43;5.46;6.19;2.26;5.64;9.02;5.53;10.77;4.33;12.21;4.07;7.06;7.22;4.05;1;18.5;1.4;2.2;3.1;16.7;52.3
455;FE1610;Fourrage;ENSILAGES;Graminées Fourragères, Ray-Grass D'italie, Non Alternatif Préfané coupe fine 1er cycle Début floraison;33.5;0.73;0.65;10;56;-19;7.2;2.27;1.89;1.4;1.89;1.15;1.27;903;63;86;54;305;61;580;58;335;58;16;32;2.3;1.4;4.6;1.8;1.3;783;4272;59;2089;79;77;55;1.8;0.2;37;6.2;670;6;25;60;0.06;0.08;0.1;8000;300;5;4.18;2.01;2.32;5.83;9.12;2.4;6.18;12.79;7.73;10.8;3.29;7.22;5.88;7.06;11.19;2;3.12;7.2;1.89;4.46;5.46;6.14;2.27;5.64;8.92;5.48;10.79;4.36;12.33;4.03;7.03;7.19;4.07;1;18.6;1.4;2.2;3.2;16.9;51.8
456;FE1620;Fourrage;ENSILAGES;Graminées Fourragères, Ray-Grass D'italie, Non Alternatif Préfané coupe fine 2e cycle après coupe épiaison Repousses à tiges de 6 semaines;33.5;0.8;0.73;23;70;35;6.68;2.25;1.91;1.9;1.4;1.06;1.09;886;67;155;67;289;65;561;63;319;62;22;39;2.8;1.7;5.2;2.1;1.3;532;4335;63;2254;79;79;69;1.8;0.2;28;6.9;420;6;25;60;0.06;0.08;0.1;8000;300;5;4.18;2.01;2.32;5.83;9.12;2.4;6.18;12.79;7.73;10.8;3.29;7.22;5.88;7.06;11.19;2;3.12;6.68;1.91;4.27;5.45;6.43;2.25;5.66;9.53;5.76;10.65;4.17;11.59;4.29;7.21;7.37;3.96;1;18.1;1.4;2;2.8;15.5;55.4
457;FE1630;Fourrage;ENSILAGES;Graminées Fourragères, Ray-Grass D'italie, Non Alternatif Préfané coupe fine 2e cycle après coupe épiaison Repousses à tiges de 7 semaines;33.5;0.77;0.69;18;65;16;6.83;2.25;1.9;1.8;1.49;1.08;1.13;895;65;132;64;301;64;575;61;331;61;20;37;2.6;1.6;4.6;1.8;1.3;532;4329;61;2183;78;78;64;1.8;0.2;28;6.9;420;6;25;60;0.06;0.08;0.1;8000;300;5;4.18;2.01;2.32;5.83;9.12;2.4;6.18;12.79;7.73;10.8;3.29;7.22;5.88;7.06;11.19;2;3.12;6.83;1.9;4.32;5.45;6.35;2.25;5.65;9.35;5.68;10.69;4.22;11.81;4.21;7.16;7.32;3.99;1;18.2;1.4;2;3;16;54.3
458;FE1640;Fourrage;ENSILAGES;Graminées Fourragères, Ray-Grass D'italie, Non Alternatif Mi-fané > 50% MS, enrubanné 1er cycle 1 semaine avant le début de l'épiaison;55;0.88;0.83;21;73;-10;6.84;2.25;1.9;2;1.35;1.06;1.09;908;72;115;63;269;70;538;69;298;69;17;34;2.6;1.6;4.6;1.8;1.5;543;4247;68;2435;75;74;71;2;0.9;28;7.6;418;5;25;100;0.1;0.1;0.1;8000;300;5;4.18;2.01;2.32;5.83;9.12;2.4;6.18;12.79;7.73;10.8;3.29;7.22;5.88;7.06;11.19;2;3.12;6.84;1.9;4.32;5.45;6.35;2.25;5.65;9.35;5.68;10.69;4.22;11.81;4.21;7.16;7.32;3.99;1;18.3;1.4;2.1;3;17.9;52.1
459;FE1650;Fourrage;ENSILAGES;Graminées Fourragères, Ray-Grass D'italie, Non Alternatif Mi-fané > 50% MS, enrubanné 1er cycle Début épiaison;55;0.85;0.8;19;71;-14;6.87;2.25;1.9;2;1.37;1.07;1.1;908;70;108;62;275;68;545;67;305;66;17;33;2.6;1.6;4.6;1.8;1.3;783;4235;66;2364;74;73;69;1.8;0.2;37;6.2;670;6;25;60;0.06;0.08;0.1;8000;300;5;4.18;2.01;2.32;5.83;9.12;2.4;6.18;12.79;7.73;10.8;3.29;7.22;5.88;7.06;11.19;2;3.12;6.87;1.9;4.34;5.45;6.32;2.25;5.65;9.31;5.66;10.7;4.24;11.86;4.19;7.15;7.3;4;1;18.4;1.4;2.1;3;18;51.8
460;FE1660;Fourrage;ENSILAGES;Graminées Fourragères, Ray-Grass D'italie, Non Alternatif Mi-fané > 50% MS, enrubanné 1er cycle Épiaison;55;0.79;0.72;16;66;-24;6.98;2.26;1.89;1.9;1.43;1.1;1.16;910;66;93;58;296;65;569;63;326;62;15;32;2.3;1.4;4.6;1.8;1.3;552;4213;63;2224;74;72;66;1.8;0.2;28;6.2;440;6;35;80;0.06;0.08;0.1;8000;300;5;4.18;2.01;2.32;5.83;9.12;2.4;6.18;12.79;7.73;10.8;3.29;7.22;5.88;7.06;11.19;2;3.12;6.98;1.89;4.38;5.46;6.26;2.26;5.65;9.18;5.6;10.73;4.28;12.02;4.14;7.11;7.26;4.02;1;18.5;1.4;2.1;3.1;18.3;51
461;FE1670;Fourrage;ENSILAGES;Graminées Fourragères, Ray-Grass D'italie, Non Alternatif Mi-fané > 50% MS, enrubanné 1er cycle Fin épiaison;55;0.76;0.69;14;64;-29;7.04;2.26;1.89;1.8;1.48;1.12;1.21;914;65;85;56;310;64;586;61;340;61;15;31;2.3;1.4;4.6;1.8;1.3;552;4218;61;2161;74;72;64;1.8;0.2;28;6.2;440;6;35;80;0.06;0.08;0.1;8000;300;5;4.18;2.01;2.32;5.83;9.12;2.4;6.18;12.79;7.73;10.8;3.29;7.22;5.88;7.06;11.19;2;3.12;7.04;1.89;4.4;5.46;6.23;2.26;5.64;9.11;5.57;10.75;4.3;12.1;4.11;7.09;7.24;4.03;1;18.5;1.4;2.2;3.1;18.5;50.6
462;FE1680;Fourrage;ENSILAGES;Graminées Fourragères, Ray-Grass D'italie, Non Alternatif Mi-fané > 50% MS, enrubanné 1er cycle Début floraison;55;0.72;0.64;12;61;-34;7.12;2.26;1.89;1.7;1.58;1.17;1.3;915;62;76;51;317;61;594;58;347;57;14;30;2.3;1.4;4.6;1.8;1.3;783;4204;58;2055;74;71;61;1.8;0.2;37;6.2;670;6;25;60;0.06;0.08;0.1;8000;300;5;4.18;2.01;2.32;5.83;9.12;2.4;6.18;12.79;7.73;10.8;3.29;7.22;5.88;7.06;11.19;2;3.12;7.12;1.89;4.43;5.46;6.18;2.26;5.64;9.02;5.52;10.77;4.33;12.21;4.07;7.06;7.22;4.05;1;18.6;1.4;2.2;3.2;18.6;50.1
463;FE1690;Fourrage;ENSILAGES;Graminées Fourragères, Ray-Grass D'italie, Non Alternatif Mi-fané > 50% MS, enrubanné 1er cycle Floraison;55;0.66;0.58;10;58;-39;7.2;2.27;1.89;1.7;1.63;1.19;1.35;916;58;67;54;327;58;607;53;358;53;13;29;2;1.2;4.6;1.8;1.1;661;4191;55;1919;73;70;58;1.8;0.2;33;6.9;548;6;25;60;0.06;0.08;0.1;8000;300;5;4.18;2.01;2.32;5.83;9.12;2.4;6.18;12.79;7.73;10.8;3.29;7.22;5.88;7.06;11.19;2;3.12;7.2;1.89;4.46;5.46;6.14;2.27;5.64;8.93;5.48;10.79;4.36;12.32;4.03;7.04;7.19;4.07;1;18.7;1.4;2.2;3.2;18.8;49.5
464;FE1700;Fourrage;ENSILAGES;Graminées Fourragères, Ray-Grass D'italie, Non Alternatif Mi-fané > 50% MS, enrubanné 2e cycle après coupe épiaison Repousses à tiges de 6 semaines;55;0.78;0.71;28;77;21;6.55;2.24;1.91;2;1.38;1.07;1.11;906;65;150;67;304;65;579;62;334;62;20;37;2.8;1.7;5.2;2.1;1.3;532;4306;62;2207;75;73;73;1.8;0.2;28;6.9;420;6;25;60;0.06;0.08;0.1;8000;300;5;4.18;2.01;2.32;5.83;9.12;2.4;6.18;12.79;7.73;10.8;3.29;7.22;5.88;7.06;11.19;2;3.12;6.55;1.91;4.22;5.45;6.51;2.24;5.67;9.68;5.83;10.61;4.12;11.42;4.35;7.26;7.41;3.93;1;18.1;1.4;2;2.8;17.3;53.7
465;FE1710;Fourrage;ENSILAGES;Graminées Fourragères, Ray-Grass D'italie, Non Alternatif Mi-fané > 50% MS, enrubanné 2e cycle après coupe épiaison Repousses à tiges de 7 semaines;55;0.75;0.68;23;71;2;6.72;2.25;1.91;1.9;1.42;1.09;1.15;911;64;125;64;314;63;590;60;344;60;18;35;2.6;1.6;4.6;1.8;1.3;532;4278;60;2137;74;72;68;1.8;0.2;28;6.9;420;6;25;60;0.06;0.08;0.1;8000;300;5;4.18;2.01;2.32;5.83;9.12;2.4;6.18;12.79;7.73;10.8;3.29;7.22;5.88;7.06;11.19;2;3.12;6.72;1.91;4.28;5.45;6.41;2.25;5.66;9.49;5.74;10.66;4.18;11.65;4.27;7.2;7.36;3.96;1;18.2;1.4;2;3;17.7;52.6
466;FE1720;Fourrage;ENSILAGES;Graminées Fourragères, Ray-Grass Anglais Brins courts sans conservateur 1er cycle, variétés précoces 1 semaine avant le début de l'épiaison;18.1;1.07;1.04;17;67;34;7.34;2.15;1.89;2.1;1.31;1.16;1.27;903;78;151;68;266;82;521;80;288;82;24;42;2.8;1.7;5.8;2.3;1.4;552;4576;74;2890;83;85;68;1.4;0.3;33;10.9;465;6;30;80;0.07;0.08;0.1;8000;300;5;6.06;1.96;3.38;5.43;7.39;1.99;6.29;9.13;5.67;10.52;4.76;11.26;6.28;6.39;10.54;2.95;3.12;7.34;1.89;4.49;5.38;5.99;2.15;5.69;8.48;5.21;10.68;4.62;12.73;4.27;6.97;7.23;4.07;1;16.8;1.4;1.6;2.8;14.8;57.3
467;FE1730;Fourrage;ENSILAGES;Graminées Fourragères, Ray-Grass Anglais Brins courts sans conservateur 1er cycle, variétés précoces Début épiaison;18.6;1.04;1;16;65;26;7.38;2.16;1.89;1.9;1.4;1.21;1.37;913;76;141;66;273;79;528;77;296;78;23;40;2.8;1.7;5.8;2.3;1.4;552;4598;73;2828;83;84;65;1.4;0.3;33;10.9;465;6;30;80;0.07;0.08;0.1;8000;300;5;6.06;1.96;3.38;5.43;7.39;1.99;6.29;9.13;5.67;10.52;4.76;11.26;6.28;6.39;10.54;2.95;3.12;7.38;1.89;4.5;5.39;5.98;2.16;5.68;8.46;5.2;10.7;4.61;12.76;4.23;6.96;7.22;4.08;1;16.9;1.4;1.6;2.9;15;56.8
468;FE1740;Fourrage;ENSILAGES;Graminées Fourragères, Ray-Grass Anglais Brins courts sans conservateur 1er cycle, variétés précoces Épiaison;18.7;0.98;0.94;13;61;12;7.42;2.17;1.88;1.9;1.43;1.24;1.42;916;74;123;63;292;76;547;73;316;74;22;39;2.6;1.6;5.8;2.3;1.4;517;4568;70;2700;82;83;61;1.4;0.3;28;7.6;429;6;30;80;0.07;0.08;0.1;8000;300;5;6.06;1.96;3.38;5.43;7.39;1.99;6.29;9.13;5.67;10.52;4.76;11.26;6.28;6.39;10.54;2.95;3.12;7.42;1.88;4.52;5.4;5.96;2.17;5.67;8.43;5.2;10.73;4.61;12.81;4.18;6.95;7.19;4.09;1;17;1.4;1.7;3;15.4;55.9
469;FE1750;Fourrage;ENSILAGES;Graminées Fourragères, Ray-Grass Anglais Brins courts sans conservateur 1er cycle, variétés précoces Fin épiaison;19.1;0.91;0.85;12;58;5;7.45;2.18;1.88;1.8;1.49;1.28;1.48;915;70;112;62;312;72;568;68;337;69;21;37;2.6;1.6;5.8;2.3;1.4;517;4536;66;2530;82;82;58;1.4;0.3;28;7.6;429;6;30;80;0.07;0.08;0.1;8000;300;5;6.06;1.96;3.38;5.43;7.39;1.99;6.29;9.13;5.67;10.52;4.76;11.26;6.28;6.39;10.54;2.95;3.12;7.45;1.88;4.53;5.4;5.95;2.18;5.67;8.42;5.19;10.74;4.61;12.83;4.15;6.94;7.18;4.1;1;17.1;1.4;1.7;3;15.6;55.3
470;FE1760;Fourrage;ENSILAGES;Graminées Fourragères, Ray-Grass Anglais Brins courts sans conservateur 1er cycle, variétés précoces Début floraison;20.3;0.84;0.77;12;56;7;7.44;2.18;1.88;1.7;1.57;1.31;1.57;911;67;111;61;324;69;580;64;349;66;20;37;2.3;1.4;5.8;2.3;1.4;517;4515;63;2373;82;82;58;1.4;0.3;28;7.6;429;6;30;80;0.07;0.08;0.1;8000;300;5;6.06;1.96;3.38;5.43;7.39;1.99;6.29;9.13;5.67;10.52;4.76;11.26;6.28;6.39;10.54;2.95;3.12;7.44;1.88;4.53;5.4;5.95;2.18;5.67;8.42;5.19;10.74;4.61;12.83;4.16;6.94;7.18;4.1;1;17.1;1.4;1.7;3;15.7;55.2
471;FE1770;Fourrage;ENSILAGES;Graminées Fourragères, Ray-Grass Anglais Brins courts sans conservateur 1er cycle, variétés tardives 1 semaine avant le début de l'épiaison;19.3;0.98;0.94;13;61;11;7.42;2.17;1.88;1.9;1.42;1.23;1.38;896;75;122;64;302;78;558;75;326;77;22;38;2.8;1.7;5.8;2.3;1.4;377;4472;71;2690;82;83;61;1.4;0.3;21;6.2;289;6;25;100;0.05;0.02;0.3;8000;300;5;6.06;1.96;3.38;5.43;7.39;1.99;6.29;9.13;5.67;10.52;4.76;11.26;6.28;6.39;10.54;2.95;3.12;7.42;1.88;4.52;5.4;5.96;2.17;5.67;8.44;5.2;10.73;4.61;12.81;4.18;6.95;7.19;4.09;1;17;1.4;1.7;3;15.4;55.8
472;FE1780;Fourrage;ENSILAGES;Graminées Fourragères, Ray-Grass Anglais Brins courts sans conservateur 1er cycle, variétés tardives Début épiaison;20.6;0.95;0.91;12;60;4;7.44;2.18;1.88;1.8;1.47;1.24;1.41;900;73;113;62;307;76;563;72;332;74;20;37;2.8;1.7;5.8;2.3;1.4;377;4469;69;2624;82;82;59;1.4;0.3;21;6.2;289;6;25;100;0.05;0.02;0.3;8000;300;5;6.06;1.96;3.38;5.43;7.39;1.99;6.29;9.13;5.67;10.52;4.76;11.26;6.28;6.39;10.54;2.95;3.12;7.44;1.88;4.53;5.4;5.95;2.18;5.67;8.42;5.19;10.74;4.61;12.83;4.16;6.94;7.18;4.1;1;17.1;1.4;1.7;3;15.6;55.3
473;FE1790;Fourrage;ENSILAGES;Graminées Fourragères, Ray-Grass Anglais Brins courts sans conservateur 1er cycle, variétés tardives Épiaison;20.8;0.9;0.85;11;57;-6;7.48;2.19;1.88;1.8;1.51;1.26;1.46;905;70;99;60;316;74;572;70;341;71;19;36;2.6;1.6;5.8;2.3;1.4;377;4458;67;2513;81;81;56;1.4;0.3;21;6.2;289;6;25;100;0.05;0.02;0.3;8000;300;5;6.06;1.96;3.38;5.43;7.39;1.99;6.29;9.13;5.67;10.52;4.76;11.26;6.28;6.39;10.54;2.95;3.12;7.48;1.88;4.55;5.41;5.93;2.19;5.66;8.4;5.19;10.76;4.61;12.87;4.11;6.93;7.16;4.11;1;17.2;1.4;1.8;3.1;15.9;54.4
474;FE1800;Fourrage;ENSILAGES;Graminées Fourragères, Ray-Grass Anglais Brins courts sans conservateur 1er cycle, variétés tardives Fin épiaison;22.1;0.85;0.79;10;55;-12;7.5;2.2;1.88;1.8;1.53;1.25;1.46;906;68;90;57;321;70;577;66;346;67;18;35;2.6;1.6;5.8;2.3;1.4;377;4441;64;2394;80;80;54;1.4;0.3;21;6.2;289;6;25;100;0.05;0.02;0.3;8000;300;5;6.06;1.96;3.38;5.43;7.39;1.99;6.29;9.13;5.67;10.52;4.76;11.26;6.28;6.39;10.54;2.95;3.12;7.5;1.88;4.56;5.42;5.92;2.2;5.66;8.39;5.19;10.78;4.61;12.89;4.08;6.92;7.15;4.11;1;17.3;1.4;1.8;3.2;16.1;53.8
475;FE1810;Fourrage;ENSILAGES;Graminées Fourragères, Ray-Grass Anglais Brins courts sans conservateur 2e cycle après coupe épiaison Repousses à tiges de 6 semaines;21.5;0.92;0.87;17;63;24;7.34;2.15;1.89;2;1.38;1.16;1.26;892;71;137;66;282;72;537;69;305;70;23;40;3;1.8;6.4;2.6;1.6;172;4491;68;2558;80;81;62;1.4;0.3;13;6.2;84;6;25;100;0.05;0.02;0.3;8000;300;5;6.06;1.96;3.38;5.43;7.39;1.99;6.29;9.13;5.67;10.52;4.76;11.26;6.28;6.39;10.54;2.95;3.12;7.34;1.89;4.48;5.38;5.99;2.15;5.69;8.49;5.21;10.68;4.62;12.73;4.28;6.98;7.24;4.07;1;17;1.4;1.6;2.9;15.1;56.5
476;FE1820;Fourrage;ENSILAGES;Graminées Fourragères, Ray-Grass Anglais Brins courts sans conservateur 2e cycle après coupe épiaison Repousses à tiges de 7 semaines;22.4;0.91;0.85;16;62;19;7.35;2.15;1.89;1.9;1.39;1.16;1.26;896;70;131;65;288;69;543;67;312;67;22;39;2.8;1.7;5.8;2.3;1.6;172;4495;67;2521;80;80;61;1.4;0.3;13;6.2;84;6;25;100;0.05;0.02;0.3;8000;300;5;6.06;1.96;3.38;5.43;7.39;1.99;6.29;9.13;5.67;10.52;4.76;11.26;6.28;6.39;10.54;2.95;3.12;7.35;1.89;4.49;5.39;5.99;2.15;5.69;8.48;5.21;10.69;4.62;12.74;4.26;6.97;7.23;4.07;1;17;1.4;1.7;2.9;15.3;56.1
477;FE1830;Fourrage;ENSILAGES;Graminées Fourragères, Ray-Grass Anglais Brins courts sans conservateur 2e cycle après coupe épiaison Repousses feuillues de 6 semaines;21.1;1.06;1.03;23;71;52;7.24;2.12;1.9;2.1;1.31;1.12;1.18;890;78;174;70;257;79;512;78;279;79;26;44;3.1;1.9;7.1;2.8;1.6;203;4572;74;2862;82;83;70;1.4;0.3;13;5.1;115;6;25;100;0.05;0.02;0.3;8000;300;5;6.06;1.96;3.38;5.43;7.39;1.99;6.29;9.13;5.67;10.52;4.76;11.26;6.28;6.39;10.54;2.95;3.12;7.24;1.9;4.44;5.37;6.03;2.12;5.71;8.54;5.22;10.62;4.62;12.64;4.39;7.01;7.29;4.04;1;16.7;1.4;1.5;2.7;14.3;58.2
478;FE1840;Fourrage;ENSILAGES;Graminées Fourragères, Ray-Grass Anglais Brins courts sans conservateur 2e cycle après coupe épiaison Repousses feuillues de 7 semaines;19.9;1.01;0.98;21;68;47;7.27;2.13;1.89;2;1.33;1.15;1.24;893;76;166;69;268;77;523;75;291;76;26;43;3;1.8;6.4;2.6;1.6;203;4566;72;2772;82;83;68;1.4;0.3;13;5.1;115;6;25;100;0.05;0.02;0.3;8000;300;5;6.06;1.96;3.38;5.43;7.39;1.99;6.29;9.13;5.67;10.52;4.76;11.26;6.28;6.39;10.54;2.95;3.12;7.27;1.89;4.45;5.37;6.02;2.13;5.7;8.53;5.22;10.64;4.62;12.66;4.36;7;7.28;4.05;1;16.8;1.4;1.5;2.7;14.5;57.9
479;FE1850;Fourrage;ENSILAGES;Graminées Fourragères, Ray-Grass Anglais Brins courts sans conservateur 2e cycle après coupe épiaison Repousses feuillues de 8 semaines;22.1;0.96;0.91;19;65;32;7.31;2.14;1.89;2;1.38;1.15;1.26;894;73;148;67;273;73;528;71;296;71;24;41;2.8;1.7;4.6;1.8;1.6;203;4527;69;2647;81;81;64;1.4;0.3;13;5.1;115;6;25;100;0.05;0.02;0.3;8000;300;5;6.06;1.96;3.38;5.43;7.39;1.99;6.29;9.13;5.67;10.52;4.76;11.26;6.28;6.39;10.54;2.95;3.12;7.31;1.89;4.47;5.38;6.01;2.14;5.69;8.5;5.21;10.66;4.62;12.7;4.32;6.99;7.25;4.06;1;16.9;1.4;1.6;2.8;14.9;57
480;FE1860;Fourrage;ENSILAGES;Graminées Fourragères, Ray-Grass Anglais Brins courts avec conservateur 1er cycle, variétés précoces 1 semaine avant le début de l'épiaison;18.1;1.06;1.03;22;73;26;6.84;2.08;2.11;2.1;1.26;1.07;1.12;903;78;151;66;266;82;521;80;288;82;24;42;2.8;1.7;5.8;2.3;1.4;552;4526;74;2859;80;82;72;1.4;0.3;33;10.9;465;6;30;80;0.07;0.08;0.1;8000;300;5;4.35;2.83;3.81;5.86;7.13;1.81;6.08;7.55;4.54;11.78;5.81;12.43;7.82;6.26;9.51;2.43;3.12;6.84;2.11;4.52;5.46;5.96;2.08;5.63;8.12;4.94;10.85;4.91;12.93;4.72;6.95;7.14;4.01;1;16.8;1.4;1.6;2.8;14.8;57.3
481;FE1870;Fourrage;ENSILAGES;Graminées Fourragères, Ray-Grass Anglais Brins courts avec conservateur 1er cycle, variétés précoces Début épiaison;18.6;1.03;0.99;20;71;19;6.95;2.11;2.04;2;1.33;1.12;1.21;913;76;141;65;273;79;528;77;296;78;23;40;2.8;1.7;5.8;2.3;1.4;552;4548;73;2799;80;81;70;1.4;0.3;33;10.9;465;6;30;80;0.07;0.08;0.1;8000;300;5;4.57;2.58;4.01;5.84;7.2;1.88;6.17;8.14;5.24;11.75;5.54;11.58;7.24;6.3;9.28;2.68;3.12;6.95;2.04;4.56;5.46;5.96;2.11;5.66;8.26;5.11;10.86;4.82;12.77;4.53;6.96;7.11;4.04;1;16.9;1.4;1.6;2.9;15;56.8
482;FE1880;Fourrage;ENSILAGES;Graminées Fourragères, Ray-Grass Anglais Brins courts avec conservateur 1er cycle, variétés précoces Épiaison;18.7;0.97;0.93;17;67;5;7.04;2.13;2.02;2;1.37;1.14;1.25;916;74;123;62;292;76;547;73;316;74;22;39;2.6;1.6;5.8;2.3;1.4;517;4518;70;2671;79;80;66;1.4;0.3;28;7.6;429;6;30;80;0.07;0.08;0.1;8000;300;5;4.57;2.58;4.01;5.84;7.2;1.88;6.17;8.14;5.24;11.75;5.54;11.58;7.24;6.3;9.28;2.68;3.12;7.04;2.02;4.57;5.46;5.94;2.13;5.65;8.26;5.12;10.87;4.8;12.81;4.45;6.94;7.09;4.06;1;17;1.4;1.7;3;15.4;55.9
483;FE1890;Fourrage;ENSILAGES;Graminées Fourragères, Ray-Grass Anglais Brins courts avec conservateur 1er cycle, variétés précoces Fin épiaison;19.1;0.9;0.84;15;64;-2;7.09;2.14;2.01;1.9;1.42;1.18;1.31;915;70;112;60;312;72;568;68;337;69;21;37;2.6;1.6;5.8;2.3;1.4;517;4486;66;2504;79;79;64;1.4;0.3;28;7.6;429;6;30;80;0.07;0.08;0.1;8000;300;5;4.57;2.58;4.01;5.84;7.2;1.88;6.17;8.14;5.24;11.75;5.54;11.58;7.24;6.3;9.28;2.68;3.12;7.09;2.01;4.58;5.46;5.93;2.14;5.65;8.25;5.12;10.87;4.78;12.84;4.4;6.93;7.09;4.07;1;17.1;1.4;1.7;3;15.6;55.3
484;FE1900;Fourrage;ENSILAGES;Graminées Fourragères, Ray-Grass Anglais Brins courts avec conservateur 1er cycle, variétés tardives 1 semaine avant le début de l'épiaison;19.3;0.97;0.93;17;67;4;7.03;2.13;2.02;2;1.35;1.14;1.22;896;75;122;62;302;78;558;75;326;77;22;38;2.8;1.7;5.8;2.3;1.4;377;4423;71;2662;79;80;66;1.4;0.3;21;6.2;289;6;25;100;0.05;0.02;0.3;8000;300;5;4.57;2.58;4.01;5.84;7.2;1.88;6.17;8.14;5.24;11.75;5.54;11.58;7.24;6.3;9.28;2.68;3.12;7.03;2.02;4.57;5.46;5.95;2.13;5.65;8.26;5.12;10.87;4.8;12.81;4.45;6.94;7.1;4.06;1;17;1.4;1.7;3;15.4;55.8
485;FE1910;Fourrage;ENSILAGES;Graminées Fourragères, Ray-Grass Anglais Brins courts avec conservateur 1er cycle, variétés tardives Début épiaison;20.6;0.94;0.9;15;65;-3;7.08;2.14;2.01;1.9;1.4;1.15;1.26;900;73;113;60;307;76;563;72;332;74;20;37;2.8;1.7;5.8;2.3;1.4;377;4420;69;2597;79;79;65;1.4;0.3;21;6.2;289;6;25;100;0.05;0.02;0.3;8000;300;5;4.57;2.58;4.01;5.84;7.2;1.88;6.17;8.14;5.24;11.75;5.54;11.58;7.24;6.3;9.28;2.68;3.12;7.08;2.01;4.58;5.46;5.94;2.14;5.65;8.25;5.12;10.87;4.79;12.83;4.41;6.94;7.09;4.07;1;17.1;1.4;1.7;3;15.6;55.3
486;FE1920;Fourrage;ENSILAGES;Graminées Fourragères, Ray-Grass Anglais Brins courts avec conservateur 1er cycle, variétés tardives Épiaison;20.8;0.9;0.84;13;62;-13;7.15;2.15;2;1.9;1.44;1.17;1.3;905;70;99;57;316;74;572;70;341;71;19;36;2.6;1.6;5.8;2.3;1.4;377;4408;67;2486;78;78;61;1.4;0.3;21;6.2;289;6;25;100;0.05;0.02;0.3;8000;300;5;4.57;2.58;4.01;5.84;7.2;1.88;6.17;8.14;5.24;11.75;5.54;11.58;7.24;6.3;9.28;2.68;3.12;7.15;2;4.59;5.46;5.92;2.15;5.64;8.25;5.12;10.88;4.76;12.87;4.34;6.92;7.08;4.08;1;17.2;1.4;1.8;3.1;15.9;54.4
487;FE1930;Fourrage;ENSILAGES;Graminées Fourragères, Ray-Grass Anglais Brins courts avec conservateur 1er cycle, variétés tardives Fin épiaison;22.1;0.84;0.78;12;59;-19;7.19;2.16;1.99;1.9;1.45;1.17;1.31;906;68;90;54;321;70;577;66;346;67;18;35;2.6;1.6;5.8;2.3;1.4;377;4391;64;2369;78;77;59;1.4;0.3;21;6.2;289;6;25;100;0.05;0.02;0.3;8000;300;5;4.57;2.58;4.01;5.84;7.2;1.88;6.17;8.14;5.24;11.75;5.54;11.58;7.24;6.3;9.28;2.68;3.12;7.19;1.99;4.59;5.46;5.91;2.16;5.64;8.25;5.12;10.89;4.75;12.89;4.3;6.92;7.07;4.09;1;17.3;1.4;1.8;3.2;16.1;53.8
488;FE1940;Fourrage;ENSILAGES;Graminées Fourragères, Ray-Grass Anglais Brins courts avec conservateur 2e cycle après coupe épiaison Repousses à tiges de 6 semaines;21.5;0.91;0.86;20;69;17;6.89;2.1;2.05;2;1.32;1.08;1.13;892;71;137;64;282;72;537;69;305;70;23;40;3;1.8;6.4;2.6;1.6;172;4442;68;2532;78;78;66;1.4;0.3;13;6.2;84;6;25;100;0.05;0.02;0.3;8000;300;5;4.57;2.58;4.01;5.84;7.2;1.88;6.17;8.14;5.24;11.75;5.54;11.58;7.24;6.3;9.28;2.68;3.12;6.89;2.05;4.55;5.46;5.97;2.1;5.66;8.27;5.11;10.85;4.83;12.74;4.58;6.96;7.12;4.03;1;17;1.4;1.6;2.9;15.1;56.5
489;FE1950;Fourrage;ENSILAGES;Graminées Fourragères, Ray-Grass Anglais Brins courts avec conservateur 2e cycle après coupe épiaison Repousses à tiges de 7 semaines;22.4;0.9;0.84;19;67;12;6.92;2.11;2.05;2;1.33;1.08;1.14;896;70;131;63;288;69;543;67;312;67;22;39;2.8;1.7;5.8;2.3;1.6;172;4445;67;2494;77;77;65;1.4;0.3;13;6.2;84;6;25;100;0.05;0.02;0.3;8000;300;5;4.57;2.58;4.01;5.84;7.2;1.88;6.17;8.14;5.24;11.75;5.54;11.58;7.24;6.3;9.28;2.68;3.12;6.92;2.05;4.55;5.46;5.97;2.11;5.66;8.27;5.11;10.86;4.83;12.75;4.56;6.96;7.11;4.04;1;17;1.4;1.7;2.9;15.3;56.1
490;FE1960;Fourrage;ENSILAGES;Graminées Fourragères, Ray-Grass Anglais Brins courts avec conservateur 2e cycle après coupe épiaison Repousses feuillues de 6 semaines;21.1;1.05;1.02;27;78;44;6.65;2.04;2.16;2.2;1.25;1.04;1.06;890;78;174;68;257;79;512;78;279;79;26;44;3.1;1.9;7.1;2.8;1.6;203;4523;74;2834;79;80;74;1.4;0.3;13;5.1;115;6;25;100;0.05;0.02;0.3;8000;300;5;4.35;2.83;3.81;5.86;7.13;1.81;6.08;7.55;4.54;11.78;5.81;12.43;7.82;6.26;9.51;2.43;3.12;6.65;2.16;4.49;5.46;5.99;2.04;5.64;8.11;4.9;10.83;4.96;12.88;4.91;6.98;7.17;3.98;1;16.7;1.4;1.5;2.7;14.3;58.2
491;FE1970;Fourrage;ENSILAGES;Graminées Fourragères, Ray-Grass Anglais Brins courts avec conservateur 2e cycle après coupe épiaison Repousses feuillues de 7 semaines;19.9;1;0.97;25;75;39;6.7;2.05;2.15;2.1;1.27;1.07;1.1;893;76;166;68;268;77;523;75;291;76;26;43;3;1.8;6.4;2.6;1.6;203;4517;72;2743;79;80;72;1.4;0.3;13;5.1;115;6;25;100;0.05;0.02;0.3;8000;300;5;4.35;2.83;3.81;5.86;7.13;1.81;6.08;7.55;4.54;11.78;5.81;12.43;7.82;6.26;9.51;2.43;3.12;6.7;2.15;4.49;5.46;5.98;2.05;5.64;8.11;4.91;10.84;4.95;12.9;4.87;6.97;7.17;3.99;1;16.8;1.4;1.5;2.7;14.5;57.9
492;FE1980;Fourrage;ENSILAGES;Graminées Fourragères, Ray-Grass Anglais Brins courts avec conservateur 2e cycle après coupe épiaison Repousses feuillues de 8 semaines;22.1;0.95;0.91;22;72;25;6.77;2.07;2.13;2;1.32;1.08;1.13;894;73;148;66;273;73;528;71;296;71;24;41;2.8;1.7;4.6;1.8;1.6;203;4478;69;2620;78;78;69;1.4;0.3;13;5.1;115;6;25;100;0.05;0.02;0.3;8000;300;5;4.35;2.83;3.81;5.86;7.13;1.81;6.08;7.55;4.54;11.78;5.81;12.43;7.82;6.26;9.51;2.43;3.12;6.77;2.13;4.51;5.46;5.97;2.07;5.63;8.12;4.93;10.85;4.93;12.92;4.79;6.96;7.15;4;1;16.9;1.4;1.6;2.8;14.9;57
547;FE2530;Fourrage;ENSILAGES;Graminées Fourragères, Ray-Grass Anglais Préfané coupe fine 1er cycle, variétés précoces 1 semaine avant le début de l'épiaison;33.5;0.98;0.95;23;75;34;6.49;1.92;2.12;2.1;1.29;1.03;1.04;887;77;160;67;245;76;521;77;266;76;23;40;2.8;1.7;5.8;2.3;1.4;552;4349;73;2677;80;82;74;1.4;0.3;33;10.9;465;6;30;80;0.07;0.08;0.1;8000;300;5;3.27;2.81;3.6;6.17;7.48;1.33;6.47;9.62;5.41;10.28;5.36;9.91;7.9;6.26;11.91;2.22;3.12;6.49;2.12;4.48;5.54;6.06;1.92;5.77;8.67;5.16;10.59;4.8;12.33;4.81;6.97;7.46;3.99;1;18.1;1.4;1.9;2.8;15.4;55.6
548;FE2540;Fourrage;ENSILAGES;Graminées Fourragères, Ray-Grass Anglais Préfané coupe fine 1er cycle, variétés précoces Début épiaison;33.5;0.95;0.91;20;71;26;6.62;1.96;2.1;1.8;1.5;1.08;1.14;896;75;148;66;254;74;531;74;276;73;22;38;2.8;1.7;5.8;2.3;1.4;552;4367;71;2604;81;81;71;1.4;0.3;33;10.9;465;6;30;80;0.07;0.08;0.1;8000;300;5;3.27;2.81;3.6;6.17;7.48;1.33;6.47;9.62;5.41;10.28;5.36;9.91;7.9;6.26;11.91;2.22;3.12;6.62;2.1;4.5;5.54;6.03;1.96;5.75;8.63;5.16;10.63;4.78;12.41;4.71;6.96;7.42;4.01;1;18.1;1.4;2;2.9;15.6;55.1
549;FE2550;Fourrage;ENSILAGES;Graminées Fourragères, Ray-Grass Anglais Préfané coupe fine 1er cycle, variétés précoces Épiaison;33.5;0.9;0.85;17;67;11;6.75;1.99;2.07;1.7;1.6;1.1;1.18;899;72;129;64;278;71;557;71;301;69;20;37;2.6;1.6;5.8;2.3;1.4;517;4342;68;2482;80;80;67;1.4;0.3;28;7.6;429;6;30;80;0.07;0.08;0.1;8000;300;5;3.27;2.81;3.6;6.17;7.48;1.33;6.47;9.62;5.41;10.28;5.36;9.91;7.9;6.26;11.91;2.22;3.12;6.75;2.07;4.52;5.53;6;1.99;5.74;8.58;5.16;10.66;4.76;12.5;4.6;6.94;7.37;4.03;1;18.3;1.4;2;3;16;54.2
550;FE2560;Fourrage;ENSILAGES;Graminées Fourragères, Ray-Grass Anglais Préfané coupe fine 1er cycle, variétés précoces Fin épiaison;33.5;0.82;0.76;15;63;4;6.84;2.02;2.06;1.5;1.8;1.14;1.24;899;68;117;62;305;68;587;66;329;65;19;35;2.6;1.6;5.8;2.3;1.4;517;4317;64;2316;80;79;63;1.4;0.3;28;7.6;429;6;30;80;0.07;0.08;0.1;8000;300;5;3.27;2.81;3.6;6.17;7.48;1.33;6.47;9.62;5.41;10.28;5.36;9.91;7.9;6.26;11.91;2.22;3.12;6.84;2.06;4.54;5.52;5.99;2.02;5.72;8.55;5.16;10.69;4.74;12.56;4.52;6.93;7.33;4.05;1;18.3;1.4;2.1;3;16.3;53.5
551;FE2570;Fourrage;ENSILAGES;Graminées Fourragères, Ray-Grass Anglais Préfané coupe fine 1er cycle, variétés précoces Début floraison;33.5;0.76;0.68;14;60;6;6.87;2.03;2.05;1.3;2.11;1.19;1.35;898;65;115;61;324;66;608;63;349;63;18;35;2.3;1.4;5.8;2.3;1.4;517;4307;61;2155;81;79;61;1.4;0.3;28;7.6;429;6;30;80;0.07;0.08;0.1;8000;300;5;3.27;2.81;3.6;6.17;7.48;1.33;6.47;9.62;5.41;10.28;5.36;9.91;7.9;6.26;11.91;2.22;3.12;6.87;2.05;4.54;5.52;5.98;2.03;5.72;8.54;5.16;10.7;4.74;12.58;4.5;6.93;7.32;4.05;1;18.4;1.4;2.1;3;16.3;53.4
552;FE2580;Fourrage;ENSILAGES;Graminées Fourragères, Ray-Grass Anglais Préfané coupe fine 1er cycle, variétés tardives 1 semaine avant le début de l'épiaison;33.5;0.9;0.85;17;67;10;6.74;1.99;2.07;1.7;1.56;1.1;1.16;884;73;128;63;293;74;574;73;317;73;20;36;2.8;1.7;5.8;2.3;1.4;377;4270;69;2481;80;80;67;1.4;0.3;21;6.2;289;6;25;100;0.05;0.02;0.3;8000;300;5;3.27;2.81;3.6;6.17;7.48;1.33;6.47;9.62;5.41;10.28;5.36;9.91;7.9;6.26;11.91;2.22;3.12;6.74;2.07;4.52;5.53;6.01;1.99;5.74;8.58;5.16;10.66;4.76;12.5;4.6;6.94;7.37;4.03;1;18.3;1.4;2;3;16.1;54.1
553;FE2590;Fourrage;ENSILAGES;Graminées Fourragères, Ray-Grass Anglais Préfané coupe fine 1er cycle, variétés tardives Début épiaison;33.5;0.87;0.81;15;64;2;6.84;2.02;2.05;1.6;1.72;1.13;1.22;889;71;117;62;304;73;586;71;328;70;19;35;2.8;1.7;5.8;2.3;1.4;377;4270;67;2405;80;79;63;1.4;0.3;21;6.2;289;6;25;100;0.05;0.02;0.3;8000;300;5;3.27;2.81;3.6;6.17;7.48;1.33;6.47;9.62;5.41;10.28;5.36;9.91;7.9;6.26;11.91;2.22;3.12;6.84;2.05;4.54;5.52;5.99;2.02;5.72;8.55;5.16;10.69;4.74;12.56;4.52;6.93;7.33;4.05;1;18.4;1.4;2.1;3;16.3;53.5
554;FE2600;Fourrage;ENSILAGES;Graminées Fourragères, Ray-Grass Anglais Préfané coupe fine 1er cycle, variétés tardives Épiaison;33.5;0.82;0.76;12;61;-9;6.97;2.06;2.03;1.5;1.85;1.15;1.26;894;68;101;57;316;71;599;68;341;68;17;34;2.6;1.6;5.8;2.3;1.4;377;4261;65;2296;80;78;59;1.4;0.3;21;6.2;289;6;25;100;0.05;0.02;0.3;8000;300;5;3.27;2.81;3.6;6.17;7.48;1.33;6.47;9.62;5.41;10.28;5.36;9.91;7.9;6.26;11.91;2.22;3.12;6.97;2.03;4.56;5.52;5.96;2.06;5.71;8.5;5.15;10.73;4.72;12.64;4.42;6.92;7.29;4.07;1;18.5;1.4;2.1;3.1;16.6;52.6
555;FE2610;Fourrage;ENSILAGES;Graminées Fourragères, Ray-Grass Anglais Préfané coupe fine 1er cycle, variétés tardives Fin épiaison;33.5;0.77;0.7;11;58;-16;7.05;2.08;2.01;1.4;1.93;1.16;1.29;897;66;91;55;327;68;612;65;353;64;16;33;2.6;1.6;5.8;2.3;1.4;377;4253;62;2185;79;77;56;1.4;0.3;21;6.2;289;6;25;100;0.05;0.02;0.3;8000;300;5;3.27;2.81;3.6;6.17;7.48;1.33;6.47;9.62;5.41;10.28;5.36;9.91;7.9;6.26;11.91;2.22;3.12;7.05;2.01;4.57;5.51;5.94;2.08;5.7;8.47;5.15;10.75;4.71;12.69;4.35;6.91;7.26;4.08;1;18.6;1.4;2.2;3.2;16.8;52
556;FE2620;Fourrage;ENSILAGES;Graminées Fourragères, Ray-Grass Anglais Préfané coupe fine 2e cycle après coupe épiaison Repousses à tiges de 6 semaines;33.5;0.84;0.78;20;68;21;6.57;1.95;2.11;1.9;1.45;1.07;1.11;885;69;141;65;278;68;557;67;301;66;21;38;3;1.8;6.4;2.6;1.6;172;4303;66;2354;79;78;66;1.4;0.3;13;6.2;84;6;25;100;0.05;0.02;0.3;8000;300;5;3.27;2.81;3.6;6.17;7.48;1.33;6.47;9.62;5.41;10.28;5.36;9.91;7.9;6.26;11.91;2.22;3.12;6.57;2.11;4.5;5.54;6.04;1.95;5.76;8.64;5.16;10.62;4.79;12.39;4.75;6.96;7.43;4.01;1;18.2;1.4;2;2.9;15.8;54.7
557;FE2630;Fourrage;ENSILAGES;Graminées Fourragères, Ray-Grass Anglais Préfané coupe fine 2e cycle après coupe épiaison Repousses à tiges de 7 semaines;33.5;0.83;0.76;19;67;16;6.63;1.96;2.1;1.8;1.49;1.08;1.13;890;68;134;64;288;67;568;65;312;63;20;37;2.8;1.7;5.8;2.3;1.6;172;4310;64;2318;78;78;64;1.4;0.3;13;6.2;84;6;25;100;0.05;0.02;0.3;8000;300;5;3.27;2.81;3.6;6.17;7.48;1.33;6.47;9.62;5.41;10.28;5.36;9.91;7.9;6.26;11.91;2.22;3.12;6.63;2.1;4.51;5.53;6.03;1.96;5.75;8.62;5.16;10.63;4.78;12.42;4.7;6.95;7.41;4.02;1;18.2;1.4;2;2.9;15.9;54.4
558;FE2640;Fourrage;ENSILAGES;Graminées Fourragères, Ray-Grass Anglais Préfané coupe fine 2e cycle après coupe épiaison Repousses feuillues de 6 semaines;33.5;0.97;0.93;28;79;51;6.3;1.87;2.16;2.1;1.27;1.03;1.03;882;76;181;69;246;75;522;75;267;74;25;42;3.1;1.9;7.1;2.8;1.6;203;4371;72;2642;79;80;75;1.4;0.3;13;5.1;115;6;25;100;0.05;0.02;0.3;8000;300;5;3.27;2.81;3.6;6.17;7.48;1.33;6.47;9.62;5.41;10.28;5.36;9.91;7.9;6.26;11.91;2.22;3.12;6.3;2.16;4.45;5.55;6.1;1.87;5.79;8.74;5.16;10.54;4.83;12.21;4.97;6.99;7.53;3.96;1;18;1.4;1.9;2.7;15;56.4
559;FE2650;Fourrage;ENSILAGES;Graminées Fourragères, Ray-Grass Anglais Préfané coupe fine 2e cycle après coupe épiaison Repousses feuillues de 7 semaines;33.5;0.93;0.89;27;76;46;6.35;1.88;2.15;2;1.33;1.04;1.05;882;74;174;68;254;72;531;72;276;71;24;41;3;1.8;6.4;2.6;1.6;203;4356;70;2557;79;80;74;1.4;0.3;13;5.1;115;6;25;100;0.05;0.02;0.3;8000;300;5;3.27;2.81;3.6;6.17;7.48;1.33;6.47;9.62;5.41;10.28;5.36;9.91;7.9;6.26;11.91;2.22;3.12;6.35;2.15;4.46;5.55;6.09;1.88;5.78;8.72;5.16;10.55;4.82;12.24;4.93;6.99;7.52;3.97;1;18;1.4;1.9;2.7;15.1;56.2
560;FE2660;Fourrage;ENSILAGES;Graminées Fourragères, Ray-Grass Anglais Préfané coupe fine 2e cycle après coupe épiaison Repousses feuillues de 8 semaines;33.5;0.88;0.82;22;71;30;6.5;1.93;2.12;1.9;1.45;1.07;1.12;887;71;153;66;269;69;547;68;292;67;22;39;2.8;1.7;4.6;1.8;1.6;203;4335;67;2435;79;79;69;1.4;0.3;13;5.1;115;6;25;100;0.05;0.02;0.3;8000;300;5;3.27;2.81;3.6;6.17;7.48;1.33;6.47;9.62;5.41;10.28;5.36;9.91;7.9;6.26;11.91;2.22;3.12;6.5;2.12;4.49;5.54;6.05;1.93;5.76;8.67;5.16;10.6;4.8;12.34;4.8;6.97;7.46;4;1;18.1;1.4;2;2.8;15.6;55.3
561;FE2670;Fourrage;ENSILAGES;Graminées Fourragères, Ray-Grass Anglais Mi-fané > 50% MS, enrubanné 1er cycle, variétés précoces 1 semaine avant le début de l'épiaison;55;0.95;0.91;29;82;20;6.35;1.88;2.15;2;1.33;1.04;1.06;907;75;155;67;268;76;547;75;291;74;21;38;2.8;1.7;5.8;2.3;1.4;552;4317;72;2590;76;76;78;1.4;0.3;33;10.9;465;6;30;80;0.07;0.08;0.1;8000;300;5;3.27;2.81;3.6;6.17;7.48;1.33;6.47;9.62;5.41;10.28;5.36;9.91;7.9;6.26;11.91;2.22;3.12;6.35;2.15;4.46;5.55;6.09;1.88;5.78;8.72;5.16;10.55;4.82;12.24;4.93;6.99;7.51;3.97;1;18.1;1.4;1.9;2.8;17.2;53.8
562;FE2680;Fourrage;ENSILAGES;Graminées Fourragères, Ray-Grass Anglais Mi-fané > 50% MS, enrubanné 1er cycle, variétés précoces Début épiaison;55;0.91;0.87;26;79;12;6.44;1.91;2.13;1.9;1.42;1.09;1.15;912;73;143;66;276;73;555;73;299;72;20;36;2.8;1.7;5.8;2.3;1.4;552;4314;70;2520;76;75;75;1.4;0.3;33;10.9;465;6;30;80;0.07;0.08;0.1;8000;300;5;3.27;2.81;3.6;6.17;7.48;1.33;6.47;9.62;5.41;10.28;5.36;9.91;7.9;6.26;11.91;2.22;3.12;6.44;2.13;4.48;5.54;6.07;1.91;5.77;8.69;5.16;10.58;4.81;12.3;4.85;6.98;7.48;3.99;1;18.1;1.4;2;2.9;17.4;53.4
563;FE2690;Fourrage;ENSILAGES;Graminées Fourragères, Ray-Grass Anglais Mi-fané > 50% MS, enrubanné 1er cycle, variétés précoces Épiaison;55;0.87;0.81;21;74;-3;6.59;1.95;2.11;1.8;1.47;1.11;1.19;913;71;122;64;295;71;576;70;319;69;18;35;2.6;1.6;5.8;2.3;1.4;517;4281;67;2408;76;74;72;1.4;0.3;28;7.6;429;6;30;80;0.07;0.08;0.1;8000;300;5;3.27;2.81;3.6;6.17;7.48;1.33;6.47;9.62;5.41;10.28;5.36;9.91;7.9;6.26;11.91;2.22;3.12;6.59;2.11;4.5;5.54;6.04;1.95;5.75;8.64;5.16;10.62;4.78;12.39;4.73;6.96;7.43;4.01;1;18.3;1.4;2;3;17.8;52.4
564;FE2700;Fourrage;ENSILAGES;Graminées Fourragères, Ray-Grass Anglais Mi-fané > 50% MS, enrubanné 1er cycle, variétés précoces Fin épiaison;55;0.8;0.74;19;69;-11;6.68;1.98;2.09;1.7;1.55;1.15;1.27;913;67;109;62;317;68;600;66;342;65;17;33;2.6;1.6;5.8;2.3;1.4;517;4257;64;2263;75;73;69;1.4;0.3;28;7.6;429;6;30;80;0.07;0.08;0.1;8000;300;5;3.27;2.81;3.6;6.17;7.48;1.33;6.47;9.62;5.41;10.28;5.36;9.91;7.9;6.26;11.91;2.22;3.12;6.68;2.09;4.51;5.53;6.02;1.98;5.74;8.6;5.16;10.65;4.77;12.45;4.66;6.95;7.39;4.02;1;18.3;1.4;2.1;3;18;51.8
565;FE2710;Fourrage;ENSILAGES;Graminées Fourragères, Ray-Grass Anglais Mi-fané > 50% MS, enrubanné 1er cycle, variétés précoces Début floraison;55;0.74;0.67;18;67;-11;6.7;1.98;2.08;1.6;1.65;1.2;1.37;913;64;107;61;332;65;617;62;358;61;17;33;2.3;1.4;5.8;2.3;1.4;517;4250;60;2121;75;73;68;1.4;0.3;28;7.6;429;6;30;80;0.07;0.08;0.1;8000;300;5;3.27;2.81;3.6;6.17;7.48;1.33;6.47;9.62;5.41;10.28;5.36;9.91;7.9;6.26;11.91;2.22;3.12;6.7;2.08;4.52;5.53;6.02;1.98;5.74;8.6;5.16;10.65;4.77;12.46;4.64;6.95;7.39;4.02;1;18.4;1.4;2.1;3;18.1;51.7
566;FE2720;Fourrage;ENSILAGES;Graminées Fourragères, Ray-Grass Anglais Mi-fané > 50% MS, enrubanné 1er cycle, variétés précoces Floraison;56;0.69;0.6;17;64;-14;6.72;1.99;2.08;1.6;1.65;1.2;1.38;913;60;100;57;333;61;619;57;359;56;16;32;2.3;1.4;5.2;2.1;1.6;521;4237;57;1985;75;72;67;1.4;0.4;28;7.6;434;6;25;100;0.05;0.02;0.3;8000;300;5;3.27;2.81;3.6;6.17;7.48;1.33;6.47;9.62;5.41;10.28;5.36;9.91;7.9;6.26;11.91;2.22;3.12;6.72;2.08;4.52;5.53;6.01;1.99;5.74;8.59;5.16;10.66;4.76;12.48;4.63;6.94;7.38;4.03;1;18.4;1.4;2.1;3.1;18.2;51.4
567;FE2730;Fourrage;ENSILAGES;Graminées Fourragères, Ray-Grass Anglais Mi-fané > 50% MS, enrubanné 1er cycle, variétés tardives 1 semaine avant le début de l'épiaison;55;0.87;0.83;21;73;-5;6.6;1.95;2.1;1.9;1.45;1.11;1.18;905;72;120;63;307;74;589;72;332;72;18;34;2.8;1.7;5.8;2.3;1.4;377;4244;68;2423;75;74;71;1.4;0.3;21;6.2;289;6;25;100;0.05;0.02;0.3;8000;300;5;3.27;2.81;3.6;6.17;7.48;1.33;6.47;9.62;5.41;10.28;5.36;9.91;7.9;6.26;11.91;2.22;3.12;6.6;2.1;4.5;5.54;6.03;1.95;5.75;8.63;5.16;10.62;4.78;12.4;4.72;6.96;7.42;4.01;1;18.3;1.4;2;3;17.8;52.4
568;FE2740;Fourrage;ENSILAGES;Graminées Fourragères, Ray-Grass Anglais Mi-fané > 50% MS, enrubanné 1er cycle, variétés tardives Début épiaison;55;0.84;0.79;19;70;-14;6.7;1.98;2.08;1.8;1.52;1.14;1.24;908;70;108;62;316;72;599;70;341;70;17;33;2.8;1.7;5.8;2.3;1.4;377;4233;66;2353;75;73;69;1.4;0.3;21;6.2;289;6;25;100;0.05;0.02;0.3;8000;300;5;3.27;2.81;3.6;6.17;7.48;1.33;6.47;9.62;5.41;10.28;5.36;9.91;7.9;6.26;11.91;2.22;3.12;6.7;2.08;4.52;5.53;6.01;1.98;5.74;8.6;5.16;10.65;4.77;12.47;4.64;6.95;7.38;4.03;1;18.4;1.4;2.1;3;18;51.8
569;FE2750;Fourrage;ENSILAGES;Graminées Fourragères, Ray-Grass Anglais Mi-fané > 50% MS, enrubanné 1er cycle, variétés tardives Épiaison;55;0.8;0.74;15;66;-25;6.84;2.02;2.05;1.7;1.56;1.16;1.29;911;67;92;57;326;69;610;66;351;66;15;32;2.6;1.6;5.8;2.3;1.4;377;4213;64;2250;74;72;65;1.4;0.3;21;6.2;289;6;25;100;0.05;0.02;0.3;8000;300;5;3.27;2.81;3.6;6.17;7.48;1.33;6.47;9.62;5.41;10.28;5.36;9.91;7.9;6.26;11.91;2.22;3.12;6.84;2.05;4.54;5.52;5.99;2.02;5.72;8.55;5.16;10.69;4.74;12.56;4.52;6.93;7.33;4.05;1;18.5;1.4;2.1;3.1;18.3;50.9
570;FE2760;Fourrage;ENSILAGES;Graminées Fourragères, Ray-Grass Anglais Mi-fané > 50% MS, enrubanné 1er cycle, variétés tardives Fin épiaison;55;0.76;0.69;13;63;-32;6.94;2.05;2.04;1.7;1.59;1.18;1.32;912;65;81;55;335;67;620;63;361;63;14;31;2.6;1.6;5.8;2.3;1.4;377;4199;61;2147;74;71;62;1.4;0.3;21;6.2;289;6;25;100;0.05;0.02;0.3;8000;300;5;3.27;2.81;3.6;6.17;7.48;1.33;6.47;9.62;5.41;10.28;5.36;9.91;7.9;6.26;11.91;2.22;3.12;6.94;2.04;4.55;5.52;5.97;2.05;5.71;8.51;5.15;10.72;4.73;12.62;4.44;6.92;7.3;4.06;1;18.6;1.4;2.2;3.2;18.6;50.3
571;FE2770;Fourrage;ENSILAGES;Graminées Fourragères, Ray-Grass Anglais Mi-fané > 50% MS, enrubanné 1er cycle, variétés tardives Début floraison;55;0.73;0.66;13;62;-33;6.95;2.05;2.03;1.7;1.6;1.18;1.34;916;63;79;54;344;65;631;61;371;61;14;31;2.3;1.4;5.8;2.3;1.4;377;4212;59;2088;74;71;61;1.4;0.3;21;6.2;289;6;25;100;0.05;0.02;0.3;8000;300;5;3.27;2.81;3.6;6.17;7.48;1.33;6.47;9.62;5.41;10.28;5.36;9.91;7.9;6.26;11.91;2.22;3.12;6.95;2.03;4.56;5.52;5.96;2.05;5.71;8.51;5.15;10.72;4.73;12.63;4.43;6.92;7.29;4.06;1;18.6;1.4;2.2;3.2;18.6;50.2
572;FE2780;Fourrage;ENSILAGES;Graminées Fourragères, Ray-Grass Anglais Mi-fané > 50% MS, enrubanné 2e cycle après coupe épiaison Repousses à tiges de 6 semaines;55;0.82;0.76;25;75;7;6.43;1.9;2.14;1.9;1.39;1.08;1.13;905;68;135;65;295;67;576;66;319;64;19;36;3;1.8;6.4;2.6;1.6;172;4274;65;2300;74;72;71;1.4;0.3;13;6.2;84;6;25;100;0.05;0.02;0.3;8000;300;5;3.27;2.81;3.6;6.17;7.48;1.33;6.47;9.62;5.41;10.28;5.36;9.91;7.9;6.26;11.91;2.22;3.12;6.43;2.14;4.47;5.54;6.07;1.9;5.77;8.7;5.16;10.58;4.81;12.29;4.87;6.98;7.49;3.98;1;18.2;1.4;2;2.9;17.5;53
573;FE2790;Fourrage;ENSILAGES;Graminées Fourragères, Ray-Grass Anglais Mi-fané > 50% MS, enrubanné 2e cycle après coupe épiaison Repousses à tiges de 7 semaines;55;0.81;0.74;23;73;1;6.49;1.92;2.12;1.9;1.42;1.09;1.15;908;67;127;64;303;67;585;65;328;64;18;35;2.8;1.7;5.8;2.3;1.6;172;4270;64;2267;74;72;69;1.4;0.3;13;6.2;84;6;25;100;0.05;0.02;0.3;8000;300;5;3.27;2.81;3.6;6.17;7.48;1.33;6.47;9.62;5.41;10.28;5.36;9.91;7.9;6.26;11.91;2.22;3.12;6.49;2.12;4.48;5.54;6.06;1.92;5.77;8.67;5.16;10.59;4.8;12.33;4.81;6.97;7.46;3.99;1;18.2;1.4;2;2.9;17.7;52.7
574;FE2800;Fourrage;ENSILAGES;Graminées Fourragères, Ray-Grass Anglais Mi-fané > 50% MS, enrubanné 2e cycle après coupe épiaison Repousses feuillues de 6 semaines;55;0.93;0.89;35;87;37;6.15;1.83;2.19;2.1;1.31;1.03;1.04;904;74;178;69;269;74;547;74;292;73;23;40;3.1;1.9;7.1;2.8;1.6;203;4349;71;2562;75;75;79;1.4;0.3;13;5.1;115;6;25;100;0.05;0.02;0.3;8000;300;5;3.27;2.81;3.6;6.17;7.48;1.33;6.47;9.62;5.41;10.28;5.36;9.91;7.9;6.26;11.91;2.22;3.12;6.15;2.19;4.43;5.56;6.13;1.83;5.81;8.8;5.16;10.5;4.85;12.11;5.1;7.01;7.59;3.94;1;18;1.4;1.9;2.7;16.7;54.7
575;FE2810;Fourrage;ENSILAGES;Graminées Fourragères, Ray-Grass Anglais Mi-fané > 50% MS, enrubanné 2e cycle après coupe épiaison Repousses feuillues de 7 semaines;55;0.9;0.85;33;85;33;6.19;1.84;2.19;2;1.34;1.05;1.07;904;73;170;68;276;72;555;71;299;70;22;39;3;1.8;6.4;2.6;1.6;203;4335;69;2487;75;74;77;1.4;0.3;13;5.1;115;6;25;100;0.05;0.02;0.3;8000;300;5;3.27;2.81;3.6;6.17;7.48;1.33;6.47;9.62;5.41;10.28;5.36;9.91;7.9;6.26;11.91;2.22;3.12;6.19;2.19;4.44;5.56;6.12;1.84;5.8;8.78;5.16;10.51;4.85;12.14;5.06;7;7.57;3.95;1;18;1.4;1.9;2.7;16.9;54.5
576;FE2820;Fourrage;ENSILAGES;Graminées Fourragères, Ray-Grass Anglais Mi-fané > 50% MS, enrubanné 2e cycle après coupe épiaison Repousses feuillues de 8 semaines;55;0.85;0.79;27;79;15;6.35;1.88;2.15;1.9;1.4;1.08;1.13;907;70;147;66;288;69;568;68;312;67;20;37;2.8;1.7;4.6;1.8;1.6;203;4302;66;2375;75;73;73;1.4;0.3;13;5.1;115;6;25;100;0.05;0.02;0.3;8000;300;5;3.27;2.81;3.6;6.17;7.48;1.33;6.47;9.62;5.41;10.28;5.36;9.91;7.9;6.26;11.91;2.22;3.12;6.35;2.15;4.46;5.55;6.09;1.88;5.78;8.72;5.16;10.55;4.82;12.24;4.93;6.99;7.51;3.97;1;18.1;1.4;2;2.8;17.3;53.5
577;FE2830;Fourrage;ENSILAGES;Graminées Fourragères, Fétuque Elevée Brins courts sans conservateur 1er cycle 1 semaine avant le début de l'épiaison;20.4;0.88;0.83;17;61;33;7.45;2.17;1.99;2;1.37;1.18;1.29;869;70;142;67;274;68;536;66;303;66;23;40;2.8;1.7;3.4;1.3;1.4;421;4396;66;2455;82;84;66;2.4;0.3;28;11;271;6;25;100;0.05;0.02;0.3;8000;300;5;6.52;2.38;5.86;5.42;5.95;2.08;4.34;9.43;6.06;11.19;5.08;12.77;5.19;6.3;7.86;3.58;3.12;7.45;1.99;4.8;5.39;5.72;2.17;5.17;8.57;5.3;10.79;4.7;13.05;4.04;6.96;6.96;4.11;1;16.9;1.4;1.6;2.9;15;56.8
578;FE2840;Fourrage;ENSILAGES;Graminées Fourragères, Fétuque Elevée Brins courts sans conservateur 1er cycle Début épiaison;20.6;0.85;0.79;15;60;25;7.47;2.18;1.98;1.9;1.39;1.18;1.31;874;69;132;66;289;68;551;66;319;66;22;39;2.6;1.6;3.4;1.3;1.4;421;4394;65;2388;82;83;64;2.4;0.3;28;11;271;6;25;100;0.05;0.02;0.3;8000;300;5;6.52;2.38;5.86;5.42;5.95;2.08;4.34;9.43;6.06;11.19;5.08;12.77;5.19;6.3;7.86;3.58;3.12;7.47;1.98;4.8;5.39;5.73;2.18;5.19;8.55;5.29;10.8;4.7;13.06;4.03;6.96;6.96;4.12;1;17;1.4;1.6;2.9;15.2;56.3
579;FE2850;Fourrage;ENSILAGES;Graminées Fourragères, Fétuque Elevée Brins courts sans conservateur 1er cycle Épiaison;21.5;0.81;0.74;14;57;15;7.5;2.19;1.97;1.9;1.43;1.19;1.33;881;66;119;64;306;64;569;61;336;61;21;38;2.6;1.6;3.4;1.3;1.8;337;4395;62;2279;81;82;61;2.4;0.3;21;7.6;187;6;25;100;0.05;0.02;0.3;8000;300;5;6.52;2.38;5.86;5.42;5.95;2.08;4.34;9.43;6.06;11.19;5.08;12.77;5.19;6.3;7.86;3.58;3.12;7.5;1.97;4.79;5.4;5.73;2.19;5.22;8.52;5.28;10.81;4.69;13.07;4;6.95;6.96;4.12;1;17.1;1.4;1.7;3;15.5;55.5
580;FE2860;Fourrage;ENSILAGES;Graminées Fourragères, Fétuque Elevée Brins courts sans conservateur 1er cycle Fin épiaison;21.5;0.79;0.71;12;55;9;7.52;2.19;1.97;1.8;1.48;1.23;1.4;880;65;111;62;313;65;576;61;343;62;20;37;2.3;1.4;3.4;1.3;1.8;337;4371;61;2234;81;82;59;2.4;0.3;21;7.6;187;6;25;100;0.05;0.02;0.3;8000;300;5;6.52;2.38;5.86;5.42;5.95;2.08;4.34;9.43;6.06;11.19;5.08;12.77;5.19;6.3;7.86;3.58;3.12;7.52;1.97;4.78;5.4;5.74;2.19;5.25;8.5;5.27;10.82;4.68;13.08;3.99;6.94;6.97;4.13;1;17.1;1.4;1.7;3;15.7;55.1
581;FE2870;Fourrage;ENSILAGES;Graminées Fourragères, Fétuque Elevée Brins courts sans conservateur 1er cycle Début floraison;21.2;0.71;0.62;12;53;11;7.51;2.19;1.97;1.8;1.54;1.28;1.5;883;60;110;62;328;60;591;55;359;56;20;37;2.3;1.4;3.4;1.3;1.8;337;4383;56;2046;82;82;58;2.4;0.3;21;7.6;187;6;25;100;0.05;0.02;0.3;8000;300;5;6.52;2.38;5.86;5.42;5.95;2.08;4.34;9.43;6.06;11.19;5.08;12.77;5.19;6.3;7.86;3.58;3.12;7.51;1.97;4.78;5.4;5.73;2.19;5.24;8.5;5.28;10.82;4.68;13.07;3.99;6.94;6.97;4.13;1;17.2;1.4;1.7;3.1;15.7;55
582;FE2880;Fourrage;ENSILAGES;Graminées Fourragères, Fétuque Elevée Brins courts sans conservateur 2e cycle après déprimage Repousses à tiges de 5 semaines;20.4;0.83;0.77;16;60;30;7.45;2.17;1.99;1.9;1.46;1.23;1.4;846;68;139;67;287;68;549;65;317;66;23;40;3;1.8;4.6;1.8;1.8;337;4281;65;2317;81;81;61;2.4;0.3;21;7.6;187;6;25;100;0.05;0.02;0.3;8000;300;5;6.52;2.38;5.86;5.42;5.95;2.08;4.34;9.43;6.06;11.19;5.08;12.77;5.19;6.3;7.86;3.58;3.12;7.45;1.99;4.8;5.39;5.72;2.17;5.16;8.57;5.3;10.79;4.7;13.05;4.05;6.97;6.96;4.11;1;16.9;1.4;1.6;2.9;15.1;56.6
583;FE2890;Fourrage;ENSILAGES;Graminées Fourragères, Fétuque Elevée Brins courts sans conservateur 2e cycle après coupe épiaison Repousses feuillues de 6 semaines;20.6;0.88;0.83;18;63;36;7.42;2.16;2;2;1.35;1.16;1.26;866;70;149;68;282;70;544;68;311;69;24;41;3.1;1.9;5.2;2.1;1.8;337;4399;67;2460;81;82;64;2.4;0.3;21;7.6;187;6;25;100;0.05;0.02;0.3;8000;300;5;6.52;2.38;5.86;5.42;5.95;2.08;4.34;9.43;6.06;11.19;5.08;12.77;5.19;6.3;7.86;3.58;3.12;7.42;2;4.81;5.38;5.72;2.16;5.13;8.6;5.31;10.78;4.71;13.04;4.07;6.98;6.96;4.11;1;16.9;1.4;1.6;2.8;14.9;57.1
584;FE2900;Fourrage;ENSILAGES;Graminées Fourragères, Fétuque Elevée Brins courts sans conservateur 2e cycle après coupe épiaison Repousses feuillues de 7 semaines;21.9;0.84;0.77;17;61;28;7.44;2.17;1.99;2;1.38;1.15;1.26;870;68;138;67;288;67;550;64;318;64;23;40;3;1.8;4.6;1.8;1.5;567;4391;64;2348;80;81;62;2;0.7;33;11;442;7;30;80;0.07;0.08;0.3;8000;300;5;6.52;2.38;5.86;5.42;5.95;2.08;4.34;9.43;6.06;11.19;5.08;12.77;5.19;6.3;7.86;3.58;3.12;7.44;1.99;4.81;5.39;5.72;2.17;5.15;8.58;5.31;10.79;4.71;13.05;4.06;6.97;6.96;4.11;1;17;1.4;1.6;2.9;15.1;56.5
585;FE2910;Fourrage;ENSILAGES;Graminées Fourragères, Fétuque Elevée Brins courts avec conservateur 1er cycle 1 semaine avant le début de l'épiaison;20.4;0.87;0.82;20;68;25;7.41;2.16;2.01;2.1;1.31;1.09;1.15;869;70;142;66;274;68;536;66;303;66;23;40;2.8;1.7;3.4;1.3;1.4;421;4348;66;2430;80;80;71;2.4;0.3;28;11;271;6;25;100;0.05;0.02;0.3;8000;300;5;6.52;2.38;5.86;5.42;5.95;2.08;4.34;9.43;6.06;11.19;5.08;12.77;5.19;6.3;7.86;3.58;3.12;7.41;2.01;4.82;5.38;5.72;2.16;5.12;8.61;5.32;10.77;4.72;13.03;4.08;6.98;6.96;4.1;1;16.9;1.4;1.6;2.9;15;56.8
586;FE2920;Fourrage;ENSILAGES;Graminées Fourragères, Fétuque Elevée Brins courts avec conservateur 1er cycle Début épiaison;20.6;0.84;0.78;19;66;17;7.43;2.17;2;2;1.33;1.1;1.16;874;69;132;64;289;68;551;66;319;66;22;39;2.6;1.6;3.4;1.3;1.4;421;4346;65;2363;79;80;69;2.4;0.3;28;11;271;6;25;100;0.05;0.02;0.3;8000;300;5;6.52;2.38;5.86;5.42;5.95;2.08;4.34;9.43;6.06;11.19;5.08;12.77;5.19;6.3;7.86;3.58;3.12;7.43;2;4.81;5.38;5.72;2.17;5.14;8.59;5.31;10.78;4.71;13.04;4.06;6.97;6.96;4.11;1;17;1.4;1.6;2.9;15.2;56.3
587;FE2930;Fourrage;ENSILAGES;Graminées Fourragères, Fétuque Elevée Brins courts avec conservateur 1er cycle Épiaison;21.5;0.8;0.73;17;63;7;7.46;2.17;1.99;2;1.36;1.11;1.19;881;66;119;62;306;64;569;61;336;61;21;38;2.6;1.6;3.4;1.3;1.8;337;4347;62;2255;79;79;66;2.4;0.3;21;7.6;187;6;25;100;0.05;0.02;0.3;8000;300;5;6.52;2.38;5.86;5.42;5.95;2.08;4.34;9.43;6.06;11.19;5.08;12.77;5.19;6.3;7.86;3.58;3.12;7.46;1.99;4.8;5.39;5.72;2.17;5.17;8.56;5.3;10.79;4.7;13.05;4.04;6.96;6.96;4.12;1;17.1;1.4;1.7;3;15.5;55.5
588;FE2940;Fourrage;ENSILAGES;Graminées Fourragères, Fétuque Elevée Brins courts avec conservateur 1er cycle Fin épiaison;21.5;0.78;0.71;15;61;1;7.48;2.18;1.98;1.9;1.41;1.14;1.26;880;65;111;60;313;65;576;61;343;62;20;37;2.3;1.4;3.4;1.3;1.8;337;4323;61;2210;79;78;64;2.4;0.3;21;7.6;187;6;25;100;0.05;0.02;0.3;8000;300;5;6.52;2.38;5.86;5.42;5.95;2.08;4.34;9.43;6.06;11.19;5.08;12.77;5.19;6.3;7.86;3.58;3.12;7.48;1.98;4.79;5.39;5.73;2.18;5.2;8.54;5.29;10.8;4.69;13.06;4.02;6.95;6.96;4.12;1;17.1;1.4;1.7;3;15.7;55.1
589;FE2950;Fourrage;ENSILAGES;Graminées Fourragères, Fétuque Elevée Brins courts avec conservateur 1er cycle Début floraison;21.2;0.7;0.62;15;59;4;7.47;2.18;1.98;1.9;1.46;1.19;1.34;883;60;110;60;328;60;591;55;359;56;20;37;2.3;1.4;3.4;1.3;1.8;337;4334;56;2025;79;78;64;2.4;0.3;21;7.6;187;6;25;100;0.05;0.02;0.3;8000;300;5;6.52;2.38;5.86;5.42;5.95;2.08;4.34;9.43;6.06;11.19;5.08;12.77;5.19;6.3;7.86;3.58;3.12;7.47;1.98;4.8;5.39;5.73;2.18;5.2;8.54;5.29;10.8;4.7;13.06;4.02;6.96;6.96;4.12;1;17.2;1.4;1.7;3.1;15.7;55
590;FE2960;Fourrage;ENSILAGES;Graminées Fourragères, Fétuque Elevée Brins courts avec conservateur 2e cycle après déprimage Repousses à tiges de 5 semaines;20.4;0.82;0.76;20;66;23;7.41;2.16;2.01;1.9;1.39;1.14;1.24;846;68;139;66;287;68;549;65;317;66;23;40;3;1.8;4.6;1.8;1.8;337;4235;65;2293;78;78;66;2.4;0.3;21;7.6;187;6;25;100;0.05;0.02;0.3;8000;300;5;6.52;2.38;5.86;5.42;5.95;2.08;4.34;9.43;6.06;11.19;5.08;12.77;5.19;6.3;7.86;3.58;3.12;7.41;2.01;4.82;5.38;5.72;2.16;5.12;8.61;5.32;10.77;4.72;13.03;4.09;6.98;6.96;4.1;1;16.9;1.4;1.6;2.9;15.1;56.6
591;FE2970;Fourrage;ENSILAGES;Graminées Fourragères, Fétuque Elevée Brins courts avec conservateur 2e cycle après coupe épiaison Repousses feuillues de 6 semaines;20.6;0.87;0.82;22;70;28;7.38;2.15;2.02;2.1;1.29;1.08;1.12;866;70;149;66;282;70;544;68;311;69;24;41;3.1;1.9;5.2;2.1;1.8;337;4351;67;2434;78;79;69;2.4;0.3;21;7.6;187;6;25;100;0.05;0.02;0.3;8000;300;5;6.52;2.38;5.86;5.42;5.95;2.08;4.34;9.43;6.06;11.19;5.08;12.77;5.19;6.3;7.86;3.58;3.12;7.38;2.02;4.82;5.37;5.71;2.15;5.08;8.64;5.33;10.76;4.72;13.02;4.11;6.99;6.96;4.1;1;16.9;1.4;1.6;2.8;14.9;57.1
592;FE2980;Fourrage;ENSILAGES;Graminées Fourragères, Fétuque Elevée Brins courts avec conservateur 2e cycle après coupe épiaison Repousses feuillues de 7 semaines;21.9;0.83;0.76;21;67;20;7.4;2.16;2.01;2;1.32;1.08;1.13;870;68;138;65;288;67;550;64;318;64;23;40;3;1.8;4.6;1.8;1.5;567;4343;64;2324;78;78;67;2;0.7;33;11;442;7;30;80;0.07;0.08;0.3;8000;300;5;6.52;2.38;5.86;5.42;5.95;2.08;4.34;9.43;6.06;11.19;5.08;12.77;5.19;6.3;7.86;3.58;3.12;7.4;2.01;4.82;5.38;5.72;2.16;5.11;8.62;5.32;10.77;4.72;13.03;4.09;6.98;6.96;4.1;1;17;1.4;1.6;2.9;15.1;56.5
623;FE3290;Fourrage;ENSILAGES;Graminées Fourragères, Fétuque Elevée Préfané coupe fine 1er cycle 1 semaine avant le début de l'épiaison;33.5;0.81;0.75;20;67;31;7.41;2.16;2.01;1.9;1.43;1.07;1.11;863;68;147;66;264;63;549;64;293;61;22;38;2.8;1.7;3.4;1.3;1.4;421;4215;64;2264;80;81;71;2.4;0.3;28;11;271;6;25;100;0.05;0.02;0.3;8000;300;5;6.52;2.38;5.86;5.42;5.95;2.08;4.34;9.43;6.06;11.19;5.08;12.77;5.19;6.3;7.86;3.58;3.12;7.41;2.01;4.82;5.38;5.72;2.16;5.12;8.61;5.32;10.77;4.72;13.03;4.08;6.98;6.96;4.1;1;18.1;1.4;2;2.9;15.7;55
624;FE3300;Fourrage;ENSILAGES;Graminées Fourragères, Fétuque Elevée Préfané coupe fine 1er cycle Début épiaison;33.5;0.78;0.71;19;65;23;7.43;2.17;2;1.8;1.48;1.08;1.13;868;67;137;65;283;64;570;64;312;62;21;37;2.6;1.6;3.4;1.3;1.4;421;4216;63;2198;80;80;69;2.4;0.3;28;11;271;6;25;100;0.05;0.02;0.3;8000;300;5;6.52;2.38;5.86;5.42;5.95;2.08;4.34;9.43;6.06;11.19;5.08;12.77;5.19;6.3;7.86;3.58;3.12;7.43;2;4.81;5.38;5.72;2.17;5.14;8.59;5.31;10.78;4.71;13.04;4.06;6.97;6.96;4.11;1;18.2;1.4;2;2.9;15.9;54.5
625;FE3310;Fourrage;ENSILAGES;Graminées Fourragères, Fétuque Elevée Préfané coupe fine 1er cycle Épiaison;33.5;0.73;0.66;16;62;12;7.47;2.18;1.98;1.7;1.58;1.1;1.17;876;64;122;62;307;62;596;59;337;58;19;36;2.6;1.6;3.4;1.3;1.8;337;4221;60;2090;80;79;65;2.4;0.3;21;7.6;187;6;25;100;0.05;0.02;0.3;8000;300;5;6.52;2.38;5.86;5.42;5.95;2.08;4.34;9.43;6.06;11.19;5.08;12.77;5.19;6.3;7.86;3.58;3.12;7.47;1.98;4.8;5.39;5.73;2.18;5.19;8.55;5.3;10.8;4.7;13.06;4.03;6.96;6.96;4.12;1;18.3;1.4;2.1;3;16.2;53.8
626;FE3320;Fourrage;ENSILAGES;Graminées Fourragères, Fétuque Elevée Préfané coupe fine 1er cycle Fin épiaison;33.5;0.71;0.64;14;60;6;7.49;2.19;1.98;1.5;1.76;1.13;1.23;875;63;114;61;315;63;605;60;345;59;18;35;2.3;1.4;3.4;1.3;1.8;337;4200;59;2043;80;79;63;2.4;0.3;21;7.6;187;6;25;100;0.05;0.02;0.3;8000;300;5;6.52;2.38;5.86;5.42;5.95;2.08;4.34;9.43;6.06;11.19;5.08;12.77;5.19;6.3;7.86;3.58;3.12;7.49;1.98;4.79;5.4;5.73;2.19;5.22;8.52;5.28;10.81;4.69;13.07;4.01;6.95;6.96;4.12;1;18.4;1.4;2.1;3;16.3;53.4
627;FE3330;Fourrage;ENSILAGES;Graminées Fourragères, Fétuque Elevée Préfané coupe fine 1er cycle Début floraison;33.5;0.64;0.55;13;57;8;7.5;2.19;1.97;1.4;1.97;1.17;1.31;877;58;112;61;332;58;624;54;363;53;18;35;2.3;1.4;3.4;1.3;1.8;337;4206;54;1858;80;79;61;2.4;0.3;21;7.6;187;6;25;100;0.05;0.02;0.3;8000;300;5;6.52;2.38;5.86;5.42;5.95;2.08;4.34;9.43;6.06;11.19;5.08;12.77;5.19;6.3;7.86;3.58;3.12;7.5;1.97;4.79;5.4;5.73;2.19;5.22;8.52;5.28;10.81;4.69;13.07;4;6.95;6.96;4.12;1;18.4;1.4;2.1;3.1;16.4;53.3
628;FE3340;Fourrage;ENSILAGES;Graminées Fourragères, Fétuque Elevée Préfané coupe fine 2e cycle après déprimage Repousses à tiges de 5 semaines;33.5;0.75;0.69;19;65;29;7.41;2.16;2;1.6;1.67;1.12;1.2;844;67;144;66;279;64;565;63;308;61;21;38;3;1.8;4.6;1.8;1.8;337;4121;63;2135;79;78;66;2.4;0.3;21;7.6;187;6;25;100;0.05;0.02;0.3;8000;300;5;6.52;2.38;5.86;5.42;5.95;2.08;4.34;9.43;6.06;11.19;5.08;12.77;5.19;6.3;7.86;3.58;3.12;7.41;2;4.81;5.38;5.72;2.16;5.12;8.61;5.32;10.77;4.71;13.04;4.08;6.98;6.96;4.11;1;18.2;1.4;2;2.9;15.7;54.9
629;FE3350;Fourrage;ENSILAGES;Graminées Fourragères, Fétuque Elevée Préfané coupe fine 2e cycle après coupe épiaison Repousses feuillues de 6 semaines;33.5;0.81;0.75;23;70;35;7.37;2.15;2.02;2;1.38;1.06;1.08;861;68;155;67;274;66;560;66;303;64;22;39;3.1;1.9;5.2;2.1;1.8;337;4222;65;2270;79;79;69;2.4;0.3;21;7.6;187;6;25;100;0.05;0.02;0.3;8000;300;5;6.52;2.38;5.86;5.42;5.95;2.08;4.34;9.43;6.06;11.19;5.08;12.77;5.19;6.3;7.86;3.58;3.12;7.37;2.02;4.83;5.37;5.71;2.15;5.08;8.65;5.34;10.76;4.73;13.02;4.12;7;6.96;4.1;1;18.1;1.4;2;2.8;15.5;55.4
630;FE3360;Fourrage;ENSILAGES;Graminées Fourragères, Fétuque Elevée Préfané coupe fine 2e cycle après coupe épiaison Repousses feuillues de 7 semaines;33.5;0.76;0.69;20;66;25;7.41;2.16;2.01;1.9;1.46;1.07;1.12;867;66;141;65;286;63;573;62;315;60;21;38;3;1.8;4.6;1.8;1.5;567;4221;62;2162;79;78;66;2;0.7;33;11;442;7;30;80;0.07;0.08;0.3;8000;300;5;6.52;2.38;5.86;5.42;5.95;2.08;4.34;9.43;6.06;11.19;5.08;12.77;5.19;6.3;7.86;3.58;3.12;7.41;2.01;4.82;5.38;5.72;2.16;5.12;8.61;5.32;10.77;4.72;13.03;4.08;6.98;6.96;4.1;1;18.2;1.4;2;2.9;15.8;54.7
631;FE3370;Fourrage;ENSILAGES;Graminées Fourragères, Fétuque Elevée Mi-fané > 50% MS, enrubanné 1er cycle 1 semaine avant le début de l'épiaison;55;0.8;0.73;26;75;16;7.36;2.14;2.02;1.9;1.39;1.07;1.11;894;67;142;66;284;65;570;64;313;62;20;36;2.8;1.7;3.4;1.3;1.4;421;4238;64;2244;76;75;75;2.4;0.3;28;11;271;6;25;100;0.05;0.02;0.3;8000;300;5;6.52;2.38;5.86;5.42;5.95;2.08;4.34;9.43;6.06;11.19;5.08;12.77;5.19;6.3;7.86;3.58;3.12;7.36;2.02;4.83;5.37;5.71;2.14;5.06;8.66;5.34;10.75;4.73;13.01;4.13;7;6.96;4.09;1;18.1;1.4;2;2.9;17.4;53.3
632;FE3380;Fourrage;ENSILAGES;Graminées Fourragères, Fétuque Elevée Mi-fané > 50% MS, enrubanné 1er cycle Début épiaison;55;0.77;0.7;23;72;8;7.38;2.15;2.01;1.9;1.41;1.09;1.14;896;65;131;65;299;64;587;62;329;61;19;35;2.6;1.6;3.4;1.3;1.4;421;4227;62;2176;76;75;73;2.4;0.3;28;11;271;6;25;100;0.05;0.02;0.3;8000;300;5;6.52;2.38;5.86;5.42;5.95;2.08;4.34;9.43;6.06;11.19;5.08;12.77;5.19;6.3;7.86;3.58;3.12;7.38;2.01;4.82;5.37;5.71;2.15;5.09;8.64;5.33;10.76;4.72;13.02;4.11;6.99;6.96;4.1;1;18.2;1.4;2;2.9;17.6;52.8
633;FE3390;Fourrage;ENSILAGES;Graminées Fourragères, Fétuque Elevée Mi-fané > 50% MS, enrubanné 1er cycle Épiaison;55;0.73;0.65;20;68;-4;7.42;2.16;2;1.8;1.46;1.11;1.18;901;63;114;62;318;63;609;60;349;59;17;34;2.6;1.6;3.4;1.3;1.8;337;4213;59;2076;75;73;70;2.4;0.3;21;7.6;187;6;25;100;0.05;0.02;0.3;8000;300;5;6.52;2.38;5.86;5.42;5.95;2.08;4.34;9.43;6.06;11.19;5.08;12.77;5.19;6.3;7.86;3.58;3.12;7.42;2;4.81;5.38;5.72;2.16;5.13;8.6;5.31;10.78;4.71;13.04;4.07;6.98;6.96;4.11;1;18.3;1.4;2.1;3;17.9;52
634;FE3400;Fourrage;ENSILAGES;Graminées Fourragères, Fétuque Elevée Mi-fané > 50% MS, enrubanné 1er cycle Fin épiaison;55;0.71;0.63;18;66;-10;7.45;2.17;1.99;1.8;1.53;1.15;1.26;900;62;106;61;325;62;616;59;356;58;17;33;2.3;1.4;3.4;1.3;1.8;337;4195;58;2035;75;73;68;2.4;0.3;21;7.6;187;6;25;100;0.05;0.02;0.3;8000;300;5;6.52;2.38;5.86;5.42;5.95;2.08;4.34;9.43;6.06;11.19;5.08;12.77;5.19;6.3;7.86;3.58;3.12;7.45;1.99;4.8;5.39;5.72;2.17;5.16;8.57;5.3;10.79;4.7;13.05;4.05;6.97;6.96;4.11;1;18.4;1.4;2.1;3;18.1;51.6
635;FE3410;Fourrage;ENSILAGES;Graminées Fourragères, Fétuque Elevée Mi-fané > 50% MS, enrubanné 1er cycle Début floraison;55;0.64;0.55;17;63;-8;7.45;2.17;1.99;1.7;1.6;1.18;1.32;901;57;104;61;339;58;631;54;370;53;16;33;2.3;1.4;3.4;1.3;1.8;337;4196;54;1867;75;73;67;2.4;0.3;21;7.6;187;6;25;100;0.05;0.02;0.3;8000;300;5;6.52;2.38;5.86;5.42;5.95;2.08;4.34;9.43;6.06;11.19;5.08;12.77;5.19;6.3;7.86;3.58;3.12;7.45;1.99;4.8;5.39;5.72;2.17;5.16;8.57;5.3;10.79;4.7;13.05;4.05;6.97;6.96;4.11;1;18.4;1.4;2.1;3.1;18.1;51.5
636;FE3420;Fourrage;ENSILAGES;Graminées Fourragères, Fétuque Elevée Mi-fané > 50% MS, enrubanné 1er cycle Floraison;55;0.61;0.52;17;62;-9;7.45;2.17;1.99;1.6;1.64;1.19;1.36;902;56;101;60;345;57;638;52;376;51;16;33;2.3;1.4;3.4;1.3;1.8;337;4196;52;1801;75;73;67;2.4;0.3;21;7.6;187;6;25;100;0.05;0.02;0.3;8000;300;5;6.52;2.38;5.86;5.42;5.95;2.08;4.34;9.43;6.06;11.19;5.08;12.77;5.19;6.3;7.86;3.58;3.12;7.45;1.99;4.8;5.39;5.72;2.17;5.17;8.57;5.3;10.79;4.7;13.05;4.04;6.96;6.96;4.11;1;18.4;1.4;2.1;3.1;18.2;51.4
637;FE3430;Fourrage;ENSILAGES;Graminées Fourragères, Fétuque Elevée Mi-fané > 50% MS, enrubanné 2e cycle après déprimage Repousses à tiges de 5 semaines;55;0.76;0.69;25;74;13;7.36;2.14;2.02;1.8;1.49;1.12;1.22;883;65;138;66;296;64;584;62;325;61;19;36;3;1.8;4.6;1.8;1.8;337;4188;62;2147;75;73;71;2.4;0.3;21;7.6;187;6;25;100;0.05;0.02;0.3;8000;300;5;6.52;2.38;5.86;5.42;5.95;2.08;4.34;9.43;6.06;11.19;5.08;12.77;5.19;6.3;7.86;3.58;3.12;7.36;2.02;4.83;5.37;5.71;2.14;5.06;8.66;5.34;10.75;4.73;13.02;4.13;7;6.96;4.09;1;18.2;1.4;2;2.9;17.5;53.2
638;FE3440;Fourrage;ENSILAGES;Graminées Fourragères, Fétuque Elevée Mi-fané > 50% MS, enrubanné 2e cycle après coupe épiaison Repousses feuillues de 6 semaines;55;0.8;0.73;28;78;20;7.33;2.13;2.03;2;1.37;1.06;1.1;892;67;150;67;292;66;580;65;321;63;20;37;3.1;1.9;5.2;2.1;1.8;337;4249;64;2246;75;73;73;2.4;0.3;21;7.6;187;6;25;100;0.05;0.02;0.3;8000;300;5;6.52;2.38;5.86;5.42;5.95;2.08;4.34;9.43;6.06;11.19;5.08;12.77;5.19;6.3;7.86;3.58;3.12;7.33;2.03;4.84;5.36;5.7;2.13;5.02;8.69;5.35;10.74;4.74;13;4.16;7.01;6.96;4.09;1;18.1;1.4;2;2.8;17.3;53.7
639;FE3450;Fourrage;ENSILAGES;Graminées Fourragères, Fétuque Elevée Mi-fané > 50% MS, enrubanné 2e cycle après coupe épiaison Repousses feuillues de 7 semaines;55;0.75;0.68;25;73;10;7.36;2.14;2.02;1.9;1.4;1.08;1.13;896;65;135;65;302;63;590;61;332;60;19;36;3;1.8;4.6;1.8;1.5;567;4234;61;2144;74;72;71;2;0.7;33;11;442;7;30;80;0.07;0.08;0.3;8000;300;5;6.52;2.38;5.86;5.42;5.95;2.08;4.34;9.43;6.06;11.19;5.08;12.77;5.19;6.3;7.86;3.58;3.12;7.36;2.02;4.83;5.37;5.71;2.14;5.06;8.66;5.34;10.75;4.73;13.02;4.13;7;6.96;4.09;1;18.2;1.4;2;2.9;17.5;53
640;FE3460;Fourrage;ENSILAGES;Graminées Fourragères, Dactyle Brins courts sans conservateur 1er cycle 1 semaine avant le début de l'épiaison;18.4;1.01;0.97;22;71;62;6.83;2.19;1.98;2.1;1.27;1.14;1.2;888;75;182;70;282;78;561;77;306;77;28;45;2.6;1.6;3.4;1.3;1.4;530;4582;72;2761;84;86;75;1.3;0.6;28;7.6;449;6;30;80;0.07;0.08;0.3;8000;300;5;4.5;2.3;2.89;4.87;7.39;2.22;5.52;11;6.01;9;4.46;14.19;7.31;5.93;9.51;2.91;3;6.83;1.98;4.37;5.23;6.02;2.19;5.45;9;5.3;10.34;4.53;13.32;4.63;6.85;7.14;4.04;1;16.7;1.4;1.5;2.6;14.1;58.6
641;FE3470;Fourrage;ENSILAGES;Graminées Fourragères, Dactyle Brins courts sans conservateur 1er cycle Début épiaison;18.5;0.96;0.92;18;66;39;6.94;2.2;1.97;2;1.32;1.17;1.27;883;74;155;68;286;75;565;74;310;74;25;42;2.3;1.4;2.7;1.1;1.4;530;4493;70;2643;83;85;69;1.3;0.6;28;7.6;449;6;30;80;0.07;0.08;0.3;8000;300;5;4.5;2.3;2.89;4.87;7.39;2.22;5.52;11;6.01;9;4.46;14.19;7.31;5.93;9.51;2.91;3;6.94;1.97;4.41;5.26;5.99;2.2;5.47;8.9;5.28;10.42;4.53;13.31;4.52;6.85;7.12;4.06;1;16.8;1.4;1.6;2.8;14.7;57.5
642;FE3480;Fourrage;ENSILAGES;Graminées Fourragères, Dactyle Brins courts sans conservateur 1er cycle Épiaison;18.8;0.93;0.88;16;64;29;7.01;2.21;1.96;1.9;1.4;1.22;1.36;893;72;143;66;307;74;585;72;332;72;24;41;2.3;1.4;2.7;1.1;1.4;530;4510;68;2578;83;84;66;1.3;0.6;28;7.6;449;6;30;80;0.07;0.08;0.3;8000;300;5;4.5;2.3;2.89;4.87;7.39;2.22;5.52;11;6.01;9;4.46;14.19;7.31;5.93;9.51;2.91;3;7.01;1.96;4.43;5.28;5.97;2.21;5.48;8.85;5.27;10.46;4.54;13.3;4.46;6.84;7.11;4.07;1;16.9;1.4;1.6;2.9;15;56.9
643;FE3490;Fourrage;ENSILAGES;Graminées Fourragères, Dactyle Brins courts sans conservateur 1er cycle Fin épiaison;19.6;0.85;0.79;14;60;15;7.09;2.22;1.95;1.8;1.48;1.26;1.46;903;67;124;64;327;71;603;67;354;68;22;39;2.3;1.4;2.7;1.1;1.4;530;4510;63;2400;82;83;61;1.3;0.6;28;7.6;449;6;30;80;0.07;0.08;0.3;8000;300;5;4.5;2.3;2.89;4.87;7.39;2.22;5.52;11;6.01;9;4.46;14.19;7.31;5.93;9.51;2.91;3;7.09;1.95;4.46;5.3;5.95;2.22;5.49;8.78;5.26;10.51;4.54;13.29;4.38;6.84;7.1;4.08;1;17;1.4;1.7;3;15.4;55.9
644;FE3500;Fourrage;ENSILAGES;Graminées Fourragères, Dactyle Brins courts sans conservateur 1er cycle Début floraison;20.1;0.81;0.73;13;58;10;7.12;2.22;1.94;1.8;1.53;1.28;1.51;913;65;117;62;343;68;618;64;371;65;21;38;2.3;1.4;2.7;1.1;1.4;530;4539;61;2304;82;82;60;1.3;0.6;28;7.6;449;6;30;80;0.07;0.08;0.3;8000;300;5;4.5;2.3;2.89;4.87;7.39;2.22;5.52;11;6.01;9;4.46;14.19;7.31;5.93;9.51;2.91;3;7.12;1.94;4.47;5.31;5.95;2.22;5.5;8.76;5.25;10.53;4.55;13.28;4.36;6.84;7.09;4.09;1;17.1;1.4;1.7;3;15.5;55.5
645;FE3510;Fourrage;ENSILAGES;Graminées Fourragères, Dactyle Brins courts sans conservateur 2e cycle après déprimage Repousses à tiges de 8 semaines;27.3;0.61;0.51;13;53;6;7.06;2.21;1.95;1.8;1.53;1.18;1.33;899;54;106;61;320;51;597;46;346;45;19;36;2.6;1.6;4.6;1.8;1.5;421;4447;50;1813;78;78;55;1.8;0.6;21;5.1;308;6;30;80;0.07;0.08;0.3;8000;300;5;4.5;2.3;2.89;4.87;7.39;2.22;5.52;11;6.01;9;4.46;14.19;7.31;5.93;9.51;2.91;3;7.06;1.95;4.45;5.29;5.96;2.21;5.49;8.81;5.26;10.49;4.54;13.29;4.42;6.84;7.1;4.07;1;17.2;1.4;1.8;3.1;15.9;54.5
646;FE3520;Fourrage;ENSILAGES;Graminées Fourragères, Dactyle Brins courts sans conservateur 2e cycle après coupe épiaison Repousses feuillues de 6 semaines;22;0.89;0.83;20;67;38;6.86;2.2;1.98;2;1.34;1.13;1.21;892;70;155;68;307;70;585;68;332;67;24;42;2.6;1.6;5.2;2.1;1.4;545;4535;66;2492;81;82;66;1.5;0.9;34;13;451;5;25;100;0.1;0.1;0.1;8000;300;5;4.5;2.3;2.89;4.87;7.39;2.22;5.52;11;6.01;9;4.46;14.19;7.31;5.93;9.51;2.91;3;6.86;1.98;4.38;5.24;6.01;2.2;5.46;8.97;5.29;10.37;4.53;13.32;4.6;6.85;7.14;4.04;1;16.8;1.4;1.6;2.8;14.8;57.3
647;FE3530;Fourrage;ENSILAGES;Graminées Fourragères, Dactyle Brins courts sans conservateur 2e cycle après coupe épiaison Repousses feuillues de 7 semaines;23.2;0.85;0.79;19;65;33;6.88;2.2;1.97;2;1.34;1.11;1.18;889;68;148;67;306;67;584;65;331;64;24;41;2.6;1.6;5.2;2.1;1.4;604;4504;64;2401;80;81;65;1.5;0.9;34;10.9;510;5;25;100;0.1;0.1;0.1;8000;300;5;4.5;2.3;2.89;4.87;7.39;2.22;5.52;11;6.01;9;4.46;14.19;7.31;5.93;9.51;2.91;3;6.88;1.97;4.39;5.25;6;2.2;5.46;8.96;5.29;10.37;4.53;13.32;4.58;6.85;7.13;4.05;1;16.9;1.4;1.6;2.9;14.9;56.9
648;FE3540;Fourrage;ENSILAGES;Graminées Fourragères, Dactyle Brins courts sans conservateur 2e cycle après coupe épiaison Repousses feuillues de 8 semaines;23.6;0.84;0.77;19;64;33;6.88;2.2;1.97;2;1.35;1.11;1.18;890;67;147;67;304;65;582;63;329;62;24;41;2.6;1.6;4.6;1.8;1.4;604;4506;63;2363;80;81;65;1.5;0.9;34;10.9;510;5;25;100;0.1;0.1;0.1;8000;300;5;4.5;2.3;2.89;4.87;7.39;2.22;5.52;11;6.01;9;4.46;14.19;7.31;5.93;9.51;2.91;3;6.88;1.97;4.39;5.25;6;2.2;5.46;8.96;5.29;10.37;4.53;13.32;4.59;6.85;7.13;4.05;1;16.9;1.4;1.6;2.9;15;56.9
649;FE3550;Fourrage;ENSILAGES;Graminées Fourragères, Dactyle Brins courts avec conservateur 1er cycle 1 semaine avant le début de l'épiaison;18.4;1;0.96;27;77;56;7.01;1.9;2.04;2.2;1.22;1.05;1.06;888;75;182;69;282;78;561;77;306;77;28;45;2.6;1.6;3.4;1.3;1.4;530;4533;72;2733;81;83;79;1.3;0.6;28;7.6;449;6;30;80;0.07;0.08;0.3;8000;300;5;5.41;2.39;6.07;5.48;7.43;1.37;5.48;8.22;5.9;13.86;5.42;11.91;4.58;5.79;7.29;3.38;3.12;7.01;2.04;4.88;5.39;6.09;1.9;5.45;8.34;5.32;11.31;4.86;12.8;3.97;6.84;6.89;4.08;1;16.7;1.4;1.5;2.6;14.1;58.6
650;FE3560;Fourrage;ENSILAGES;Graminées Fourragères, Dactyle Brins courts avec conservateur 1er cycle Début épiaison;18.5;0.95;0.91;22;71;34;7.1;1.94;2.02;2.1;1.27;1.08;1.12;883;74;155;67;286;75;565;74;310;74;25;42;2.3;1.4;2.7;1.1;1.4;530;4444;70;2615;80;82;73;1.3;0.6;28;7.6;449;6;30;80;0.07;0.08;0.3;8000;300;5;5.41;2.39;6.07;5.48;7.43;1.37;5.48;8.22;5.9;13.86;5.42;11.91;4.58;5.79;7.29;3.38;3.12;7.1;2.02;4.86;5.4;6.06;1.94;5.47;8.32;5.3;11.27;4.83;12.84;3.94;6.84;6.9;4.09;1;16.8;1.4;1.6;2.8;14.7;57.5
651;FE3570;Fourrage;ENSILAGES;Graminées Fourragères, Dactyle Brins courts avec conservateur 1er cycle Épiaison;18.8;0.92;0.87;20;69;24;7.15;1.97;2.01;2;1.34;1.13;1.21;893;72;143;65;307;74;585;72;332;72;24;41;2.3;1.4;2.7;1.1;1.4;530;4461;68;2552;80;81;71;1.3;0.6;28;7.6;449;6;30;80;0.07;0.08;0.3;8000;300;5;5.41;2.39;6.07;5.48;7.43;1.37;5.48;8.22;5.9;13.86;5.42;11.91;4.58;5.79;7.29;3.38;3.12;7.15;2.01;4.85;5.4;6.04;1.97;5.48;8.32;5.29;11.25;4.81;12.87;3.93;6.84;6.91;4.1;1;16.9;1.4;1.6;2.9;15;56.9
652;FE3580;Fourrage;ENSILAGES;Graminées Fourragères, Dactyle Brins courts avec conservateur 1er cycle Fin épiaison;19.6;0.84;0.78;17;64;11;7.21;2;1.99;1.9;1.41;1.16;1.29;903;67;124;62;327;71;603;67;354;68;22;39;2.3;1.4;2.7;1.1;1.4;530;4460;63;2375;80;80;66;1.3;0.6;28;7.6;449;6;30;80;0.07;0.08;0.3;8000;300;5;5.41;2.39;6.07;5.48;7.43;1.37;5.48;8.22;5.9;13.86;5.42;11.91;4.58;5.79;7.29;3.38;3.12;7.21;1.99;4.83;5.41;6.02;2;5.49;8.3;5.27;11.22;4.79;12.9;3.91;6.84;6.91;4.11;1;17;1.4;1.7;3;15.4;55.9
653;FE3590;Fourrage;ENSILAGES;Graminées Fourragères, Dactyle Brins courts avec conservateur 2e cycle après déprimage Repousses à tiges de 8 semaines;27.3;0.61;0.5;15;57;2;7.2;1.99;2;1.9;1.46;1.12;1.23;899;54;106;59;320;51;597;46;346;45;19;36;2.6;1.6;4.6;1.8;1.5;421;4398;50;1795;76;74;60;1.8;0.6;21;5.1;308;6;30;80;0.07;0.08;0.3;8000;300;5;5.41;2.39;6.07;5.48;7.43;1.37;5.48;8.22;5.9;13.86;5.42;11.91;4.58;5.79;7.29;3.38;3.12;7.2;2;4.84;5.41;6.02;1.99;5.49;8.31;5.28;11.23;4.8;12.89;3.91;6.84;6.91;4.11;1;17.2;1.4;1.8;3.1;15.9;54.5
654;FE3600;Fourrage;ENSILAGES;Graminées Fourragères, Dactyle Brins courts avec conservateur 2e cycle après coupe épiaison Repousses feuillues de 6 semaines;22;0.88;0.82;24;71;33;7.05;1.92;2.03;2.1;1.28;1.06;1.09;892;70;155;67;307;70;585;68;332;67;24;42;2.6;1.6;5.2;2.1;1.4;545;4486;66;2467;78;78;71;1.5;0.9;34;13;451;5;25;100;0.1;0.1;0.1;8000;300;5;5.41;2.39;6.07;5.48;7.43;1.37;5.48;8.22;5.9;13.86;5.42;11.91;4.58;5.79;7.29;3.38;3.12;7.05;2.03;4.87;5.39;6.08;1.92;5.46;8.33;5.31;11.29;4.85;12.82;3.96;6.84;6.9;4.09;1;16.8;1.4;1.6;2.8;14.8;57.3
655;FE3610;Fourrage;ENSILAGES;Graminées Fourragères, Dactyle Brins courts avec conservateur 2e cycle après coupe épiaison Repousses feuillues de 7 semaines;23.2;0.85;0.78;23;70;28;7.06;1.92;2.03;2.1;1.29;1.04;1.07;889;68;148;66;306;67;584;65;331;64;24;41;2.6;1.6;5.2;2.1;1.4;604;4455;64;2376;78;78;69;1.5;0.9;34;10.9;510;5;25;100;0.1;0.1;0.1;8000;300;5;5.41;2.39;6.07;5.48;7.43;1.37;5.48;8.22;5.9;13.86;5.42;11.91;4.58;5.79;7.29;3.38;3.12;7.06;2.03;4.87;5.39;6.07;1.92;5.46;8.33;5.31;11.28;4.84;12.82;3.96;6.84;6.9;4.09;1;16.9;1.4;1.6;2.9;14.9;56.9
656;FE3620;Fourrage;ENSILAGES;Graminées Fourragères, Dactyle Brins courts avec conservateur 2e cycle après coupe épiaison Repousses feuillues de 8 semaines;23.6;0.83;0.76;23;69;27;7.06;1.92;2.03;2.1;1.29;1.04;1.07;890;67;147;66;304;65;582;63;329;62;24;41;2.6;1.6;4.6;1.8;1.4;604;4457;63;2339;77;78;69;1.5;0.9;34;10.9;510;5;25;100;0.1;0.1;0.1;8000;300;5;5.41;2.39;6.07;5.48;7.43;1.37;5.48;8.22;5.9;13.86;5.42;11.91;4.58;5.79;7.29;3.38;3.12;7.06;2.03;4.87;5.39;6.07;1.92;5.46;8.33;5.31;11.28;4.84;12.82;3.96;6.84;6.9;4.09;1;16.9;1.4;1.6;2.9;15;56.9
691;FE3970;Fourrage;ENSILAGES;Graminées Fourragères, Dactyle Préfané coupe fine 1er cycle 1 semaine avant le début de l'épiaison;33.5;0.93;0.89;30;79;64;6.96;1.87;2.05;2.3;1.19;1.01;0.99;875;74;192;70;266;73;570;74;289;72;26;43;2.6;1.6;3.4;1.3;1.4;530;4362;70;2561;81;83;81;1.3;0.6;28;7.6;449;6;30;80;0.07;0.08;0.3;8000;300;5;5.41;2.39;6.07;5.48;7.43;1.37;5.48;8.22;5.9;13.86;5.42;11.91;4.58;5.79;7.29;3.38;3.12;6.96;2.05;4.89;5.38;6.11;1.87;5.44;8.35;5.33;11.33;4.87;12.77;3.99;6.85;6.89;4.07;1;17.9;1.4;1.8;2.6;14.8;56.8
692;FE3980;Fourrage;ENSILAGES;Graminées Fourragères, Dactyle Préfané coupe fine 1er cycle Début épiaison;33.5;0.88;0.83;24;72;41;7.06;1.93;2.02;2.1;1.31;1.04;1.05;871;72;163;68;270;71;574;71;293;69;23;40;2.3;1.4;2.7;1.1;1.4;530;4283;68;2448;81;82;75;1.3;0.6;28;7.6;449;6;30;80;0.07;0.08;0.3;8000;300;5;5.41;2.39;6.07;5.48;7.43;1.37;5.48;8.22;5.9;13.86;5.42;11.91;4.58;5.79;7.29;3.38;3.12;7.06;2.02;4.87;5.39;6.07;1.93;5.46;8.33;5.3;11.28;4.84;12.83;3.95;6.84;6.9;4.09;1;18;1.4;1.9;2.8;15.3;55.7
693;FE3990;Fourrage;ENSILAGES;Graminées Fourragères, Dactyle Préfané coupe fine 1er cycle Épiaison;33.5;0.85;0.79;20;69;32;7.14;1.96;2.01;1.8;1.52;1.09;1.14;880;70;150;66;298;71;602;70;323;68;22;39;2.3;1.4;2.7;1.1;1.4;530;4298;66;2375;81;81;71;1.3;0.6;28;7.6;449;6;30;80;0.07;0.08;0.3;8000;300;5;5.41;2.39;6.07;5.48;7.43;1.37;5.48;8.22;5.9;13.86;5.42;11.91;4.58;5.79;7.29;3.38;3.12;7.14;2.01;4.85;5.4;6.04;1.96;5.48;8.32;5.29;11.25;4.82;12.86;3.93;6.84;6.91;4.1;1;18.1;1.4;2;2.9;15.6;55.1
694;FE4000;Fourrage;ENSILAGES;Graminées Fourragères, Dactyle Préfané coupe fine 1er cycle Fin épiaison;33.5;0.77;0.7;16;63;17;7.22;2;1.99;1.5;1.76;1.13;1.23;890;66;129;64;325;68;630;66;351;64;20;37;2.3;1.4;2.7;1.1;1.4;530;4301;62;2194;81;80;66;1.3;0.6;28;7.6;449;6;30;80;0.07;0.08;0.3;8000;300;5;5.41;2.39;6.07;5.48;7.43;1.37;5.48;8.22;5.9;13.86;5.42;11.91;4.58;5.79;7.29;3.38;3.12;7.22;1.99;4.83;5.41;6.01;2;5.49;8.3;5.27;11.21;4.79;12.9;3.9;6.84;6.92;4.11;1;18.3;1.4;2;3;16;54.2
695;FE4010;Fourrage;ENSILAGES;Graminées Fourragères, Dactyle Préfané coupe fine 1er cycle Début floraison;33.5;0.73;0.65;15;61;12;7.26;2.02;1.98;1.4;1.94;1.16;1.29;900;63;121;62;346;66;651;63;374;62;19;36;2.3;1.4;2.7;1.1;1.4;530;4329;59;2094;81;79;63;1.3;0.6;28;7.6;449;6;30;80;0.07;0.08;0.3;8000;300;5;5.41;2.39;6.07;5.48;7.43;1.37;5.48;8.22;5.9;13.86;5.42;11.91;4.58;5.79;7.29;3.38;3.12;7.26;1.98;4.82;5.42;6;2.02;5.5;8.3;5.26;11.2;4.78;12.92;3.89;6.84;6.92;4.12;1;18.3;1.4;2.1;3;16.2;53.7
696;FE4020;Fourrage;ENSILAGES;Graminées Fourragères, Dactyle Préfané coupe fine 2e cycle après déprimage Repousses à tiges de 8 semaines;33.5;0.55;0.45;12;53;1;7.3;2.04;1.97;1.4;1.93;1.16;1.29;901;52;102;58;347;52;652;48;375;46;17;34;2.6;1.6;4.6;1.8;1.5;421;4294;48;1649;78;76;54;1.8;0.6;21;5.1;308;6;30;80;0.07;0.08;0.3;8000;300;5;5.41;2.39;6.07;5.48;7.43;1.37;5.48;8.22;5.9;13.86;5.42;11.91;4.58;5.79;7.29;3.38;3.12;7.3;1.97;4.81;5.42;5.98;2.04;5.51;8.29;5.25;11.18;4.76;12.94;3.88;6.84;6.92;4.12;1;18.5;1.4;2.1;3.1;16.6;52.7
697;FE4030;Fourrage;ENSILAGES;Graminées Fourragères, Dactyle Préfané coupe fine 2e cycle après coupe épiaison Repousses feuillues de 6 semaines;33.5;0.81;0.75;24;71;38;7.05;1.92;2.03;2;1.36;1.05;1.07;886;68;160;67;310;68;614;66;336;64;23;40;2.6;1.6;5.2;2.1;1.4;545;4345;64;2292;79;79;71;1.5;0.9;34;13;451;5;25;100;0.1;0.1;0.1;8000;300;5;5.41;2.39;6.07;5.48;7.43;1.37;5.48;8.22;5.9;13.86;5.42;11.91;4.58;5.79;7.29;3.38;3.12;7.05;2.03;4.87;5.39;6.08;1.92;5.46;8.33;5.31;11.29;4.85;12.82;3.96;6.84;6.9;4.09;1;18.1;1.4;1.9;2.8;15.4;55.6
698;FE4040;Fourrage;ENSILAGES;Graminées Fourragères, Dactyle Préfané coupe fine 2e cycle après coupe épiaison Repousses feuillues de 7 semaines;33.5;0.78;0.71;22;69;32;7.07;1.93;2.02;2;1.36;1.05;1.07;886;66;151;66;314;65;618;64;340;62;22;39;2.6;1.6;5.2;2.1;1.4;604;4327;62;2213;79;79;69;1.5;0.9;34;10.9;510;5;25;100;0.1;0.1;0.1;8000;300;5;5.41;2.39;6.07;5.48;7.43;1.37;5.48;8.22;5.9;13.86;5.42;11.91;4.58;5.79;7.29;3.38;3.12;7.07;2.02;4.87;5.39;6.07;1.93;5.46;8.33;5.3;11.28;4.84;12.83;3.95;6.84;6.9;4.09;1;18.1;1.4;2;2.9;15.6;55.2
699;FE4050;Fourrage;ENSILAGES;Graminées Fourragères, Dactyle Préfané coupe fine 2e cycle après coupe épiaison Repousses feuillues de 8 semaines;33.5;0.76;0.69;22;68;32;7.07;1.93;2.02;2;1.37;1.05;1.07;887;65;150;66;313;64;617;62;339;60;22;39;2.6;1.6;4.6;1.8;1.4;604;4329;61;2176;79;79;68;1.5;0.9;34;10.9;510;5;25;100;0.1;0.1;0.1;8000;300;5;5.41;2.39;6.07;5.48;7.43;1.37;5.48;8.22;5.9;13.86;5.42;11.91;4.58;5.79;7.29;3.38;3.12;7.07;2.02;4.87;5.4;6.07;1.93;5.46;8.33;5.3;11.28;4.84;12.83;3.95;6.84;6.9;4.09;1;18.1;1.4;2;2.9;15.6;55.1
700;FE4060;Fourrage;ENSILAGES;Graminées Fourragères, Dactyle Mi-fané > 50% MS, enrubanné 1er cycle 1 semaine avant le début de l'épiaison;55;0.9;0.85;36;88;52;6.87;1.84;2.07;2.1;1.27;1.01;1;900;73;190;70;285;73;589;73;309;71;24;41;2.6;1.6;3.4;1.3;1.4;530;4356;69;2493;77;78;84;1.3;0.6;28;7.6;449;6;30;80;0.07;0.08;0.3;8000;300;5;5.41;2.39;6.07;5.48;7.43;1.37;5.48;8.22;5.9;13.86;5.42;11.91;4.58;5.79;7.29;3.38;3.12;6.87;2.07;4.91;5.37;6.14;1.84;5.43;8.36;5.34;11.36;4.9;12.74;4.01;6.85;6.88;4.06;1;17.9;1.4;1.8;2.6;16.5;55.1
701;FE4070;Fourrage;ENSILAGES;Graminées Fourragères, Dactyle Mi-fané > 50% MS, enrubanné 1er cycle Début épiaison;55;0.86;0.81;29;80;27;6.98;1.89;2.04;2;1.33;1.04;1.06;898;71;158;68;289;71;593;71;313;68;21;38;2.3;1.4;2.7;1.1;1.4;530;4288;67;2400;77;76;78;1.3;0.6;28;7.6;449;6;30;80;0.07;0.08;0.3;8000;300;5;5.41;2.39;6.07;5.48;7.43;1.37;5.48;8.22;5.9;13.86;5.42;11.91;4.58;5.79;7.29;3.38;3.12;6.98;2.04;4.89;5.39;6.1;1.89;5.45;8.34;5.32;11.32;4.87;12.79;3.98;6.84;6.89;4.08;1;18;1.4;1.9;2.8;17.1;54
702;FE4080;Fourrage;ENSILAGES;Graminées Fourragères, Dactyle Mi-fané > 50% MS, enrubanné 1er cycle Épiaison;55;0.83;0.77;26;77;17;7.04;1.92;2.03;1.9;1.43;1.09;1.15;903;69;144;66;311;70;615;69;336;68;20;37;2.3;1.4;2.7;1.1;1.4;530;4281;65;2330;76;75;76;1.3;0.6;28;7.6;449;6;30;80;0.07;0.08;0.3;8000;300;5;5.41;2.39;6.07;5.48;7.43;1.37;5.48;8.22;5.9;13.86;5.42;11.91;4.58;5.79;7.29;3.38;3.12;7.04;2.03;4.87;5.39;6.08;1.92;5.46;8.33;5.31;11.29;4.85;12.82;3.96;6.84;6.9;4.08;1;18.1;1.4;2;2.9;17.4;53.4
703;FE4090;Fourrage;ENSILAGES;Graminées Fourragères, Dactyle Mi-fané > 50% MS, enrubanné 1er cycle Fin épiaison;55;0.76;0.69;21;70;1;7.13;1.96;2.01;1.8;1.53;1.14;1.25;908;65;122;64;333;67;638;64;360;63;18;35;2.3;1.4;2.7;1.1;1.4;530;4261;61;2158;76;74;71;1.3;0.6;28;7.6;449;6;30;80;0.07;0.08;0.3;8000;300;5;5.41;2.39;6.07;5.48;7.43;1.37;5.48;8.22;5.9;13.86;5.42;11.91;4.58;5.79;7.29;3.38;3.12;7.13;2.01;4.85;5.4;6.05;1.96;5.47;8.32;5.29;11.25;4.82;12.86;3.93;6.84;6.91;4.1;1;18.3;1.4;2;3;17.8;52.4
704;FE4100;Fourrage;ENSILAGES;Graminées Fourragères, Dactyle Mi-fané > 50% MS, enrubanné 1er cycle Début floraison;55;0.72;0.64;19;67;-4;7.17;1.98;2;1.7;1.59;1.17;1.31;914;62;113;62;350;65;655;62;378;61;17;34;2.3;1.4;2.7;1.1;1.4;530;4266;58;2061;76;73;69;1.3;0.6;28;7.6;449;6;30;80;0.07;0.08;0.3;8000;300;5;5.41;2.39;6.07;5.48;7.43;1.37;5.48;8.22;5.9;13.86;5.42;11.91;4.58;5.79;7.29;3.38;3.12;7.17;2;4.84;5.4;6.03;1.98;5.48;8.31;5.28;11.24;4.81;12.88;3.92;6.84;6.91;4.1;1;18.3;1.4;2.1;3;18;52
705;FE4110;Fourrage;ENSILAGES;Graminées Fourragères, Dactyle Mi-fané > 50% MS, enrubanné 1er cycle Floraison;55;0.65;0.56;17;63;-10;7.21;1.99;1.99;1.6;1.66;1.2;1.38;914;57;102;59;352;60;657;56;380;55;16;33;2;1.2;2.1;0.8;1.4;530;4245;54;1887;75;73;67;1.3;0.6;28;7.6;449;6;30;80;0.07;0.08;0.3;8000;300;5;5.41;2.39;6.07;5.48;7.43;1.37;5.48;8.22;5.9;13.86;5.42;11.91;4.58;5.79;7.29;3.38;3.12;7.21;1.99;4.83;5.41;6.02;1.99;5.49;8.31;5.27;11.22;4.79;12.9;3.91;6.84;6.91;4.11;1;18.4;1.4;2.1;3.1;18.2;51.5
706;FE4120;Fourrage;ENSILAGES;Graminées Fourragères, Dactyle Mi-fané > 50% MS, enrubanné 2e cycle après déprimage Repousses à tiges de 8 semaines;55;0.56;0.45;15;59;-15;7.23;2.01;1.99;1.7;1.59;1.17;1.31;914;51;93;58;351;52;656;48;379;45;15;32;2.6;1.6;4.6;1.8;1.5;421;4232;48;1657;73;70;60;1.8;0.6;21;5.1;308;6;30;80;0.07;0.08;0.3;8000;300;5;5.41;2.39;6.07;5.48;7.43;1.37;5.48;8.22;5.9;13.86;5.42;11.91;4.58;5.79;7.29;3.38;3.12;7.23;1.99;4.83;5.41;6.01;2.01;5.49;8.3;5.27;11.21;4.79;12.91;3.9;6.84;6.92;4.11;1;18.5;1.4;2.1;3.1;18.3;51
707;FE4130;Fourrage;ENSILAGES;Graminées Fourragères, Dactyle Mi-fané > 50% MS, enrubanné 2e cycle après coupe épiaison Repousses feuillues de 6 semaines;55;0.79;0.73;29;79;24;6.96;1.88;2.05;2;1.35;1.05;1.08;906;66;155;67;321;68;625;66;347;64;21;38;2.6;1.6;5.2;2.1;1.4;545;4313;63;2243;75;73;74;1.5;0.9;34;13;451;5;25;100;0.1;0.1;0.1;8000;300;5;5.41;2.39;6.07;5.48;7.43;1.37;5.48;8.22;5.9;13.86;5.42;11.91;4.58;5.79;7.29;3.38;3.12;6.96;2.05;4.89;5.38;6.11;1.88;5.44;8.35;5.32;11.32;4.87;12.78;3.99;6.85;6.89;4.07;1;18.1;1.4;1.9;2.8;17.2;53.8
708;FE4140;Fourrage;ENSILAGES;Graminées Fourragères, Dactyle Mi-fané > 50% MS, enrubanné 2e cycle après coupe épiaison Repousses feuillues de 7 semaines;55;0.76;0.69;27;76;17;7;1.89;2.04;2;1.36;1.06;1.09;906;65;145;66;324;66;629;64;351;62;20;37;2.6;1.6;5.2;2.1;1.4;604;4295;61;2171;74;73;73;1.5;0.9;34;10.9;510;5;25;100;0.1;0.1;0.1;8000;300;5;5.41;2.39;6.07;5.48;7.43;1.37;5.48;8.22;5.9;13.86;5.42;11.91;4.58;5.79;7.29;3.38;3.12;7;2.04;4.88;5.39;6.1;1.89;5.45;8.34;5.32;11.31;4.86;12.79;3.98;6.84;6.89;4.08;1;18.1;1.4;2;2.9;17.3;53.5
709;FE4150;Fourrage;ENSILAGES;Graminées Fourragères, Dactyle Mi-fané > 50% MS, enrubanné 2e cycle après coupe épiaison Repousses feuillues de 8 semaines;55;0.75;0.67;27;75;17;7;1.89;2.04;2;1.36;1.06;1.09;907;64;144;66;324;64;628;62;350;61;20;37;2.6;1.6;4.6;1.8;1.4;604;4297;60;2139;74;73;72;1.5;0.9;34;10.9;510;5;25;100;0.1;0.1;0.1;8000;300;5;5.41;2.39;6.07;5.48;7.43;1.37;5.48;8.22;5.9;13.86;5.42;11.91;4.58;5.79;7.29;3.38;3.12;7;2.04;4.88;5.39;6.1;1.89;5.45;8.34;5.32;11.31;4.86;12.79;3.98;6.84;6.89;4.08;1;18.1;1.4;2;2.9;17.4;53.4
710;FE4160;Fourrage;ENSILAGES;Graminées Fourragères, Brome Brins courts sans conservateur 1er cycle 1 semaine avant le début de l'épiaison;19.1;1.05;1.02;15;64;33;7.05;2.21;1.95;2;1.33;1.16;1.26;882;78;149;67;285;81;547;79;304;81;24;41;3.2;1.9;5.2;2.1;1.5;571;4473;75;2831;83;85;60;1.4;0.9;28;6.6;484;5;25;100;0.1;0.1;0.1;8000;300;5;4.5;2.3;2.89;4.87;7.39;2.22;5.52;11;6.01;9;4.46;14.19;7.31;5.93;9.51;2.91;3;7.05;1.95;4.44;5.29;5.97;2.21;5.49;8.82;5.26;10.48;4.54;13.29;4.43;6.84;7.1;4.07;1;16.9;1.4;1.6;2.8;14.8;57.2
711;FE4170;Fourrage;ENSILAGES;Graminées Fourragères, Brome Brins courts sans conservateur 1er cycle Début épiaison;19.4;0.99;0.95;15;62;18;7.06;2.22;1.95;2;1.38;1.2;1.32;895;75;130;65;300;78;559;75;317;76;22;39;3.1;1.9;4.6;1.8;1.5;571;4487;71;2698;82;83;63;1.4;0.9;28;6.6;484;5;25;100;0.1;0.1;0.1;8000;300;5;4.5;2.3;2.89;4.87;7.39;2.22;5.52;11;6.01;9;4.46;14.19;7.31;5.93;9.51;2.91;3;7.06;1.95;4.45;5.29;5.96;2.22;5.49;8.81;5.26;10.49;4.54;13.29;4.41;6.84;7.1;4.08;1;17;1.4;1.7;2.9;15.2;56.2
712;FE4180;Fourrage;ENSILAGES;Graminées Fourragères, Brome Brins courts sans conservateur 1er cycle Épiaison;19.6;0.96;0.91;12;60;3;7.17;2.23;1.94;1.8;1.5;1.27;1.48;909;73;112;62;315;76;571;73;329;74;20;37;3;1.8;4;1.6;1.3;783;4509;69;2636;82;82;58;1.8;0.2;37;6.2;670;6;25;60;0.06;0.08;0.1;8000;300;5;4.5;2.3;2.89;4.87;7.39;2.22;5.52;11;6.01;9;4.46;14.19;7.31;5.93;9.51;2.91;3;7.17;1.94;4.48;5.32;5.94;2.23;5.51;8.72;5.24;10.56;4.55;13.28;4.31;6.84;7.08;4.09;1;17.1;1.4;1.7;3;15.6;55.3
713;FE4190;Fourrage;ENSILAGES;Graminées Fourragères, Brome Brins courts sans conservateur 1er cycle Fin épiaison;20.9;0.89;0.84;11;57;-3;7.22;2.23;1.93;1.6;1.65;1.35;1.67;915;70;103;60;325;73;579;69;337;69;19;36;2.6;1.6;3.4;1.3;1.1;661;4514;66;2496;82;81;56;1.8;0.2;33;6.9;548;6;25;60;0.06;0.08;0.1;8000;300;5;4.5;2.3;2.89;4.87;7.39;2.22;5.52;11;6.01;9;4.46;14.19;7.31;5.93;9.51;2.91;3;7.22;1.93;4.5;5.33;5.93;2.23;5.51;8.68;5.24;10.59;4.55;13.27;4.27;6.84;7.07;4.1;1;17.2;1.4;1.8;3.1;15.9;54.6
714;FE4200;Fourrage;ENSILAGES;Graminées Fourragères, Brome Brins courts sans conservateur 1er cycle Début floraison;23.3;0.86;0.79;9;55;-11;7.27;2.24;1.93;1.6;1.71;1.35;1.68;915;68;92;58;330;71;583;66;341;67;18;35;2.6;1.6;3.4;1.3;1.3;641;4487;64;2408;81;80;53;1.8;0.2;33;7.6;528;6;25;60;0.06;0.08;0.1;8000;300;5;4.5;2.3;2.89;4.87;7.39;2.22;5.52;11;6.01;9;4.46;14.19;7.31;5.93;9.51;2.91;3;7.27;1.93;4.51;5.34;5.91;2.24;5.52;8.64;5.23;10.62;4.56;13.26;4.23;6.84;7.07;4.11;1;17.3;1.4;1.8;3.2;16.1;53.9
715;FE4210;Fourrage;ENSILAGES;Graminées Fourragères, Brome Brins courts sans conservateur 2e cycle après coupe épiaison Repousses à tiges de 6 semaines;21.1;0.97;0.93;14;61;7;7.08;2.22;1.95;2;1.37;1.17;1.27;874;75;120;64;323;79;577;76;336;78;21;38;3;1.8;5.8;2.3;1.3;641;4365;71;2646;80;80;58;1.8;0.2;33;7.6;528;6;25;60;0.06;0.08;0.1;8000;300;5;4.5;2.3;2.89;4.87;7.39;2.22;5.52;11;6.01;9;4.46;14.19;7.31;5.93;9.51;2.91;3;7.08;1.95;4.45;5.3;5.96;2.22;5.49;8.79;5.26;10.5;4.54;13.29;4.4;6.84;7.1;4.08;1;17.1;1.4;1.7;3;15.5;55.6
716;FE4220;Fourrage;ENSILAGES;Graminées Fourragères, Brome Brins courts sans conservateur 2e cycle après coupe épiaison Repousses à tiges de 7 semaines;21.9;0.93;0.88;15;61;11;7.05;2.21;1.95;1.9;1.4;1.17;1.29;889;72;123;64;309;74;566;71;324;72;21;38;3;1.8;5.2;2.1;1.3;641;4442;68;2573;80;80;58;1.8;0.2;33;7.6;528;6;25;60;0.06;0.08;0.1;8000;300;5;4.5;2.3;2.89;4.87;7.39;2.22;5.52;11;6.01;9;4.46;14.19;7.31;5.93;9.51;2.91;3;7.05;1.95;4.44;5.29;5.96;2.21;5.49;8.82;5.26;10.48;4.54;13.29;4.42;6.84;7.1;4.07;1;17.1;1.4;1.7;3;15.4;55.8
717;FE4230;Fourrage;ENSILAGES;Graminées Fourragères, Brome Brins courts sans conservateur 2e cycle après coupe épiaison Repousses à tiges de 8 semaines;23;0.89;0.83;13;59;6;7.09;2.22;1.95;1.9;1.46;1.2;1.33;897;70;115;63;313;72;569;68;327;69;20;37;2.8;1.7;4.6;1.8;1.3;641;4460;66;2471;79;79;56;1.8;0.2;33;7.6;528;6;25;60;0.06;0.08;0.1;8000;300;5;4.5;2.3;2.89;4.87;7.39;2.22;5.52;11;6.01;9;4.46;14.19;7.31;5.93;9.51;2.91;3;7.09;1.95;4.46;5.3;5.95;2.22;5.49;8.78;5.26;10.51;4.54;13.29;4.39;6.84;7.1;4.08;1;17.1;1.4;1.7;3;15.6;55.3
718;FE4240;Fourrage;ENSILAGES;Graminées Fourragères, Brome Brins courts avec conservateur 1er cycle 1 semaine avant le début de l'épiaison;19.1;1.04;1.01;22;73;25;6.97;2.25;1.78;2.1;1.27;1.07;1.11;882;78;149;66;285;81;547;79;304;81;24;41;3.2;1.9;5.2;2.1;1.5;571;4425;75;2802;80;81;72;1.4;0.9;28;6.6;484;5;25;100;0.1;0.1;0.1;8000;300;5;4.77;1.48;6.41;5.61;6.92;2.36;5.25;9.37;6.16;9.9;4.97;13.49;5.32;6.13;7.41;4.44;3.12;6.97;1.78;4.89;5.43;5.93;2.25;5.4;8.59;5.35;10.57;4.69;13.21;4.11;6.93;6.92;4.17;1;16.9;1.4;1.6;2.8;14.8;57.2
719;FE4250;Fourrage;ENSILAGES;Graminées Fourragères, Brome Brins courts avec conservateur 1er cycle Début épiaison;19.4;0.98;0.94;18;69;10;7.05;2.25;1.78;2;1.32;1.11;1.17;895;75;130;63;300;78;559;75;317;76;22;39;3.1;1.9;4.6;1.8;1.5;571;4438;71;2669;79;80;68;1.4;0.9;28;6.6;484;5;25;100;0.1;0.1;0.1;8000;300;5;4.77;1.48;6.41;5.61;6.92;2.36;5.25;9.37;6.16;9.9;4.97;13.49;5.32;6.13;7.41;4.44;3.12;7.05;1.78;4.87;5.43;5.92;2.25;5.42;8.56;5.33;10.61;4.68;13.21;4.07;6.92;6.92;4.18;1;17;1.4;1.7;2.9;15.2;56.2
720;FE4260;Fourrage;ENSILAGES;Graminées Fourragères, Brome Brins courts avec conservateur 1er cycle Épiaison;19.6;0.95;0.9;15;65;-4;7.16;2.26;1.8;1.9;1.43;1.17;1.31;909;73;112;60;315;76;571;73;329;74;20;37;3;1.8;4;1.6;1.3;783;4459;69;2608;79;79;64;1.8;0.2;37;6.2;670;6;25;60;0.06;0.08;0.1;8000;300;5;4.77;1.48;6.41;5.61;6.92;2.36;5.25;9.37;6.16;9.9;4.97;13.49;5.32;6.13;7.41;4.44;3.12;7.16;1.8;4.85;5.44;5.9;2.26;5.45;8.51;5.3;10.65;4.67;13.21;4.02;6.91;6.93;4.18;1;17.1;1.4;1.7;3;15.6;55.3
721;FE4270;Fourrage;ENSILAGES;Graminées Fourragères, Brome Brins courts avec conservateur 1er cycle Fin épiaison;20.9;0.89;0.83;13;62;-10;7.2;2.26;1.8;1.7;1.57;1.26;1.5;915;70;103;57;325;73;579;69;337;69;19;36;2.6;1.6;3.4;1.3;1.1;661;4464;66;2469;79;78;61;1.8;0.2;33;6.9;548;6;25;60;0.06;0.08;0.1;8000;300;5;4.77;1.48;6.41;5.61;6.92;2.36;5.25;9.37;6.16;9.9;4.97;13.49;5.32;6.13;7.41;4.44;3.12;7.2;1.8;4.84;5.44;5.89;2.26;5.46;8.48;5.29;10.68;4.66;13.21;4;6.9;6.93;4.18;1;17.2;1.4;1.8;3.1;15.9;54.6
722;FE4280;Fourrage;ENSILAGES;Graminées Fourragères, Brome Brins courts avec conservateur 2e cycle après coupe épiaison Repousses à tiges de 6 semaines;21.1;0.96;0.92;17;67;0;7.08;2.25;1.79;2.1;1.31;1.09;1.14;874;75;120;63;323;79;577;76;336;78;21;38;3;1.8;5.8;2.3;1.3;641;4317;71;2618;77;77;62;1.8;0.2;33;7.6;528;6;25;60;0.06;0.08;0.1;8000;300;5;4.77;1.48;6.41;5.61;6.92;2.36;5.25;9.37;6.16;9.9;4.97;13.49;5.32;6.13;7.41;4.44;3.12;7.08;1.79;4.87;5.43;5.91;2.25;5.43;8.54;5.32;10.62;4.68;13.21;4.06;6.92;6.92;4.18;1;17.1;1.4;1.7;3;15.5;55.6
723;FE4290;Fourrage;ENSILAGES;Graminées Fourragères, Brome Brins courts avec conservateur 2e cycle après coupe épiaison Repousses à tiges de 7 semaines;21.9;0.92;0.88;18;67;4;7.05;2.25;1.78;2;1.33;1.09;1.15;889;72;123;63;309;74;566;71;324;72;21;38;3;1.8;5.2;2.1;1.3;641;4393;68;2547;77;77;63;1.8;0.2;33;7.6;528;6;25;60;0.06;0.08;0.1;8000;300;5;4.77;1.48;6.41;5.61;6.92;2.36;5.25;9.37;6.16;9.9;4.97;13.49;5.32;6.13;7.41;4.44;3.12;7.05;1.78;4.87;5.43;5.92;2.25;5.42;8.56;5.33;10.6;4.68;13.21;4.07;6.92;6.92;4.18;1;17.1;1.4;1.7;3;15.4;55.8
750;FE4560;Fourrage;ENSILAGES;Graminées Fourragères, Brome Préfané coupe fine 1er cycle 1 semaine avant le début de l'épiaison;33.5;0.96;0.93;22;73;32;6.94;2.24;1.77;2;1.33;1.04;1.05;871;77;156;67;271;77;559;77;293;76;22;39;3.2;1.9;5.2;2.1;1.5;571;4269;73;2624;80;81;73;1.4;0.9;28;6.6;484;5;25;100;0.1;0.1;0.1;8000;300;5;4.77;1.48;6.41;5.61;6.92;2.36;5.25;9.37;6.16;9.9;4.97;13.49;5.32;6.13;7.41;4.44;3.12;6.94;1.77;4.9;5.42;5.94;2.24;5.4;8.61;5.35;10.55;4.69;13.21;4.13;6.94;6.91;4.17;1;18.1;1.4;2;2.8;15.5;55.4
751;FE4570;Fourrage;ENSILAGES;Graminées Fourragères, Brome Préfané coupe fine 1er cycle Début épiaison;33.5;0.9;0.86;18;68;16;7.04;2.25;1.78;1.9;1.46;1.08;1.12;883;73;135;64;291;74;577;73;309;72;20;37;3.1;1.9;4.6;1.8;1.5;571;4281;69;2490;80;80;69;1.4;0.9;28;6.6;484;5;25;100;0.1;0.1;0.1;8000;300;5;4.77;1.48;6.41;5.61;6.92;2.36;5.25;9.37;6.16;9.9;4.97;13.49;5.32;6.13;7.41;4.44;3.12;7.04;1.78;4.88;5.43;5.92;2.25;5.42;8.56;5.33;10.6;4.68;13.21;4.08;6.92;6.92;4.17;1;18.2;1.4;2;2.9;15.9;54.5
752;FE4580;Fourrage;ENSILAGES;Graminées Fourragères, Brome Préfané coupe fine 1er cycle Épiaison;33.5;0.87;0.82;14;64;2;7.17;2.26;1.8;1.5;1.82;1.14;1.25;895;71;117;61;311;73;595;71;326;70;19;35;3;1.8;4;1.6;1.3;783;4297;67;2415;80;79;63;1.8;0.2;37;6.2;670;6;25;60;0.06;0.08;0.1;8000;300;5;4.77;1.48;6.41;5.61;6.92;2.36;5.25;9.37;6.16;9.9;4.97;13.49;5.32;6.13;7.41;4.44;3.12;7.17;1.8;4.85;5.44;5.9;2.26;5.45;8.5;5.3;10.66;4.67;13.21;4.02;6.91;6.93;4.18;1;18.4;1.4;2.1;3;16.3;53.5
753;FE4590;Fourrage;ENSILAGES;Graminées Fourragères, Brome Préfané coupe fine 1er cycle Fin épiaison;33.5;0.8;0.73;12;60;-5;7.26;2.26;1.81;1.1;2.5;1.23;1.45;902;68;105;59;327;71;609;67;339;66;18;34;2.6;1.6;3.4;1.3;1.1;661;4306;64;2260;81;78;58;1.8;0.2;33;6.9;548;6;25;60;0.06;0.08;0.1;8000;300;5;4.77;1.48;6.41;5.61;6.92;2.36;5.25;9.37;6.16;9.9;4.97;13.49;5.32;6.13;7.41;4.44;3.12;7.26;1.81;4.82;5.44;5.88;2.26;5.47;8.46;5.28;10.7;4.65;13.21;3.97;6.89;6.94;4.18;1;18.4;1.4;2.1;3.1;16.5;52.9
754;FE4600;Fourrage;ENSILAGES;Graminées Fourragères, Brome Préfané coupe fine 1er cycle Début floraison;33.5;0.77;0.7;9;57;-15;7.34;2.27;1.81;1;2.85;1.26;1.53;907;66;92;55;343;69;623;65;352;64;16;33;2.6;1.6;3.4;1.3;1.3;641;4301;62;2183;81;77;53;1.8;0.2;33;7.6;528;6;25;60;0.06;0.08;0.1;8000;300;5;4.77;1.48;6.41;5.61;6.92;2.36;5.25;9.37;6.16;9.9;4.97;13.49;5.32;6.13;7.41;4.44;3.12;7.34;1.81;4.8;5.45;5.87;2.27;5.49;8.42;5.26;10.74;4.65;13.2;3.94;6.88;6.94;4.18;1;18.5;1.4;2.2;3.2;16.8;52.1
755;FE4610;Fourrage;ENSILAGES;Graminées Fourragères, Brome Préfané coupe fine 2e cycle après coupe épiaison Repousses à tiges de 6 semaines;33.5;0.89;0.84;17;66;4;7.08;2.25;1.79;1.9;1.43;1.07;1.11;869;73;123;63;326;77;608;74;338;74;19;36;3;1.8;5.8;2.3;1.3;641;4193;69;2447;78;77;62;1.8;0.2;33;7.6;528;6;25;60;0.06;0.08;0.1;8000;300;5;4.77;1.48;6.41;5.61;6.92;2.36;5.25;9.37;6.16;9.9;4.97;13.49;5.32;6.13;7.41;4.44;3.12;7.08;1.79;4.87;5.43;5.91;2.25;5.43;8.54;5.32;10.62;4.68;13.21;4.06;6.92;6.92;4.18;1;18.3;1.4;2.1;3;16.1;53.8
756;FE4620;Fourrage;ENSILAGES;Graminées Fourragères, Brome Préfané coupe fine 2e cycle après coupe épiaison Repousses à tiges de 7 semaines;33.5;0.85;0.8;17;66;8;7.06;2.25;1.79;1.8;1.5;1.08;1.14;883;70;126;63;312;72;596;70;326;68;20;36;3;1.8;5.2;2.1;1.3;641;4262;66;2370;78;77;62;1.8;0.2;33;7.6;528;6;25;60;0.06;0.08;0.1;8000;300;5;4.77;1.48;6.41;5.61;6.92;2.36;5.25;9.37;6.16;9.9;4.97;13.49;5.32;6.13;7.41;4.44;3.12;7.06;1.79;4.87;5.43;5.91;2.25;5.43;8.55;5.32;10.61;4.68;13.21;4.07;6.92;6.92;4.18;1;18.3;1.4;2.1;3;16.1;54
757;FE4630;Fourrage;ENSILAGES;Graminées Fourragères, Brome Mi-fané > 50% MS, enrubanné 1er cycle 1 semaine avant le début de l'épiaison;55;0.94;0.9;28;81;18;6.84;2.24;1.76;2;1.34;1.05;1.07;898;75;151;67;290;77;575;76;308;76;20;37;3.2;1.9;5.2;2.1;1.5;571;4274;72;2565;76;76;77;1.4;0.9;28;6.6;484;5;25;100;0.1;0.1;0.1;8000;300;5;4.77;1.48;6.41;5.61;6.92;2.36;5.25;9.37;6.16;9.9;4.97;13.49;5.32;6.13;7.41;4.44;3.12;6.84;1.76;4.93;5.42;5.95;2.24;5.37;8.66;5.38;10.51;4.7;13.22;4.17;6.95;6.91;4.17;1;18.1;1.4;2;2.8;17.2;53.7
758;FE4640;Fourrage;ENSILAGES;Graminées Fourragères, Brome Mi-fané > 50% MS, enrubanné 1er cycle Début épiaison;55;0.88;0.83;23;75;1;6.94;2.24;1.77;1.9;1.4;1.08;1.13;904;72;129;64;305;74;590;72;321;71;19;35;3.1;1.9;4.6;1.8;1.5;571;4257;68;2429;76;74;73;1.4;0.9;28;6.6;484;5;25;100;0.1;0.1;0.1;8000;300;5;4.77;1.48;6.41;5.61;6.92;2.36;5.25;9.37;6.16;9.9;4.97;13.49;5.32;6.13;7.41;4.44;3.12;6.94;1.77;4.9;5.42;5.94;2.24;5.4;8.61;5.35;10.55;4.69;13.21;4.13;6.94;6.91;4.17;1;18.2;1.4;2;2.9;17.7;52.7
759;FE4650;Fourrage;ENSILAGES;Graminées Fourragères, Brome Mi-fané > 50% MS, enrubanné 1er cycle Épiaison;55;0.85;0.79;18;70;-14;7.06;2.25;1.79;1.7;1.55;1.16;1.28;911;70;108;61;321;72;604;70;334;69;17;33;3;1.8;4;1.6;1.3;783;4247;66;2358;75;73;69;1.8;0.2;37;6.2;670;6;25;60;0.06;0.08;0.1;8000;300;5;4.77;1.48;6.41;5.61;6.92;2.36;5.25;9.37;6.16;9.9;4.97;13.49;5.32;6.13;7.41;4.44;3.12;7.06;1.79;4.87;5.43;5.91;2.25;5.43;8.55;5.32;10.61;4.68;13.21;4.07;6.92;6.92;4.18;1;18.4;1.4;2.1;3;18;51.8
760;FE4660;Fourrage;ENSILAGES;Graminées Fourragères, Brome Mi-fané > 50% MS, enrubanné 1er cycle Fin épiaison;55;0.79;0.72;16;66;-21;7.14;2.26;1.79;1.5;1.75;1.25;1.48;915;66;96;59;335;69;616;65;345;64;16;32;2.6;1.6;3.4;1.3;1.1;661;4241;63;2218;75;72;65;1.8;0.2;33;6.9;548;6;25;60;0.06;0.08;0.1;8000;300;5;4.77;1.48;6.41;5.61;6.92;2.36;5.25;9.37;6.16;9.9;4.97;13.49;5.32;6.13;7.41;4.44;3.12;7.14;1.79;4.85;5.44;5.9;2.26;5.44;8.51;5.31;10.65;4.67;13.21;4.03;6.91;6.93;4.18;1;18.4;1.4;2.1;3.1;18.3;51.2
761;FE4670;Fourrage;ENSILAGES;Graminées Fourragères, Brome Mi-fané > 50% MS, enrubanné 1er cycle Début floraison;55;0.76;0.69;13;63;-31;7.24;2.26;1.8;1.5;1.83;1.28;1.56;917;65;82;55;348;68;628;64;356;63;14;31;2.6;1.6;3.4;1.3;1.3;641;4223;61;2148;75;71;61;1.8;0.2;33;7.6;528;6;25;60;0.06;0.08;0.1;8000;300;5;4.77;1.48;6.41;5.61;6.92;2.36;5.25;9.37;6.16;9.9;4.97;13.49;5.32;6.13;7.41;4.44;3.12;7.24;1.8;4.83;5.44;5.89;2.26;5.47;8.47;5.28;10.69;4.66;13.21;3.99;6.9;6.93;4.18;1;18.5;1.4;2.2;3.2;18.5;50.4
762;FE4680;Fourrage;ENSILAGES;Graminées Fourragères, Brome Mi-fané > 50% MS, enrubanné 2e cycle après coupe épiaison Repousses à tiges de 6 semaines;55;0.87;0.82;21;73;-11;7;2.25;1.78;1.9;1.39;1.08;1.13;897;72;116;63;333;76;615;73;344;73;17;34;3;1.8;5.8;2.3;1.3;641;4200;68;2405;73;71;67;1.8;0.2;33;7.6;528;6;25;60;0.06;0.08;0.1;8000;300;5;4.77;1.48;6.41;5.61;6.92;2.36;5.25;9.37;6.16;9.9;4.97;13.49;5.32;6.13;7.41;4.44;3.12;7;1.78;4.89;5.43;5.93;2.25;5.41;8.58;5.34;10.58;4.68;13.21;4.1;6.93;6.92;4.17;1;18.3;1.4;2.1;3;17.9;52.1
763;FE4690;Fourrage;ENSILAGES;Graminées Fourragères, Brome Mi-fané > 50% MS, enrubanné 2e cycle après coupe épiaison Repousses à tiges de 7 semaines;55;0.83;0.77;21;72;-7;6.98;2.25;1.78;1.9;1.42;1.09;1.15;904;69;119;63;323;71;605;69;335;68;18;34;3;1.8;5.2;2.1;1.3;641;4238;65;2322;73;71;67;1.8;0.2;33;7.6;528;6;25;60;0.06;0.08;0.1;8000;300;5;4.77;1.48;6.41;5.61;6.92;2.36;5.25;9.37;6.16;9.9;4.97;13.49;5.32;6.13;7.41;4.44;3.12;6.98;1.78;4.89;5.43;5.93;2.25;5.41;8.59;5.35;10.57;4.69;13.21;4.11;6.93;6.92;4.17;1;18.3;1.4;2.1;3;17.8;52.3
764;FE4700;Fourrage;ENSILAGES;Céréales Plantes Entières, Maïs Conditions normales de végétation Hachage fin sans conservateur Laiteux-pâteux, 25% MS;24.7;0.94;0.89;12;61;-29;7.17;2.14;2.04;1.4;1.28;1.08;1.21;950;71;80;53;228;51;446;53;235;47;24;31;1.8;1.3;2;0.8;1.2;176;4514;68;2604;75;72;62;0.7;0.1;10;3;133;4;19;24;0.06;0.02;0.1;5000;200;3;4.54;2.88;2.11;4.53;6.31;1.8;4.38;13.64;5.14;8.63;5.45;14.71;8.15;4.81;8.96;3.95;3.12;7.17;2.04;4.41;5.27;5.78;2.14;5.27;9.18;5.1;10.51;4.74;13.36;4.47;6.62;7.04;4.14;0.4;15.9;0.4;2.3;21.4;45.8;5
765;FE4710;Fourrage;ENSILAGES;Céréales Plantes Entières, Maïs Conditions normales de végétation Hachage fin sans conservateur Pâteux, 30% MS;29.8;0.95;0.91;12;61;-32;7;2.16;1.9;1.4;1.28;1.01;1.11;953;72;78;52;207;49;413;52;210;46;24;31;1.8;1.3;2;0.8;1.2;176;4484;69;2626;75;72;62;0.7;0.1;10;3;133;4;19;24;0.06;0.02;0.1;5000;200;3;3.37;2.1;2.82;4.43;6.35;1.86;4.71;12.21;4.92;8.34;4.97;17.16;8.19;4.97;10.45;3.17;3.12;7;1.9;4.49;5.27;5.79;2.16;5.36;8.91;5.07;10.5;4.65;13.74;4.45;6.66;7.16;4.11;0.4;15.9;0.4;2.3;21.4;45.8;5
766;FE4720;Fourrage;ENSILAGES;Céréales Plantes Entières, Maïs Conditions normales de végétation Hachage fin sans conservateur Vitreux, 35% MS ;34.7;0.96;0.92;12;62;-35;7.03;2.17;1.9;1.4;1.28;0.95;1.04;956;73;76;51;200;49;400;51;204;45;24;31;1.8;1.3;2;0.8;1.2;176;4476;70;2640;75;72;62;0.7;0.1;10;3;133;4;19;24;0.06;0.02;0.1;5000;200;3;3.37;2.1;2.82;4.43;6.35;1.86;4.71;12.21;4.92;8.34;4.97;17.16;8.19;4.97;10.45;3.17;3.12;7.03;1.9;4.49;5.27;5.79;2.17;5.37;8.89;5.08;10.52;4.65;13.72;4.42;6.67;7.15;4.12;0.4;15.9;0.4;2.3;21.4;45.8;5
767;FE4730;Fourrage;ENSILAGES;Céréales Plantes Entières, Maïs Conditions normales de végétation Hachage fin sans conservateur Vitreux, >35% MS;41.5;0.95;0.91;12;63;-33;7.2;2.15;2.03;1.4;1.28;0.9;0.96;959;72;79;50;202;48;403;51;204;45;24;31;1.8;1.3;2;0.8;1.2;176;4479;70;2628;75;72;62;0.7;0.1;10;3;133;4;19;24;0.06;0.02;0.1;5000;200;3;4.54;2.88;2.11;4.53;6.31;1.8;4.38;13.64;5.14;8.63;5.45;14.71;8.15;4.81;8.96;3.95;3.12;7.2;2.03;4.42;5.28;5.78;2.15;5.29;9.13;5.1;10.53;4.73;13.35;4.43;6.63;7.04;4.15;0.4;15.9;0.4;2.3;21.4;45.8;5
768;FE4740;Fourrage;ENSILAGES;Céréales Plantes Entières, Maïs Très bonnes conditions de végétation Hachage fin sans conservateur Vitreux, 35% MS, % d'épis > 65;35;0.98;0.95;13;63;-32;7.18;2.14;2.04;1.4;1.36;0.93;1;953;74;82;51;165;55;416;57;183;52;24;31;1.8;1.3;2;0.8;1.2;176;4470;71;2692;75;72;62;0.7;0.1;10;3;133;4;19;24;0.06;0.02;0.1;5000;200;3;4.54;2.88;2.11;4.53;6.31;1.8;4.38;13.64;5.14;8.63;5.45;14.71;8.15;4.81;8.96;3.95;3.12;7.18;2.04;4.41;5.27;5.78;2.14;5.28;9.16;5.1;10.52;4.73;13.36;4.45;6.62;7.04;4.15;0.4;15.9;0.4;2.3;21.4;45.8;5
769;FE4750;Fourrage;ENSILAGES;Céréales Plantes Entières, Maïs Mauvaises conditions de végétation Hachage fin sans conservateur Temp. été insuff., récolte + 55 j. apr. floraison;24;0.88;0.82;16;63;-8;7;2.1;2.09;1.4;1.53;1.17;1.26;944;68;105;59;226;61;495;;248;;24;31;1.8;1.3;2;0.8;1.2;176;4515;65;2463;75;72;62;0.7;0.1;10;3;133;4;19;24;0.06;0.02;0.1;5000;200;3;4.54;2.88;2.11;4.53;6.31;1.8;4.38;13.64;5.14;8.63;5.45;14.71;8.15;4.81;8.96;3.95;3.12;7;2.09;4.33;5.21;5.78;2.1;5.18;9.44;5.09;10.39;4.78;13.41;4.66;6.56;7.06;4.13;0.4;15.9;0.4;2.3;21.4;45.8;5
770;FE4760;Fourrage;ENSILAGES;Céréales Plantes Entières, Maïs Mauvaises conditions de végétation Hachage fin sans conservateur Gel stade laiteux-pateux, réc. 3 sem. apr. gel;27;0.85;0.78;16;61;-9;6.81;2.14;2.08;1.4;1.5;1.16;1.26;929;67;101;58;225;59;494;;247;;24;31;1.8;1.3;2;0.8;1.2;176;4419;64;2373;75;72;62;0.7;0.1;10;3;133;4;19;24;0.06;0.02;0.1;5000;200;3;3.62;2.83;3.24;4.45;6.06;1.94;4.36;11.76;4.95;8.6;5;17.47;8.19;4.79;9.48;3.26;3.12;6.81;2.08;4.47;5.2;5.74;2.14;5.19;9.03;5.06;10.4;4.67;13.96;4.67;6.57;7.12;4.09;0.4;15.9;0.4;2.3;21.4;45.8;5
771;FE4770;Fourrage;ENSILAGES;Céréales Plantes Entières, Maïs Mauvaises conditions de végétation Hachage fin sans conservateur Sécheresse estivale, maïs pauvre en épis;32;0.87;0.81;12;59;-29;7.18;2.14;2.04;1.4;1.42;1.07;1.16;943;68;77;49;203;56;465;;223;;24;31;1.8;1.3;2;0.8;1.2;176;4428;65;2432;75;72;62;0.7;0.1;10;3;133;4;19;24;0.06;0.02;0.1;5000;200;3;4.54;2.88;2.11;4.53;6.31;1.8;4.38;13.64;5.14;8.63;5.45;14.71;8.15;4.81;8.96;3.95;3.12;7.18;2.04;4.41;5.27;5.78;2.14;5.28;9.17;5.1;10.51;4.74;13.36;4.46;6.62;7.04;4.15;0.4;15.9;0.4;2.3;21.4;45.8;5
772;FE4780;Fourrage;ENSILAGES;Céréales Plantes Entières, Epis Complets De Maïs  Hachage fin sans conservateur Vitreux;53;1.08;1.05;27;78;-42;6.28;2;2.14;1.4;1.56;0.97;0.9;981;78;83;51;90;0;318;;104;;24;31;1.8;1.3;2;0.8;1.5;342;4650;74;2927;63;55;87;1.3;2.3;10;0.5;261;6;30;24;0.06;0.02;0.1;5000;200;3;2.99;2.77;4.62;4.6;6.14;1.66;4.36;11.79;5.47;8.66;5.3;17.45;7.53;4.8;7.86;4;3.12;6.28;2.14;4.63;5.15;5.75;2;5.05;9.34;5.18;10.24;4.8;14.24;4.81;6.49;6.95;4.12;0.4;15.9;0.4;2.3;21.4;45.8;5
773;FE4790;Fourrage;ENSILAGES;Céréales Plantes Entières, Orge  Hachage fin sans conservateur Laiteux-pâteux;35;0.73;0.64;14;60;-27;6.82;2.14;1.93;2;1.36;1.06;1.1;930;59;81;51;200;29;449;;249;;19;25;2.3;1.5;3.4;1.3;1.8;71;4511;56;2113;74;72;65;1.5;0.3;7;4.3;-22;7;30;40;0.02;0.02;0.1;5000;200;3;3.28;2.22;4.02;4.35;6.23;1.88;4.42;7.74;5.69;7.14;4.73;23.64;10.45;4.92;6.09;3.2;3.12;6.82;1.93;4.57;5.2;5.76;2.14;5.23;8.15;5.19;10.23;4.59;14.94;5;6.6;6.77;4.09;;20.9;;1.8;13.2;37.7;19.9
774;FE4800;Fourrage;ENSILAGES;Céréales Plantes Entières, Blé  Hachage fin sans conservateur Laiteux-pâteux;35;0.69;0.6;17;62;-12;6.81;2.17;1.96;2;1.36;1.01;1.01;892;59;98;58;267;47;522;;313;;19;25;2.6;1.7;4;1.6;1.4;88;4280;56;1990;74;72;65;1.3;0.3;7;3.7;7;7;30;40;0.02;0.02;0.1;5000;200;3;3.97;2.29;2.65;4.26;7.06;2.1;5.44;9.35;5.54;7.11;4.69;19.21;7.96;6.15;9.9;2.33;3.12;6.81;1.96;4.37;5.13;5.91;2.17;5.44;8.51;5.17;10.1;4.58;14.32;4.66;6.89;7.15;4.01;;20.9;;1.8;13.2;37.7;19.9
775;FE4810;Fourrage;ENSILAGES;Légumineuses Fourragères, Luzerne Brins courts sans conservateur 1er cycle Début bourgeonnement;18.7;0.88;0.81;23;67;74;6.71;2.08;1.97;2.4;1.12;1.11;1.17;888;68;190;71;300;63;451;58;318;58;21;39;2.6;1.7;12.8;3.8;2.3;684;4602;64;2464;83;86;72;1.1;0.3;30;3.5;615;6;25;35;0.02;0.02;0.1;3000;300;5;4.5;2.22;2.55;4.12;10.1;1.93;7.5;13.08;7.29;9.04;2.94;6.19;7.37;6.34;12.35;2.48;3.12;6.71;1.97;4.28;5.02;6.72;2.08;6.13;9.7;5.68;10.29;4.03;11.23;4.76;7;7.56;3.99;1;18.6;1.4;3;3.9;19.2;44.9
776;FE4820;Fourrage;ENSILAGES;Légumineuses Fourragères, Luzerne Brins courts sans conservateur 1er cycle Bourgeonnement;19.7;0.83;0.75;22;65;69;6.77;2.87;1.83;2.3;1.17;1.12;1.18;892;65;182;70;318;56;460;51;330;50;20;38;2.6;1.7;12.8;3.8;2.3;684;4601;61;2349;83;85;70;1.1;0.3;30;3.5;615;6;25;35;0.02;0.02;0.1;3000;300;5;4.49;1.71;1.08;3.39;10.8;4.25;6.92;10.94;6.49;6.37;4.29;6.19;4.8;6.9;18.98;2.39;3.12;6.77;1.83;4.08;4.87;6.9;2.87;5.94;9.1;5.47;9.83;4.49;11.33;4.02;7.21;8.47;4;1;18.7;1.4;3;4;19.4;44.4
777;FE4830;Fourrage;ENSILAGES;Légumineuses Fourragères, Luzerne Brins courts sans conservateur 1er cycle Début floraison;20.5;0.78;0.7;21;63;62;6.8;2.85;1.83;2.3;1.19;1.11;1.17;893;63;172;69;330;54;466;48;338;47;19;37;2.6;1.7;12.8;3.8;2.3;684;4581;59;2235;82;85;67;1.1;0.3;30;3.5;615;6;25;35;0.02;0.02;0.1;3000;300;5;4.49;1.71;1.08;3.39;10.8;4.25;6.92;10.94;6.49;6.37;4.29;6.19;4.8;6.9;18.98;2.39;3.12;6.8;1.83;4.09;4.89;6.87;2.85;5.93;9.08;5.46;9.86;4.49;11.38;4.01;7.2;8.42;4.01;1;18.8;1.4;3;4.1;19.6;43.8
778;FE4840;Fourrage;ENSILAGES;Légumineuses Fourragères, Luzerne Brins courts sans conservateur 2e cycle après coupe bourgeonnement Repousses à tiges de 5 semaines;20.8;0.88;0.81;26;70;85;6.63;2.07;1.98;2.7;1;1.04;1.05;895;68;204;72;309;59;455;54;324;54;22;40;2.6;1.7;12.1;3.6;2.3;684;4669;64;2479;82;86;71;1.1;0.3;30;3.5;615;6;25;35;0.02;0.02;0.1;3000;300;5;4.5;2.22;2.55;4.12;10.1;1.93;7.5;13.08;7.29;9.04;2.94;6.19;7.37;6.34;12.35;2.48;3.12;6.63;1.98;4.25;4.99;6.79;2.07;6.16;9.81;5.72;10.24;3.99;11.09;4.84;7.01;7.6;3.97;1;18.4;1.4;3;3.9;18.9;45.7
779;FE4850;Fourrage;ENSILAGES;Légumineuses Fourragères, Luzerne Brins courts sans conservateur 2e cycle après coupe bourgeonnement Repousses à tiges de 6 semaines;20.1;0.88;0.81;24;68;80;6.69;2.08;1.98;2.6;1.04;1.07;1.09;898;67;198;71;325;61;463;55;335;55;21;39;2.3;1.5;11.9;3.6;2.3;827;4668;63;2471;82;86;69;1.5;0.5;37;5.1;733;8;40;50;0.2;0.2;0.2;3000;300;5;4.5;2.22;2.55;4.12;10.1;1.93;7.5;13.08;7.29;9.04;2.94;6.19;7.37;6.34;12.35;2.48;3.12;6.69;1.98;4.27;5.01;6.75;2.08;6.14;9.74;5.69;10.27;4.02;11.19;4.79;7;7.57;3.98;1;18.5;1.4;3;3.9;19;45.3
780;FE4860;Fourrage;ENSILAGES;Légumineuses Fourragères, Luzerne Brins courts sans conservateur 2e cycle après coupe bourgeonnement Repousses à tiges de 7 semaines;21;0.82;0.74;22;65;73;6.77;2.86;1.83;2.4;1.12;1.1;1.15;896;65;187;71;330;56;466;50;338;49;21;38;2.3;1.5;11.9;3.6;1.8;742;4632;61;2338;82;85;66;1.4;0.4;33;4.3;655;8;40;50;0.2;0.2;0.2;3000;300;5;4.49;1.71;1.08;3.39;10.8;4.25;6.92;10.94;6.49;6.37;4.29;6.19;4.8;6.9;18.98;2.39;3.12;6.77;1.83;4.08;4.88;6.89;2.86;5.94;9.1;5.47;9.83;4.49;11.33;4.02;7.21;8.46;4;1;18.6;1.4;3;4;19.3;44.7
781;FE4870;Fourrage;ENSILAGES;Légumineuses Fourragères, Luzerne Brins courts sans conservateur 2e cycle après coupe bourgeonnement Repousses à tiges de 8 semaines;23;0.77;0.68;22;63;74;6.75;2.87;1.83;2.3;1.18;1.1;1.15;892;62;186;70;349;55;475;47;351;47;20;38;2;1.3;11.9;3.6;1.4;610;4611;58;2206;82;85;66;1.4;0.3;28;4.3;522;8;30;40;0.2;0.2;0.2;3000;300;5;4.49;1.71;1.08;3.39;10.8;4.25;6.92;10.94;6.49;6.37;4.29;6.19;4.8;6.9;18.98;2.39;3.12;6.75;1.83;4.07;4.87;6.91;2.87;5.95;9.11;5.47;9.81;4.49;11.3;4.03;7.21;8.49;4;1;18.6;1.4;3;4;19.3;44.6
782;FE4880;Fourrage;ENSILAGES;Légumineuses Fourragères, Luzerne Brins courts sans conservateur 2e cycle après coupe bourgeonnement Repousses à tiges de 9 semaines;22.9;0.71;0.62;20;60;67;6.8;2.85;1.83;2.2;1.23;1.12;1.21;890;59;176;70;351;49;476;42;352;41;20;37;2;1.3;11.7;3.5;1.4;610;4577;55;2072;82;84;63;1.4;0.3;28;4.3;522;8;30;40;0.2;0.2;0.2;3000;300;5;4.49;1.71;1.08;3.39;10.8;4.25;6.92;10.94;6.49;6.37;4.29;6.19;4.8;6.9;18.98;2.39;3.12;6.8;1.83;4.1;4.89;6.86;2.85;5.93;9.07;5.46;9.86;4.49;11.39;4.01;7.2;8.42;4.01;1;18.7;1.4;3;4;19.5;44.1
783;FE4890;Fourrage;ENSILAGES;Légumineuses Fourragères, Luzerne Brins courts avec conservateur 1er cycle Début bourgeonnement;18.7;0.87;0.8;29;76;64;6.78;2.03;1.92;2.5;1.07;1.02;1.03;888;68;190;70;300;63;451;58;318;58;21;39;2.6;1.7;12.8;3.8;2.3;684;4553;64;2440;80;83;76;1.1;0.3;30;3.5;615;6;25;35;0.02;0.02;0.1;3000;300;5;4.96;2;4.61;5.01;7.12;1.81;5.47;9.95;6.16;16.21;4.49;10.22;6.05;5.78;7.07;3.11;3.12;6.78;1.92;4.63;5.24;6.02;2.03;5.43;8.89;5.4;11.83;4.54;12.26;4.46;6.84;6.85;4.04;1;18.6;1.4;3;3.9;19.2;44.9
784;FE4900;Fourrage;ENSILAGES;Légumineuses Fourragères, Luzerne Brins courts avec conservateur 1er cycle Bourgeonnement;19.7;0.82;0.75;27;74;58;6.81;2.03;1.92;2.5;1.1;1.04;1.05;892;65;182;69;318;56;460;51;330;50;20;38;2.6;1.7;12.8;3.8;2.3;684;4552;61;2327;80;82;74;1.1;0.3;30;3.5;615;6;25;35;0.02;0.02;0.1;3000;300;5;4.96;2;4.61;5.01;7.12;1.81;5.47;9.95;6.16;16.21;4.49;10.22;6.05;5.78;7.07;3.11;3.12;6.81;1.92;4.63;5.25;6.02;2.03;5.43;8.88;5.39;11.81;4.54;12.28;4.44;6.83;6.85;4.04;1;18.7;1.4;3;4;19.4;44.4
785;FE4910;Fourrage;ENSILAGES;Légumineuses Fourragères, Luzerne Brins courts avec conservateur 1er cycle Début floraison;20.5;0.77;0.69;26;71;51;6.84;2.04;1.92;2.4;1.13;1.03;1.04;893;63;172;68;330;54;466;48;338;47;19;37;2.6;1.7;12.8;3.8;2.3;684;4532;59;2214;79;81;72;1.1;0.3;30;3.5;615;6;25;35;0.02;0.02;0.1;3000;300;5;4.96;2;4.61;5.01;7.12;1.81;5.47;9.95;6.16;16.21;4.49;10.22;6.05;5.78;7.07;3.11;3.12;6.84;1.92;4.63;5.25;6.01;2.04;5.43;8.86;5.39;11.79;4.54;12.31;4.42;6.83;6.85;4.05;1;18.8;1.4;3;4.1;19.6;43.8
786;FE4920;Fourrage;ENSILAGES;Légumineuses Fourragères, Luzerne Brins courts avec conservateur 2e cycle après coupe bourgeonnement Repousses à tiges de 5 semaines;20.8;0.87;0.8;32;79;74;6.71;2.01;1.92;2.8;0.95;0.97;0.94;895;68;204;71;309;59;455;54;324;54;22;40;2.6;1.7;12.1;3.6;2.3;684;4619;64;2456;79;83;76;1.1;0.3;30;3.5;615;6;25;35;0.02;0.02;0.1;3000;300;5;4.96;2;4.61;5.01;7.12;1.81;5.47;9.95;6.16;16.21;4.49;10.22;6.05;5.78;7.07;3.11;3.12;6.71;1.92;4.62;5.23;6.04;2.01;5.41;8.94;5.42;11.89;4.54;12.19;4.51;6.84;6.84;4.03;1;18.4;1.4;3;3.9;18.9;45.7
787;FE4930;Fourrage;ENSILAGES;Légumineuses Fourragères, Luzerne Brins courts avec conservateur 2e cycle après coupe bourgeonnement Repousses à tiges de 6 semaines;20.1;0.87;0.8;30;77;69;6.75;2.02;1.92;2.8;0.98;0.99;0.97;898;67;198;70;325;61;463;55;335;55;21;39;2.3;1.5;11.9;3.6;2.3;827;4619;63;2449;79;83;74;1.5;0.5;37;5.1;733;8;40;50;0.2;0.2;0.2;3000;300;5;4.96;2;4.61;5.01;7.12;1.81;5.47;9.95;6.16;16.21;4.49;10.22;6.05;5.78;7.07;3.11;3.12;6.75;1.92;4.63;5.24;6.03;2.02;5.42;8.91;5.41;11.86;4.54;12.23;4.48;6.84;6.84;4.03;1;18.5;1.4;3;3.9;19;45.3
788;FE4940;Fourrage;ENSILAGES;Légumineuses Fourragères, Luzerne Brins courts avec conservateur 2e cycle après coupe bourgeonnement Repousses à tiges de 7 semaines;21;0.81;0.74;27;74;62;6.8;2.03;1.92;2.5;1.06;1.04;1.05;896;65;187;70;330;56;466;50;338;49;21;38;2.3;1.5;11.9;3.6;1.8;742;4582;61;2316;79;82;71;1.4;0.4;33;4.3;655;8;40;50;0.2;0.2;0.2;3000;300;5;4.96;2;4.61;5.01;7.12;1.81;5.47;9.95;6.16;16.21;4.49;10.22;6.05;5.78;7.07;3.11;3.12;6.8;1.92;4.63;5.25;6.02;2.03;5.43;8.88;5.4;11.82;4.54;12.28;4.44;6.83;6.85;4.04;1;18.6;1.4;3;4;19.3;44.7
789;FE4950;Fourrage;ENSILAGES;Légumineuses Fourragères, Luzerne Brins courts avec conservateur 2e cycle après coupe bourgeonnement Repousses à tiges de 8 semaines;23;0.76;0.67;27;72;63;6.79;2.03;1.92;2.4;1.12;1.03;1.04;892;62;186;69;349;55;475;47;351;47;20;38;2;1.3;11.9;3.6;1.4;610;4562;58;2185;79;81;71;1.4;0.3;28;4.3;522;8;30;40;0.2;0.2;0.2;3000;300;5;4.96;2;4.61;5.01;7.12;1.81;5.47;9.95;6.16;16.21;4.49;10.22;6.05;5.78;7.07;3.11;3.12;6.79;1.92;4.63;5.24;6.02;2.03;5.43;8.89;5.4;11.83;4.54;12.27;4.45;6.83;6.85;4.04;1;18.6;1.4;3;4;19.3;44.6
790;FE4960;Fourrage;ENSILAGES;Légumineuses Fourragères, Luzerne Brins courts avec conservateur 2e cycle après coupe bourgeonnement Repousses à tiges de 9 semaines;22.9;0.71;0.61;25;68;57;6.83;2.04;1.92;2.3;1.17;1.05;1.09;890;59;176;69;351;49;476;42;352;41;20;37;2;1.3;11.7;3.5;1.4;610;4528;55;2052;79;81;68;1.4;0.3;28;4.3;522;8;30;40;0.2;0.2;0.2;3000;300;5;4.96;2;4.61;5.01;7.12;1.81;5.47;9.95;6.16;16.21;4.49;10.22;6.05;5.78;7.07;3.11;3.12;6.83;1.92;4.63;5.25;6.01;2.04;5.43;8.86;5.39;11.79;4.54;12.3;4.42;6.83;6.85;4.05;1;18.7;1.4;3;4;19.5;44.1
807;FE5130;Fourrage;ENSILAGES;Légumineuses Fourragères, Luzerne Préfané coupe fine 1er cycle Début bourgeonnement;33.5;0.84;0.76;32;78;79;7;1.91;1.82;2.4;1.11;0.98;0.97;883;67;206;70;292;57;472;56;313;52;22;40;2.6;1.7;12.8;3.8;2.3;684;4564;63;2367;81;83;79;1.1;0.3;30;3.5;615;6;25;35;0.02;0.02;0.1;3000;300;5;5.71;1.69;3.51;4.98;6.49;1.55;5.29;7.32;4.86;17.16;5.69;9.98;8.32;5.63;7.6;4.21;3.12;7;1.82;4.42;5.23;5.87;1.91;5.35;8.06;5;12.15;5;12.15;5.3;6.79;6.94;4.15;1;18.4;1.4;3;3.8;18.9;45.8
808;FE5140;Fourrage;ENSILAGES;Légumineuses Fourragères, Luzerne Préfané coupe fine 1er cycle Bourgeonnement;33.5;0.79;0.7;29;74;70;7.03;1.93;1.82;2.3;1.15;1.01;1;888;64;193;69;308;51;482;50;324;45;21;39;2.6;1.7;12.8;3.8;2.3;684;4564;60;2249;80;82;76;1.1;0.3;30;3.5;615;6;25;35;0.02;0.02;0.1;3000;300;5;5.71;1.69;3.51;4.98;6.49;1.55;5.29;7.32;4.86;17.16;5.69;9.98;8.32;5.63;7.6;4.21;3.12;7.03;1.82;4.43;5.24;5.87;1.93;5.36;8.07;5.01;12.09;4.99;12.19;5.23;6.79;6.94;4.15;1;18.5;1.4;3;3.9;19.1;45
809;FE5150;Fourrage;ENSILAGES;Légumineuses Fourragères, Luzerne Préfané coupe fine 1er cycle Début floraison;33.5;0.74;0.65;25;69;60;7.09;1.95;1.83;2.1;1.27;1.01;1.01;891;61;178;68;319;48;488;47;331;42;20;37;2.6;1.7;12.8;3.8;2.3;684;4552;57;2128;80;82;72;1.1;0.3;30;3.5;615;6;25;35;0.02;0.02;0.1;3000;300;5;5.71;1.69;3.51;4.98;6.49;1.55;5.29;7.32;4.86;17.16;5.69;9.98;8.32;5.63;7.6;4.21;3.12;7.09;1.83;4.45;5.26;5.86;1.95;5.38;8.08;5.02;12.01;4.96;12.26;5.12;6.79;6.94;4.15;1;18.7;1.4;3;4;19.4;44.2
810;FE5160;Fourrage;ENSILAGES;Légumineuses Fourragères, Luzerne Préfané coupe fine 2e cycle après coupe bourgeonnement Repousses à tiges de 5 semaines;33.5;0.83;0.75;34;80;93;6.96;1.9;1.82;2.6;1.05;0.95;0.91;894;66;222;71;300;54;477;53;318;49;23;41;2.6;1.7;12.1;3.6;2.3;684;4644;62;2359;81;84;78;1.1;0.3;30;3.5;615;6;25;35;0.02;0.02;0.1;3000;300;5;5.71;1.69;3.51;4.98;6.49;1.55;5.29;7.32;4.86;17.16;5.69;9.98;8.32;5.63;7.6;4.21;3.12;6.96;1.82;4.41;5.22;5.87;1.9;5.34;8.06;4.99;12.19;5.02;12.11;5.36;6.79;6.94;4.15;1;18.2;1.4;3;3.8;18.6;46.7
811;FE5170;Fourrage;ENSILAGES;Légumineuses Fourragères, Luzerne Préfané coupe fine 2e cycle après coupe bourgeonnement Repousses à tiges de 6 semaines;33.5;0.83;0.75;32;78;87;6.99;1.91;1.82;2.5;1.09;0.97;0.93;895;66;215;70;314;56;485;54;328;50;23;41;2.3;1.5;11.9;3.6;2.3;827;4637;62;2356;81;83;76;1.5;0.5;37;5.1;733;8;40;50;0.2;0.2;0.2;3000;300;5;5.71;1.69;3.51;4.98;6.49;1.55;5.29;7.32;4.86;17.16;5.69;9.98;8.32;5.63;7.6;4.21;3.12;6.99;1.82;4.42;5.23;5.87;1.91;5.35;8.06;5;12.15;5.01;12.15;5.3;6.79;6.94;4.15;1;18.3;1.4;3;3.8;18.7;46.3
812;FE5180;Fourrage;ENSILAGES;Légumineuses Fourragères, Luzerne Préfané coupe fine 2e cycle après coupe bourgeonnement Repousses à tiges de 7 semaines;33.5;0.78;0.69;28;74;74;7.04;1.93;1.82;2.5;1.1;1.01;1;895;63;198;69;319;51;488;49;331;44;21;39;2.3;1.5;11.9;3.6;1.8;742;4606;59;2230;80;83;73;1.4;0.4;33;4.3;655;8;40;50;0.2;0.2;0.2;3000;300;5;5.71;1.69;3.51;4.98;6.49;1.55;5.29;7.32;4.86;17.16;5.69;9.98;8.32;5.63;7.6;4.21;3.12;7.04;1.82;4.44;5.24;5.87;1.93;5.37;8.07;5.01;12.09;4.98;12.2;5.22;6.79;6.94;4.15;1;18.5;1.4;3;3.9;19;45.3
813;FE5190;Fourrage;ENSILAGES;Légumineuses Fourragères, Luzerne Préfané coupe fine 2e cycle après coupe bourgeonnement Repousses à tiges de 8 semaines;33.5;0.73;0.63;26;70;72;7.07;1.95;1.82;2.2;1.25;1.03;1.04;896;60;192;69;337;49;499;46;343;42;21;39;2;1.3;11.9;3.6;1.4;610;4600;56;2102;81;82;70;1.4;0.3;28;4.3;522;8;30;40;0.2;0.2;0.2;3000;300;5;5.71;1.69;3.51;4.98;6.49;1.55;5.29;7.32;4.86;17.16;5.69;9.98;8.32;5.63;7.6;4.21;3.12;7.07;1.82;4.45;5.25;5.86;1.95;5.38;8.08;5.01;12.03;4.97;12.24;5.15;6.79;6.94;4.15;1;18.5;1.4;3;3.9;19.2;45
814;FE5200;Fourrage;ENSILAGES;Légumineuses Fourragères, Luzerne Préfané coupe fine 2e cycle après coupe bourgeonnement Repousses à tiges de 9 semaines;33.5;0.67;0.57;23;66;63;7.11;1.97;1.83;2;1.32;1.05;1.09;893;57;179;69;339;44;500;41;344;36;20;38;2;1.3;11.7;3.5;1.4;610;4563;53;1969;81;82;66;1.4;0.3;28;4.3;522;8;30;40;0.2;0.2;0.2;3000;300;5;5.71;1.69;3.51;4.98;6.49;1.55;5.29;7.32;4.86;17.16;5.69;9.98;8.32;5.63;7.6;4.21;3.12;7.11;1.83;4.46;5.27;5.86;1.97;5.39;8.08;5.02;11.97;4.95;12.3;5.07;6.79;6.94;4.15;1;18.7;1.4;3;4;19.4;44.2
815;FE5210;Fourrage;ENSILAGES;Légumineuses Fourragères, Luzerne Mi-fané > 50% MS, enrubanné 1er cycle Début bourgeonnement;55;0.79;0.71;36;83;56;6.95;1.89;1.82;2.3;1.17;1.02;1.05;898;64;189;70;323;57;491;54;334;50;21;38;2.6;1.7;12.8;3.8;2.3;684;4508;60;2248;76;77;79;1.1;0.3;30;3.5;615;6;25;35;0.02;0.02;0.1;;;;5.71;1.69;3.51;4.98;6.49;1.55;5.29;7.32;4.86;17.16;5.69;9.98;8.32;5.63;7.6;4.21;3.12;6.95;1.82;4.41;5.22;5.87;1.89;5.34;8.06;4.99;12.21;5.03;12.09;5.39;6.79;6.94;4.14;1;18.6;1.4;3;4;19.2;44.8
816;FE5220;Fourrage;ENSILAGES;Légumineuses Fourragères, Luzerne Mi-fané > 50% MS, enrubanné 1er cycle Bourgeonnement;55;0.75;0.66;33;80;49;6.97;1.9;1.82;2.3;1.19;1.05;1.07;901;62;179;69;337;53;498;50;343;46;20;38;2.6;1.7;12.8;3.8;2.3;684;4495;58;2155;76;76;77;1.1;0.3;30;3.5;615;6;25;35;0.02;0.02;0.1;;;;5.71;1.69;3.51;4.98;6.49;1.55;5.29;7.32;4.86;17.16;5.69;9.98;8.32;5.63;7.6;4.21;3.12;6.97;1.82;4.41;5.22;5.87;1.9;5.35;8.06;4.99;12.18;5.02;12.12;5.34;6.79;6.94;4.15;1;18.7;1.4;3;4;19.4;44.2
817;FE5230;Fourrage;ENSILAGES;Légumineuses Fourragères, Luzerne Mi-fané > 50% MS, enrubanné 1er cycle Début floraison;55;0.71;0.62;31;76;41;7;1.92;1.82;2.2;1.2;1.04;1.07;902;59;168;68;346;50;504;46;348;42;19;37;2.6;1.7;12.8;3.8;2.3;684;4475;56;2061;76;76;75;1.1;0.3;30;3.5;615;6;25;35;0.02;0.02;0.1;;;;5.71;1.69;3.51;4.98;6.49;1.55;5.29;7.32;4.86;17.16;5.69;9.98;8.32;5.63;7.6;4.21;3.12;7;1.82;4.42;5.23;5.87;1.92;5.36;8.06;5;12.13;5;12.16;5.29;6.79;6.94;4.15;1;18.8;1.4;3;4.1;19.7;43.6
818;FE5240;Fourrage;ENSILAGES;Légumineuses Fourragères, Luzerne Mi-fané > 50% MS, enrubanné 1er cycle Floraison;55;0.68;0.58;29;74;37;7.02;1.92;1.82;2.2;1.22;1.06;1.09;906;57;160;67;355;46;509;42;355;37;18;36;2.3;1.5;12.8;3.8;2.3;684;4472;54;1973;75;75;74;1.1;0.3;30;3.5;615;6;25;35;0.02;0.02;0.1;;;;5.71;1.69;3.51;4.98;6.49;1.55;5.29;7.32;4.86;17.16;5.69;9.98;8.32;5.63;7.6;4.21;3.12;7.02;1.82;4.43;5.24;5.87;1.92;5.36;8.07;5;12.11;4.99;12.18;5.25;6.79;6.94;4.15;1;18.9;1.4;3;4.1;19.8;43.2
819;FE5250;Fourrage;ENSILAGES;Légumineuses Fourragères, Luzerne Mi-fané > 50% MS, enrubanné 2e cycle après coupe bourgeonnement Repousses à tiges de 5 semaines;55;0.78;0.7;37;84;66;6.92;1.88;1.82;2.5;1.1;1;1;904;63;201;71;330;56;494;53;338;49;22;39;2.6;1.7;12.1;3.6;2.3;684;4559;60;2240;76;77;78;1.1;0.3;30;3.5;615;6;25;35;0.02;0.02;0.1;;;;5.71;1.69;3.51;4.98;6.49;1.55;5.29;7.32;4.86;17.16;5.69;9.98;8.32;5.63;7.6;4.21;3.12;6.92;1.82;4.4;5.21;5.88;1.88;5.33;8.05;4.99;12.25;5.04;12.06;5.44;6.79;6.93;4.14;1;18.4;1.4;3;3.9;19;45.5
820;FE5260;Fourrage;ENSILAGES;Légumineuses Fourragères, Luzerne Mi-fané > 50% MS, enrubanné 2e cycle après coupe bourgeonnement Repousses à tiges de 6 semaines;55;0.78;0.7;36;83;61;6.94;1.89;1.82;2.4;1.12;1.02;1.02;904;63;196;70;342;57;501;53;346;50;21;39;2.3;1.5;11.9;3.6;2.3;827;4548;60;2237;76;77;77;1.5;0.5;37;5.1;733;8;40;50;0.2;0.2;0.2;;;;5.71;1.69;3.51;4.98;6.49;1.55;5.29;7.32;4.86;17.16;5.69;9.98;8.32;5.63;7.6;4.21;3.12;6.94;1.82;4.41;5.21;5.87;1.89;5.34;8.06;4.99;12.22;5.03;12.08;5.4;6.79;6.94;4.14;1;18.5;1.4;3;3.9;19.1;45.2
821;FE5270;Fourrage;ENSILAGES;Légumineuses Fourragères, Luzerne Mi-fané > 50% MS, enrubanné 2e cycle après coupe bourgeonnement Repousses à tiges de 7 semaines;55;0.74;0.65;32;79;53;6.98;1.91;1.82;2.3;1.17;1.05;1.08;904;61;183;69;346;53;504;49;348;45;20;38;2.3;1.5;11.9;3.6;1.8;742;4518;57;2135;76;77;74;1.4;0.4;33;4.3;655;8;40;50;0.2;0.2;0.2;;;;5.71;1.69;3.51;4.98;6.49;1.55;5.29;7.32;4.86;17.16;5.69;9.98;8.32;5.63;7.6;4.21;3.12;6.98;1.82;4.42;5.23;5.87;1.91;5.35;8.06;5;12.16;5.01;12.13;5.32;6.79;6.94;4.15;1;18.6;1.4;3;4;19.3;44.5
822;FE5280;Fourrage;ENSILAGES;Légumineuses Fourragères, Luzerne Mi-fané > 50% MS, enrubanné 2e cycle après coupe bourgeonnement Repousses à tiges de 8 semaines;55;0.7;0.61;31;76;51;6.99;1.91;1.82;2.3;1.2;1.07;1.11;905;59;178;69;360;50;512;45;358;41;20;37;2;1.3;11.9;3.6;1.4;610;4510;55;2040;76;76;73;1.4;0.3;28;4.3;522;8;30;40;0.2;0.2;0.2;;;;5.71;1.69;3.51;4.98;6.49;1.55;5.29;7.32;4.86;17.16;5.69;9.98;8.32;5.63;7.6;4.21;3.12;6.99;1.82;4.42;5.23;5.87;1.91;5.35;8.06;5;12.15;5.01;12.14;5.31;6.79;6.94;4.15;1;18.7;1.4;3;4;19.4;44.2
823;FE5290;Fourrage;ENSILAGES;Légumineuses Fourragères, Luzerne Mi-fané > 50% MS, enrubanné 2e cycle après coupe bourgeonnement Repousses à tiges de 9 semaines;55;0.66;0.56;29;73;44;7.02;1.92;1.82;2.2;1.22;1.08;1.15;903;56;169;69;362;45;513;41;359;36;19;37;2;1.3;11.7;3.5;1.4;610;4481;53;1941;76;76;71;1.4;0.3;28;4.3;522;8;30;40;0.2;0.2;0.2;;;;5.71;1.69;3.51;4.98;6.49;1.55;5.29;7.32;4.86;17.16;5.69;9.98;8.32;5.63;7.6;4.21;3.12;7.02;1.82;4.43;5.24;5.87;1.92;5.36;8.07;5;12.11;4.99;12.18;5.25;6.79;6.94;4.15;1;18.8;1.4;3;4.1;19.6;43.6
824;FE5300;Fourrage;ENSILAGES;Légumineuses Fourragères, Trèfle Violet Brins courts sans conservateur 1er cycle Début bourgeonnement;17.6;0.95;0.9;22;68;60;7.08;2.42;1.86;2.5;1.08;1.12;1.19;878;72;178;70;239;64;432;64;295;64;22;40;2.8;1.8;11.4;3.4;1.8;435;4526;68;2612;82;86;69;1.4;0.4;21;4.3;347;8;30;40;0.2;0.2;0.2;3000;300;5;5.44;1.81;3.22;3.95;8.88;2.93;7.26;11.41;6.63;9.86;3.55;8.78;4.42;6.42;12.14;3.3;3.12;7.08;1.86;4.43;5.03;6.38;2.42;6.02;9.16;5.48;10.52;4.27;12.05;3.9;7.02;7.5;4.08;1;17;1.4;2.8;3.7;18.7;51.9
825;FE5310;Fourrage;ENSILAGES;Légumineuses Fourragères, Trèfle Violet Brins courts sans conservateur 1er cycle Bourgeonnement;18.6;0.92;0.87;21;67;54;7.1;2.41;1.86;2.5;1.09;1.12;1.18;891;71;171;70;257;61;441;61;307;61;21;38;2.6;1.7;11.2;3.4;1.8;435;4569;67;2570;82;85;68;1.4;0.4;21;4.3;347;8;30;40;0.2;0.2;0.2;3000;300;5;5.44;1.81;3.22;3.95;8.88;2.93;7.26;11.41;6.63;9.86;3.55;8.78;4.42;6.42;12.14;3.3;3.12;7.1;1.86;4.43;5.04;6.37;2.41;6.01;9.14;5.47;10.53;4.28;12.07;3.89;7.02;7.49;4.08;1;17.1;1.4;2.9;3.8;19;51.2
826;FE5320;Fourrage;ENSILAGES;Légumineuses Fourragères, Trèfle Violet Brins courts sans conservateur 1er cycle Début floraison;19.2;0.84;0.76;19;63;53;7.12;2.41;1.86;2.3;1.2;1.17;1.27;890;66;165;69;281;55;453;54;324;54;20;37;2.3;1.5;11.2;3.4;1.8;435;4550;62;2364;82;85;65;1.4;0.4;21;4.3;347;8;30;40;0.2;0.2;0.2;3000;300;5;5.44;1.81;3.22;3.95;8.88;2.93;7.26;11.41;6.63;9.86;3.55;8.78;4.42;6.42;12.14;3.3;3.12;7.12;1.86;4.44;5.05;6.35;2.41;6;9.11;5.46;10.54;4.29;12.11;3.89;7.01;7.47;4.08;1;17.2;1.4;2.9;3.8;19.2;50.5
827;FE5330;Fourrage;ENSILAGES;Légumineuses Fourragères, Trèfle Violet Brins courts sans conservateur 2e cycle après coupe bourgeonnement Repousses à tiges de 6 semaines;19.9;0.91;0.85;23;68;67;7.04;2.42;1.86;2.7;1;1.06;1.06;883;70;186;70;242;56;433;58;297;57;23;41;2.6;1.7;11.7;3.5;2.3;;4569;66;2543;82;86;67;2;0.4;13;;;;40;40;0.02;0.02;0.1;3000;300;5;5.44;1.81;3.22;3.95;8.88;2.93;7.26;11.41;6.63;9.86;3.55;8.78;4.42;6.42;12.14;3.3;3.12;7.04;1.86;4.41;5.01;6.41;2.42;6.04;9.21;5.49;10.49;4.25;11.99;3.91;7.03;7.53;4.07;1;17;1.4;2.8;3.7;18.5;52.2
828;FE5340;Fourrage;ENSILAGES;Légumineuses Fourragères, Trèfle Violet Brins courts sans conservateur 2e cycle après coupe bourgeonnement Repousses à tiges de 7 semaines;21.6;0.87;0.8;22;67;63;7.05;2.42;1.86;2.6;1.03;1.05;1.05;893;67;181;70;253;50;439;53;305;51;22;40;2.6;1.7;11.4;3.4;2.3;;4603;63;2451;81;85;66;2;0.4;13;;;;40;40;0.02;0.02;0.1;3000;300;5;5.44;1.81;3.22;3.95;8.88;2.93;7.26;11.41;6.63;9.86;3.55;8.78;4.42;6.42;12.14;3.3;3.12;7.05;1.86;4.41;5.01;6.41;2.42;6.04;9.2;5.49;10.5;4.25;12;3.9;7.03;7.52;4.07;1;17.1;1.4;2.8;3.7;18.8;51.7
829;FE5350;Fourrage;ENSILAGES;Légumineuses Fourragères, Trèfle Violet Brins courts avec conservateur 1er cycle Début bourgeonnement;17.6;0.94;0.89;27;76;51;7.13;1.97;2.15;2.6;1.02;1.03;1.04;878;72;178;69;239;64;432;64;295;64;22;40;2.8;1.8;11.4;3.4;1.8;435;4478;68;2588;79;82;73;1.4;0.4;21;4.3;347;8;30;40;0.2;0.2;0.2;3000;300;5;5.84;2.74;5.79;5.33;6.07;1.6;4.96;8.85;5.63;14.13;5.33;12.37;4.77;5.72;6.74;4.15;3.12;7.13;2.15;4.84;5.35;5.75;1.97;5.26;8.53;5.24;11.37;4.83;12.92;4.03;6.82;6.82;4.15;1;17;1.4;2.8;3.7;18.7;51.9
830;FE5360;Fourrage;ENSILAGES;Légumineuses Fourragères, Trèfle Violet Brins courts avec conservateur 1er cycle Bourgeonnement;18.6;0.92;0.86;26;74;45;7.15;1.98;2.14;2.6;1.03;1.03;1.04;891;71;171;68;257;61;441;61;307;61;21;38;2.6;1.7;11.2;3.4;1.8;435;4520;67;2546;79;82;72;1.4;0.4;21;4.3;347;8;30;40;0.2;0.2;0.2;3000;300;5;5.84;2.74;5.79;5.33;6.07;1.6;4.96;8.85;5.63;14.13;5.33;12.37;4.77;5.72;6.74;4.15;3.12;7.15;2.14;4.83;5.35;5.75;1.98;5.27;8.53;5.24;11.36;4.83;12.93;4.03;6.82;6.82;4.15;1;17.1;1.4;2.9;3.8;19;51.2
831;FE5370;Fourrage;ENSILAGES;Légumineuses Fourragères, Trèfle Violet Brins courts avec conservateur 1er cycle Début floraison;19.2;0.83;0.76;24;70;44;7.17;1.99;2.13;2.4;1.14;1.08;1.12;890;66;165;67;281;55;453;54;324;54;20;37;2.3;1.5;11.2;3.4;1.8;435;4501;62;2341;79;81;70;1.4;0.4;21;4.3;347;8;30;40;0.2;0.2;0.2;3000;300;5;5.84;2.74;5.79;5.33;6.07;1.6;4.96;8.85;5.63;14.13;5.33;12.37;4.77;5.72;6.74;4.15;3.12;7.17;2.13;4.83;5.35;5.75;1.99;5.28;8.52;5.23;11.35;4.82;12.94;4.02;6.82;6.82;4.15;1;17.2;1.4;2.9;3.8;19.2;50.5
832;FE5380;Fourrage;ENSILAGES;Légumineuses Fourragères, Trèfle Violet Brins courts avec conservateur 2e cycle après coupe bourgeonnement Repousses à tiges de 6 semaines;19.9;0.9;0.85;28;76;58;7.1;1.96;2.16;2.8;0.95;0.98;0.95;883;70;186;69;242;56;433;58;297;57;23;41;2.6;1.7;11.7;3.5;2.3;;4520;66;2519;79;82;71;2;0.4;13;;;;40;40;0.02;0.02;0.1;3000;300;5;5.84;2.74;5.79;5.33;6.07;1.6;4.96;8.85;5.63;14.13;5.33;12.37;4.77;5.72;6.74;4.15;3.12;7.1;2.16;4.84;5.34;5.75;1.96;5.25;8.55;5.24;11.39;4.84;12.91;4.05;6.82;6.81;4.14;1;17;1.4;2.8;3.7;18.5;52.2
833;FE5390;Fourrage;ENSILAGES;Légumineuses Fourragères, Trèfle Violet Brins courts avec conservateur 2e cycle après coupe bourgeonnement Repousses à tiges de 7 semaines;21.6;0.86;0.8;28;74;54;7.11;1.96;2.16;2.8;0.98;0.98;0.94;893;67;181;69;253;50;439;53;305;51;22;40;2.6;1.7;11.4;3.4;2.3;;4554;63;2428;78;81;70;2;0.4;13;;;;40;40;0.02;0.02;0.1;3000;300;5;5.84;2.74;5.79;5.33;6.07;1.6;4.96;8.85;5.63;14.13;5.33;12.37;4.77;5.72;6.74;4.15;3.12;7.11;2.16;4.84;5.34;5.75;1.96;5.25;8.55;5.24;11.38;4.84;12.91;4.05;6.82;6.81;4.14;1;17.1;1.4;2.8;3.7;18.8;51.7
844;FE5500;Fourrage;ENSILAGES;Légumineuses Fourragères, Trèfle Violet Mi-fané > 50% MS, enrubanné 1er cycle Début bourgeonnement;55;0.84;0.78;35;84;47;7.27;1.91;1.98;2.5;1.09;1.02;1.01;879;69;183;69;273;59;473;60;318;58;18;36;2.8;1.8;11.4;3.4;1.8;435;4319;65;2358;76;77;79;1.4;0.4;21;4.3;347;8;30;40;0.2;0.2;0.2;;;;6.6;2.17;3.52;5.19;7.53;1.59;5.97;9.79;5.96;12.94;4.96;10.1;5.6;5.81;9;3.27;3.12;7.27;1.98;4.4;5.26;6.16;1.91;5.61;8.89;5.35;11.11;4.71;12.11;4.37;6.83;7.14;4.03;1;18.3;1.4;3.2;3.7;21.1;48.4
845;FE5510;Fourrage;ENSILAGES;Légumineuses Fourragères, Trèfle Violet Mi-fané > 50% MS, enrubanné 1er cycle Bourgeonnement;55;0.82;0.75;32;80;34;7.3;1.93;1.98;2.5;1.1;1.06;1.1;888;68;167;68;290;57;482;58;330;55;17;35;2.6;1.7;11.2;3.4;1.8;435;4329;64;2304;75;76;76;1.4;0.4;21;4.3;347;8;30;40;0.2;0.2;0.2;;;;6.6;2.17;3.52;5.19;7.53;1.59;5.97;9.79;5.96;12.94;4.96;10.1;5.6;5.81;9;3.27;3.12;7.3;1.98;4.42;5.28;6.14;1.93;5.61;8.85;5.34;11.1;4.71;12.17;4.33;6.83;7.13;4.04;1;18.4;1.4;3.2;3.8;21.4;47.7
846;FE5520;Fourrage;ENSILAGES;Légumineuses Fourragères, Trèfle Violet Mi-fané > 50% MS, enrubanné 1er cycle Début floraison;55;0.76;0.68;28;75;26;7.33;1.95;1.97;2.3;1.17;1.1;1.16;888;64;152;67;311;51;495;51;344;48;16;33;2.3;1.5;11.2;3.4;1.8;435;4305;60;2160;75;75;73;1.4;0.4;21;4.3;347;8;30;40;0.2;0.2;0.2;;;;6.6;2.17;3.52;5.19;7.53;1.59;5.97;9.79;5.96;12.94;4.96;10.1;5.6;5.81;9;3.27;3.12;7.33;1.97;4.43;5.29;6.12;1.95;5.61;8.81;5.33;11.09;4.7;12.23;4.29;6.83;7.12;4.05;1;18.5;1.4;3.3;3.8;21.6;47
847;FE5530;Fourrage;ENSILAGES;Légumineuses Fourragères, Trèfle Violet Mi-fané > 50% MS, enrubanné 1er cycle Floraison;55;0.74;0.66;25;72;16;7.36;1.97;1.96;2.3;1.19;1.14;1.24;897;62;140;65;329;50;505;49;356;46;15;32;2.3;1.5;11;3.3;1.8;435;4320;59;2118;74;74;70;1.4;0.4;21;4.3;347;8;30;40;0.2;0.2;0.2;;;;6.6;2.17;3.52;5.19;7.53;1.59;5.97;9.79;5.96;12.94;4.96;10.1;5.6;5.81;9;3.27;3.12;7.36;1.96;4.45;5.3;6.1;1.97;5.61;8.77;5.32;11.09;4.69;12.29;4.26;6.83;7.11;4.06;1;18.5;1.4;3.3;3.9;21.8;46.4
848;FE5540;Fourrage;ENSILAGES;Légumineuses Fourragères, Trèfle Violet Mi-fané > 50% MS, enrubanné 2e cycle après coupe bourgeonnement Repousses à tiges de 6 semaines;55;0.81;0.75;36;84;55;7.26;1.9;1.99;2.6;1.03;0.99;0.96;885;67;192;69;281;54;477;55;324;52;19;37;2.6;1.7;11.7;3.5;2.3;;4360;63;2293;75;77;77;2;0.4;13;;;;40;40;0.02;0.02;0.1;;;;6.6;2.17;3.52;5.19;7.53;1.59;5.97;9.79;5.96;12.94;4.96;10.1;5.6;5.81;9;3.27;3.12;7.26;1.99;4.39;5.26;6.17;1.9;5.61;8.91;5.35;11.12;4.72;12.08;4.38;6.84;7.14;4.03;1;18.2;1.4;3.2;3.7;20.9;48.8
849;FE5550;Fourrage;ENSILAGES;Légumineuses Fourragères, Trèfle Violet Mi-fané > 50% MS, enrubanné 2e cycle après coupe bourgeonnement Repousses à tiges de 7 semaines;55;0.78;0.71;33;81;46;7.28;1.92;1.98;2.6;1.05;1.02;1.02;893;65;179;69;294;50;485;51;332;48;18;36;2.6;1.7;11.4;3.4;2.3;;4371;61;2218;75;76;74;2;0.4;13;;;;40;40;0.02;0.02;0.1;;;;6.6;2.17;3.52;5.19;7.53;1.59;5.97;9.79;5.96;12.94;4.96;10.1;5.6;5.81;9;3.27;3.12;7.28;1.98;4.41;5.27;6.15;1.92;5.61;8.87;5.34;11.11;4.71;12.13;4.35;6.83;7.14;4.04;1;18.3;1.4;3.2;3.7;21.2;48.2
850;FE5560;Fourrage;ENSILAGES;Protéagineux, Pois  Hachage fin avec conservateur Graine consistante;28;0.96;0.91;25;73;20;7.22;1.88;2.17;2.5;1.08;0.95;0.95;910;72;155;68;211;55;361;;266;;19;35;2.3;1.5;11.2;3.4;2.5;315;4470;69;2629;70;70;55;2.5;1;15;4;159;8;30;30;0.02;0.02;0.1;2000;300;5;6.15;2.88;3.8;4.58;6.68;1.31;5.5;8.64;5.5;13.22;5.89;13.61;6.41;5.37;6.81;3.66;3.12;7.22;2.17;4.49;5.14;5.88;1.88;5.44;8.42;5.18;11.13;4.98;13.2;4.48;6.67;6.8;4.09;;;;;;;
851;FE5570;Fourrage;ENSILAGES;Protéagineux, Fèverole  Hachage fin avec conservateur Graine consistante;26.2;0.85;0.78;20;67;16;7.53;1.78;2.09;2.3;1.2;1;1;907;66;145;65;286;45;414;;319;;14;25;2.6;1.7;10.8;3.2;3;315;4470;63;2385;71;70;48;2.3;1;15;4;172;8;30;30;0.02;0.02;0.1;2000;300;5;6.82;2.67;10.45;3.84;4.8;0.75;4.37;8.1;4.48;12.79;5.44;18.76;4.37;4.58;4.37;3.41;2.1;7.53;2.09;5.5;5.06;5.5;1.78;5.16;8.33;4.96;11.12;4.85;14.51;3.9;6.51;6.58;4.12;;;;;;;
852;FE5580;Fourrage;ENSILAGES;Composées, Tournesol  Hachage fin sans conservateur Graine consistante;23;0.81;0.73;18;62;-7;6.81;2.31;2.08;1.7;1.63;1.05;1.1;899;62;105;65;273;46;380;;291;;41;75;2.6;1.7;11.5;3.4;3;294;4590;60;2295;73;70;63;1.7;0.5;15;4;187;3;20;40;0.02;0.02;0.1;2000;300;5;4.07;2.71;9.16;4.07;5.54;2.6;4.64;6.9;4.98;9.95;4.86;21.49;4.98;6.45;4.98;2.6;2.9;6.81;2.08;5.25;5.1;5.63;2.31;5.22;7.98;5.05;10.57;4.65;14.94;4.01;7.01;6.63;4.04;;;;;;;
853;FE5590;Fourrage;ENSILAGES;Crucifères, Choux  Hachage fin sans conservateur Moelliers et 1/2 moelliers;15.7;1.09;1.07;26;75;22;7.22;1.97;2.31;2.1;1.3;1;1;888;79;157;73;190;73;330;;205;;4;8;2.8;1.8;12.1;3.6;3;294;4510;76;2925;72;70;59;4.2;0.5;15;4;31;3;20;40;0.02;0.02;0.1;2000;300;5;6.02;3.3;9.25;4.61;6.47;1.55;4.44;7.4;4.67;12.15;4.85;13.02;7.58;5.02;6.16;3.53;3.12;7.22;2.31;5.4;5.17;5.86;1.97;5.1;8.11;4.97;10.97;4.68;13.12;4.86;6.59;6.75;4.1;;13.6;;1.5;16.8;10;43
854;FF0010;Fourrage;FOINS;Prairies Permanentes, Plaine (Normandie) Ventilé 1er cycle 1-10 mai, feuillu, ST = 298°C;85;0.91;0.86;44;96;18;6.9;1.89;2.01;2.4;1.12;0.98;0.96;900;72;165;68;269;71;566;71;300;69;16;25;3.3;2.2;4.9;1.7;3;245;4438;68;2525;69;68;85;2;0.2;18;8;120;6;30;80;0.02;0.02;0.1;1500;5;10;5.79;2.21;5.79;5.41;6.79;1.62;5.26;9.24;6.06;10.79;4.93;11.92;7.23;5.9;7.18;3.87;3.12;6.9;2.01;4.86;5.32;5.95;1.89;5.29;8.74;5.41;10.56;4.71;12.64;5.05;6.88;6.83;4.09;1;19.6;1.4;3.2;4.4;16.9;48.6
855;FF0020;Fourrage;FOINS;Prairies Permanentes, Plaine (Normandie) Ventilé 1er cycle 15-25 mai, début épiaison, ST = 470°C;85;0.85;0.78;33;84;-9;7.03;1.95;1.99;2.2;1.21;1.02;1.04;910;67;127;59;295;66;591;65;321;63;13;22;3.2;2.1;4.6;1.6;2;354;4418;64;2373;67;65;79;3.6;2.7;18;8;129;7;80;110;0.1;0.02;0.1;1500;5;10;5.79;2.21;5.79;5.41;6.79;1.62;5.26;9.24;6.06;10.79;4.93;11.92;7.23;5.9;7.18;3.87;3.12;7.03;1.99;4.83;5.34;5.93;1.95;5.33;8.66;5.37;10.62;4.7;12.72;4.86;6.87;6.85;4.1;1;20.5;1.4;3.4;4.6;17.7;45.8
856;FF0030;Fourrage;FOINS;Prairies Permanentes, Plaine (Normandie) Ventilé 1er cycle 1-10 juin, épiaison, ST = 685°C;85;0.76;0.68;26;75;-22;7.13;1.99;1.97;1.9;1.42;1.11;1.2;919;62;104;53;333;63;628;60;353;58;11;19;3.1;2;4.2;1.5;2;354;4420;59;2167;67;63;75;3.6;2.7;18;8;129;7;80;110;0.1;0.02;0.1;1500;5;10;5.79;2.21;5.79;5.41;6.79;1.62;5.26;9.24;6.06;10.79;4.93;11.92;7.23;5.9;7.18;3.87;3.12;7.13;1.97;4.82;5.36;5.91;1.99;5.37;8.61;5.34;10.66;4.68;12.78;4.72;6.86;6.86;4.11;1;21.1;1.4;3.5;4.7;18.1;43.9
857;FF0040;Fourrage;FOINS;Prairies Permanentes, Plaine (Normandie) Ventilé 1er cycle 15-25 juin, floraison, ST = 903°C;85;0.67;0.58;21;69;-30;7.2;2.02;1.96;1.7;1.55;1.16;1.31;919;57;88;47;353;59;648;55;369;53;9;18;3.1;2;3.9;1.4;2.2;638;4392;53;1953;67;62;72;3.2;2.5;28;6.7;438;7;80;130;0.1;0.02;0.1;1500;5;10;5.79;2.21;5.79;5.41;6.79;1.62;5.26;9.24;6.06;10.79;4.93;11.92;7.23;5.9;7.18;3.87;3.12;7.2;1.96;4.8;5.37;5.9;2.02;5.39;8.57;5.32;10.69;4.67;12.82;4.62;6.86;6.87;4.12;1;21.5;1.4;3.6;4.8;18.5;42.5
858;FF0050;Fourrage;FOINS;Prairies Permanentes, Plaine (Normandie) Ventilé 2e cycle après coupe épiaison Repousses feuillues de 7 semaines;85;0.84;0.78;38;89;6;6.95;1.91;2;2.2;1.21;1.02;1.03;908;67;148;61;295;66;591;65;321;63;15;24;3.2;2.1;5.6;2;2.2;388;4445;64;2374;67;65;79;1.4;0.5;19;4.3;300;4;30;125;0.1;0.02;0.1;1500;5;10;5.79;2.21;5.79;5.41;6.79;1.62;5.26;9.24;6.06;10.79;4.93;11.92;7.23;5.9;7.18;3.87;3.12;6.95;2;4.85;5.33;5.94;1.91;5.3;8.71;5.39;10.58;4.71;12.67;4.98;6.87;6.84;4.09;1;20;1.4;3.3;4.5;17.2;47.5
859;FF0060;Fourrage;FOINS;Prairies Permanentes, Plaine (Normandie) Fané au sol par beau temps 1er cycle 15-25 mai, début épiaison, ST = 470°C;85;0.84;0.78;32;83;-8;7.04;1.95;1.99;2.1;1.3;1.02;1.04;910;67;127;59;295;66;591;65;321;63;13;22;3.2;2.1;4.6;1.6;2;354;4418;64;2365;68;65;79;3.6;2.7;18;8;129;7;80;110;0.1;0.02;0.1;1500;5;10;5.79;2.21;5.79;5.41;6.79;1.62;5.26;9.24;6.06;10.79;4.93;11.92;7.23;5.9;7.18;3.87;3.12;7.04;1.99;4.83;5.34;5.93;1.95;5.34;8.66;5.37;10.62;4.69;12.73;4.85;6.87;6.85;4.1;1;20.5;1.4;3.4;4.6;17.7;45.8
860;FF0070;Fourrage;FOINS;Prairies Permanentes, Plaine (Normandie) Fané au sol par beau temps 1er cycle 1-10 juin, épiaison, ST = 685°C;85;0.76;0.68;25;75;-21;7.14;1.99;1.97;1.8;1.53;1.11;1.2;922;62;104;53;333;63;628;60;353;58;11;19;3.1;2;4.2;1.5;2;354;4434;59;2168;68;63;75;3.6;2.7;18;8;129;7;80;110;0.1;0.02;0.1;1500;5;10;5.79;2.21;5.79;5.41;6.79;1.62;5.26;9.24;6.06;10.79;4.93;11.92;7.23;5.9;7.18;3.87;3.12;7.14;1.97;4.81;5.36;5.91;1.99;5.37;8.6;5.34;10.67;4.68;12.79;4.7;6.86;6.87;4.11;1;21.1;1.4;3.5;4.7;18.1;43.9
861;FF0080;Fourrage;FOINS;Prairies Permanentes, Plaine (Normandie) Fané au sol par beau temps 1er cycle 15-25 juin, floraison, ST = 903°C;85;0.67;0.58;21;68;-29;7.21;2.02;1.96;1.6;1.69;1.16;1.31;923;57;88;47;353;59;648;55;369;53;9;18;3.1;2;3.9;1.4;2.2;638;4410;53;1955;67;62;72;3.2;2.5;28;6.7;438;7;80;130;0.1;0.02;0.1;1500;5;10;5.79;2.21;5.79;5.41;6.79;1.62;5.26;9.24;6.06;10.79;4.93;11.92;7.23;5.9;7.18;3.87;3.12;7.21;1.96;4.8;5.37;5.9;2.02;5.39;8.56;5.32;10.69;4.67;12.83;4.6;6.86;6.88;4.12;1;21.5;1.4;3.6;4.8;18.5;42.5
862;FF0090;Fourrage;FOINS;Prairies Permanentes, Plaine (Normandie) Fané au sol par beau temps 2e cycle après déprimage Repousses à tiges de 5 semaines;85;0.84;0.78;38;89;4;6.96;1.91;2;2.2;1.24;1;0.99;907;67;146;60;284;65;581;64;312;62;15;23;3.2;2.1;4.9;1.7;2.3;638;4437;64;2368;67;65;79;1.2;0.5;28;3.6;563;6;50;100;0.02;0.02;0.1;1500;5;10;5.79;2.21;5.79;5.41;6.79;1.62;5.26;9.24;6.06;10.79;4.93;11.92;7.23;5.9;7.18;3.87;3.12;6.96;2;4.85;5.33;5.94;1.91;5.31;8.71;5.39;10.59;4.7;12.68;4.96;6.87;6.84;4.09;1;20;1.4;3.3;4.5;17.3;47.3
863;FF0100;Fourrage;FOINS;Prairies Permanentes, Plaine (Normandie) Fané au sol par beau temps 2e cycle après déprimage Repousses à tiges de 7 semaines;85;0.79;0.71;25;76;-24;7.14;1.99;1.97;1.8;1.47;1.08;1.15;922;64;105;50;337;66;632;63;356;62;11;20;3.1;2;4.6;1.6;2.3;470;4435;60;2240;66;61;71;1.3;0.5;22;4.1;389;5;40;95;0.1;0.02;0.1;1500;5;10;5.79;2.21;5.79;5.41;6.79;1.62;5.26;9.24;6.06;10.79;4.93;11.92;7.23;5.9;7.18;3.87;3.12;7.14;1.97;4.81;5.36;5.91;1.99;5.37;8.6;5.34;10.67;4.68;12.79;4.7;6.86;6.87;4.11;1;21;1.4;3.5;4.7;18.1;44
864;FF0110;Fourrage;FOINS;Prairies Permanentes, Plaine (Normandie) Fané au sol par beau temps 2e cycle après déprimage Repousses à tiges de 9 semaines;85;0.71;0.62;24;72;-24;7.15;2;1.97;1.8;1.53;1.11;1.2;916;59;100;48;330;60;625;57;350;55;10;19;3.1;2;4.2;1.5;2.2;388;4399;56;2052;66;61;70;1.4;0.5;19;4.3;300;4;30;125;0.1;0.02;0.1;1500;5;10;5.79;2.21;5.79;5.41;6.79;1.62;5.26;9.24;6.06;10.79;4.93;11.92;7.23;5.9;7.18;3.87;3.12;7.15;1.97;4.81;5.36;5.91;2;5.37;8.59;5.33;10.67;4.68;12.79;4.68;6.86;6.87;4.12;1;21.2;1.4;3.5;4.7;18.2;43.6
865;FF0120;Fourrage;FOINS;Prairies Permanentes, Plaine (Normandie) Fané au sol par beau temps 2e cycle après coupe épiaison Repousses feuillues de 5 semaines;85;0.88;0.81;55;106;49;6.76;1.83;2.03;2.4;1.14;0.95;0.92;903;69;206;68;290;68;587;68;317;66;19;28;3.3;2.2;5.6;2;2.2;388;4523;65;2454;69;68;87;1.4;0.5;19;4.3;300;4;30;125;0.1;0.02;0.1;1500;5;10;5.79;2.21;5.79;5.41;6.79;1.62;5.26;9.24;6.06;10.79;4.93;11.92;7.23;5.9;7.18;3.87;3.12;6.76;2.03;4.88;5.3;5.98;1.83;5.24;8.82;5.44;10.5;4.73;12.56;5.25;6.89;6.81;4.07;1;19.1;1.4;3.1;4.3;16.3;50.4
866;FF0130;Fourrage;FOINS;Prairies Permanentes, Plaine (Normandie) Fané au sol par beau temps 2e cycle après coupe épiaison Repousses feuillues de 7 semaines;85;0.84;0.78;38;89;6;6.96;1.91;2;2.1;1.29;1.02;1.03;908;67;148;61;295;66;591;65;321;63;15;24;3.2;2.1;5.6;2;2.2;388;4445;64;2367;68;65;79;1.4;0.5;19;4.3;300;4;30;125;0.1;0.02;0.1;1500;5;10;5.79;2.21;5.79;5.41;6.79;1.62;5.26;9.24;6.06;10.79;4.93;11.92;7.23;5.9;7.18;3.87;3.12;6.96;2;4.85;5.33;5.94;1.91;5.31;8.71;5.39;10.59;4.7;12.68;4.96;6.87;6.84;4.09;1;20;1.4;3.3;4.5;17.2;47.5
867;FF0140;Fourrage;FOINS;Prairies Permanentes, Plaine (Normandie) Fané au sol par beau temps 3e cycle Repousses feuillues de 6 semaines;85;0.86;0.79;51;102;40;6.8;1.85;2.03;2.3;1.18;0.97;0.95;902;68;193;67;292;67;589;66;319;64;19;28;3.3;2.2;4.9;1.7;2.2;234;4496;65;2409;69;67;85;1.6;0.5;13;4.3;134;6;45;150;0.1;0.02;0.1;1500;5;10;5.79;2.21;5.79;5.41;6.79;1.62;5.26;9.24;6.06;10.79;4.93;11.92;7.23;5.9;7.18;3.87;3.12;6.8;2.03;4.88;5.3;5.97;1.85;5.25;8.8;5.43;10.52;4.72;12.59;5.19;6.88;6.81;4.07;1;19.1;1.4;3.1;4.3;16.3;50.4
868;FF0150;Fourrage;FOINS;Prairies Permanentes, Plaine (Normandie) Fané au sol par beau temps 3e cycle Repousses feuillues de 8 semaines;85;0.85;0.79;43;94;24;6.89;1.88;2.01;2;1.34;1.04;1.07;887;69;170;65;272;66;569;67;302;64;17;26;3.3;2.2;4.6;1.6;3.1;123;4387;65;2387;69;66;82;1.8;0.9;7;3.4;10;7;45;220;0.1;0.02;0.1;1500;5;10;5.79;2.21;5.79;5.41;6.79;1.62;5.26;9.24;6.06;10.79;4.93;11.92;7.23;5.9;7.18;3.87;3.12;6.89;2.01;4.86;5.32;5.95;1.88;5.28;8.75;5.41;10.56;4.71;12.64;5.06;6.88;6.83;4.08;1;19.5;1.4;3.2;4.4;16.8;49
869;FF0160;Fourrage;FOINS;Prairies Permanentes, Plaine (Normandie) Fané au sol par temps de pluie (< 10 jours) 1er cycle 15-25 mai, début épiaison, ST = 470°C;85;0.8;0.73;30;81;-10;7.06;1.96;1.98;1.9;1.4;1.08;1.13;909;65;122;57;317;66;613;63;340;62;13;22;3.2;2.1;4.6;1.6;2;354;4405;62;2269;68;65;78;3.6;2.7;18;8;129;7;80;110;0.1;0.02;0.1;1500;5;10;5.79;2.21;5.79;5.41;6.79;1.62;5.26;9.24;6.06;10.79;4.93;11.92;7.23;5.9;7.18;3.87;3.12;7.06;1.98;4.83;5.35;5.92;1.96;5.34;8.65;5.36;10.63;4.69;12.74;4.82;6.87;6.85;4.1;1;20.5;1.4;3.4;4.6;17.7;36.8
870;FF0170;Fourrage;FOINS;Prairies Permanentes, Plaine (Normandie) Fané au sol par temps de pluie (< 10 jours) 1er cycle 1-10 juin, épiaison, ST = 685°C;85;0.73;0.65;23;73;-24;7.17;2.01;1.97;1.6;1.69;1.16;1.29;921;61;99;50;351;64;646;60;368;58;11;19;3.1;2;4.2;1.5;2;354;4420;57;2111;68;63;74;3.6;2.7;18;8;129;7;80;110;0.1;0.02;0.1;1500;5;10;5.79;2.21;5.79;5.41;6.79;1.62;5.26;9.24;6.06;10.79;4.93;11.92;7.23;5.9;7.18;3.87;3.12;7.17;1.97;4.81;5.37;5.9;2.01;5.38;8.58;5.33;10.68;4.68;12.8;4.66;6.86;6.87;4.12;1;21.1;1.4;3.5;4.7;18.1;34.8
871;FF0180;Fourrage;FOINS;Prairies Permanentes, Plaine (Normandie) Fané au sol par temps de pluie (< 10 jours) 1er cycle 15-25 juin, floraison, ST = 903°C;85;0.65;0.56;19;66;-32;7.24;2.04;1.95;1.4;1.88;1.21;1.4;922;56;83;42;370;60;664;55;384;53;9;18;3.1;2;3.9;1.4;2.2;638;4397;53;1912;67;61;70;3.2;2.5;28;6.7;438;7;80;130;0.1;0.02;0.1;1500;5;10;5.79;2.21;5.79;5.41;6.79;1.62;5.26;9.24;6.06;10.79;4.93;11.92;7.23;5.9;7.18;3.87;3.12;7.24;1.95;4.8;5.38;5.89;2.04;5.4;8.54;5.31;10.71;4.67;12.85;4.56;6.86;6.88;4.13;1;21.5;1.4;3.6;4.8;18.5;33.4
872;FF0190;Fourrage;FOINS;Prairies Permanentes, Plaine (Normandie) Fané au sol par temps de pluie (< 10 jours) 2e cycle après déprimage Repousses à tiges de 5 semaines;85;0.8;0.73;36;85;3;6.98;1.92;2;2;1.34;1.06;1.08;905;65;141;58;307;64;603;63;331;61;15;23;3.2;2.1;4.9;1.7;2.3;638;4419;62;2268;68;64;78;1.2;0.5;28;3.6;563;6;50;100;0.02;0.02;0.1;1500;5;10;5.79;2.21;5.79;5.41;6.79;1.62;5.26;9.24;6.06;10.79;4.93;11.92;7.23;5.9;7.18;3.87;3.12;6.98;2;4.84;5.33;5.94;1.92;5.31;8.69;5.38;10.6;4.7;12.69;4.93;6.87;6.84;4.09;1;20;1.4;3.3;4.5;17.3;38.2
873;FF0200;Fourrage;FOINS;Prairies Permanentes, Plaine (Normandie) Fané au sol par temps de pluie (< 10 jours) 2e cycle après déprimage Repousses à tiges de 7 semaines;85;0.76;0.68;23;73;-26;7.17;2.01;1.97;1.7;1.61;1.13;1.24;921;62;100;45;356;67;650;63;372;62;11;20;3.1;2;4.6;1.6;2.3;470;4422;59;2171;66;61;70;1.3;0.5;22;4.1;389;5;40;95;0.1;0.02;0.1;1500;5;10;5.79;2.21;5.79;5.41;6.79;1.62;5.26;9.24;6.06;10.79;4.93;11.92;7.23;5.9;7.18;3.87;3.12;7.17;1.97;4.81;5.37;5.9;2.01;5.38;8.58;5.33;10.68;4.68;12.81;4.65;6.86;6.87;4.12;1;21;1.4;3.5;4.7;18.1;34.9
874;FF0210;Fourrage;FOINS;Prairies Permanentes, Plaine (Normandie) Fané au sol par temps de pluie (< 10 jours) 2e cycle après déprimage Repousses à tiges de 9 semaines;85;0.69;0.6;22;70;-26;7.19;2.01;1.96;1.6;1.69;1.16;1.29;915;58;95;43;349;61;644;57;366;55;10;19;3.1;2;4.2;1.5;2.2;388;4386;55;2002;66;61;68;1.4;0.5;19;4.3;300;4;30;125;0.1;0.02;0.1;1500;5;10;5.79;2.21;5.79;5.41;6.79;1.62;5.26;9.24;6.06;10.79;4.93;11.92;7.23;5.9;7.18;3.87;3.12;7.19;1.96;4.81;5.37;5.9;2.01;5.39;8.57;5.33;10.69;4.68;12.81;4.63;6.86;6.87;4.12;1;21.2;1.4;3.5;4.7;18.2;34.5
875;FF0220;Fourrage;FOINS;Prairies Permanentes, Plaine (Normandie) Fané au sol par temps de pluie (< 10 jours) 2e cycle après coupe épiaison Repousses feuillues de 5 semaines;85;0.83;0.76;53;103;48;6.78;1.83;2.03;2.2;1.22;1.01;1.01;901;66;201;67;312;68;608;66;335;64;19;28;3.3;2.2;5.6;2;2.2;388;4505;63;2339;70;68;86;1.4;0.5;19;4.3;300;4;30;125;0.1;0.02;0.1;1500;5;10;5.79;2.21;5.79;5.41;6.79;1.62;5.26;9.24;6.06;10.79;4.93;11.92;7.23;5.9;7.18;3.87;3.12;6.78;2.03;4.88;5.3;5.97;1.83;5.24;8.81;5.44;10.51;4.73;12.57;5.23;6.88;6.81;4.07;1;19.1;1.4;3.1;4.3;16.3;41.3
876;FF0230;Fourrage;FOINS;Prairies Permanentes, Plaine (Normandie) Fané au sol par temps de pluie (< 10 jours) 2e cycle après coupe épiaison Repousses feuillues de 7 semaines;85;0.8;0.73;36;86;5;6.98;1.92;2;1.9;1.4;1.08;1.12;906;65;143;58;317;66;613;63;340;62;15;24;3.2;2.1;5.6;2;2.2;388;4427;62;2267;68;64;78;1.4;0.5;19;4.3;300;4;30;125;0.1;0.02;0.1;1500;5;10;5.79;2.21;5.79;5.41;6.79;1.62;5.26;9.24;6.06;10.79;4.93;11.92;7.23;5.9;7.18;3.87;3.12;6.98;2;4.84;5.33;5.94;1.92;5.31;8.69;5.38;10.6;4.7;12.69;4.94;6.87;6.84;4.09;1;20;1.4;3.3;4.5;17.2;38.4
877;FF0240;Fourrage;FOINS;Prairies Permanentes, Plaine (Normandie) Fané au sol par temps de pluie (< 10 jours) 3e cycle Repousses feuillues de 6 semaines;85;0.81;0.74;49;98;39;6.82;1.85;2.02;2.1;1.27;1.03;1.04;900;66;188;65;314;67;610;65;337;63;19;28;3.3;2.2;4.9;1.7;2.2;234;4478;62;2301;69;67;85;1.6;0.5;13;4.3;134;6;45;150;0.1;0.02;0.1;1500;5;10;5.79;2.21;5.79;5.41;6.79;1.62;5.26;9.24;6.06;10.79;4.93;11.92;7.23;5.9;7.18;3.87;3.12;6.82;2.02;4.87;5.31;5.97;1.85;5.26;8.79;5.43;10.53;4.72;12.59;5.17;6.88;6.81;4.07;1;19.1;1.4;3.1;4.3;16.3;41.3
878;FF0250;Fourrage;FOINS;Prairies Permanentes, Plaine (Normandie) Fané au sol par temps de pluie (< 10 jours) 3e cycle Repousses feuillues de 8 semaines;85;0.8;0.73;41;91;22;6.91;1.89;2.01;1.9;1.46;1.1;1.16;884;66;165;63;296;65;592;64;322;61;17;26;3.3;2.2;4.6;1.6;3.1;123;4364;63;2270;69;66;81;1.8;0.9;7;3.4;10;7;45;220;0.1;0.02;0.1;1500;5;10;5.79;2.21;5.79;5.41;6.79;1.62;5.26;9.24;6.06;10.79;4.93;11.92;7.23;5.9;7.18;3.87;3.12;6.91;2.01;4.86;5.32;5.95;1.89;5.29;8.74;5.4;10.56;4.71;12.65;5.04;6.88;6.83;4.09;1;19.5;1.4;3.2;4.4;16.8;39.9
889;FF0360;Fourrage;FOINS;Prairies Permanentes, Plaine (Crau) Fané au sol par beau temps 1er cycle 1-10 mai, 1ère coupe précoce;85;0.81;0.75;28;79;-18;7.1;1.98;1.98;2;1.37;1.05;1.09;905;66;112;57;281;63;578;63;310;60;17;26;3;2;10.5;3.7;3;245;4369;63;2296;67;64;77;1.8;0.2;18;8;132;6;30;80;0.02;0.02;0.1;1500;5;10;5.79;2.21;5.79;5.41;6.79;1.62;5.26;9.24;6.06;10.79;4.93;11.92;7.23;5.9;7.18;3.87;3.12;7.1;1.98;4.82;5.35;5.92;1.98;5.36;8.62;5.35;10.65;4.69;12.76;4.76;6.86;6.86;4.11;1;19.7;1.4;2.6;2.9;16.6;47.3
890;FF0370;Fourrage;FOINS;Prairies Permanentes, Plaine (Crau) Fané au sol par beau temps 1er cycle 15-25 mai, 1ère coupe tardive;85;0.65;0.56;24;70;-22;7.14;1.99;1.97;1.8;1.5;1.1;1.18;913;56;97;54;328;55;623;52;349;48;16;25;3;2;10;3.5;2.5;245;4380;53;1912;67;63;74;1.6;0.2;18;8;145;6;30;80;0.02;0.02;0.1;1500;5;10;5.79;2.21;5.79;5.41;6.79;1.62;5.26;9.24;6.06;10.79;4.93;11.92;7.23;5.9;7.18;3.87;3.12;7.14;1.97;4.81;5.36;5.91;1.99;5.37;8.6;5.34;10.67;4.68;12.79;4.7;6.86;6.87;4.11;1;19.8;1.4;2.6;3;16.9;46.4
891;FF0380;Fourrage;FOINS;Prairies Permanentes, Plaine (Crau) Fané au sol par beau temps 2e cycle 1-10 juillet, 2e coupe;85;0.79;0.71;33;82;-13;7.01;1.94;1.99;2.5;1.06;0.92;0.87;918;63;122;58;269;56;566;57;300;53;18;27;3;2;11;3.9;2.5;254;4446;60;2237;65;63;76;2;0.4;18;8;129;6;30;80;0.02;0.02;0.1;1500;5;10;5.79;2.21;5.79;5.41;6.79;1.62;5.26;9.24;6.06;10.79;4.93;11.92;7.23;5.9;7.18;3.87;3.12;7.01;1.99;4.84;5.34;5.93;1.94;5.33;8.67;5.37;10.61;4.7;12.71;4.88;6.87;6.85;4.1;1;19.6;1.4;2.6;2.9;16.4;47.8
892;FF0390;Fourrage;FOINS;Prairies Permanentes, Plaine (Crau) Fané au sol par beau temps 3e cycle 15-25 août, 3e coupe;85;0.84;0.77;35;86;-6;7;1.93;1.99;2.3;1.17;0.97;0.95;905;67;133;62;258;61;556;63;291;59;19;28;4;2.6;13;4.6;2.5;254;4406;63;2357;66;64;77;2.1;0.4;18;8;122;6;30;80;0.02;0.02;0.1;1500;5;10;5.79;2.21;5.79;5.41;6.79;1.62;5.26;9.24;6.06;10.79;4.93;11.92;7.23;5.9;7.18;3.87;3.12;7;1.99;4.84;5.34;5.93;1.93;5.32;8.68;5.38;10.6;4.7;12.7;4.91;6.87;6.84;4.1;1;19.4;1.4;2.6;2.8;16.2;48.5
893;FF0400;Fourrage;FOINS;Prairies Permanentes, Plaine (Crau) Fané au sol par temps de pluie (< 10 jours) 1er cycle 1-10 mai, 1ère coupe précoce;85;0.78;0.7;26;76;-20;7.12;1.99;1.97;1.8;1.49;1.1;1.18;903;64;107;55;304;63;600;61;329;59;17;26;2.5;1.6;9.5;3.3;2.5;245;4351;61;2205;68;64;76;1.7;0.2;18;8;139;6;30;80;0.02;0.02;0.1;1500;5;10;5.79;2.21;5.79;5.41;6.79;1.62;5.26;9.24;6.06;10.79;4.93;11.92;7.23;5.9;7.18;3.87;3.12;7.12;1.97;4.82;5.36;5.91;1.99;5.36;8.61;5.34;10.66;4.68;12.78;4.72;6.86;6.86;4.11;1;19.7;1.4;2.6;3;16.7;47
895;FF0420;Fourrage;FOINS;Prairies Permanentes, Demi-Montagne (Auvergne) Ventilé 1er cycle 10-20 mai, feuillu;85;0.97;0.93;42;96;11;6.92;1.9;2.01;2.5;1.08;0.96;0.93;909;73;159;67;250;70;548;72;284;70;16;25;2.4;1.6;4.2;1.5;2.5;245;4469;70;2664;68;67;84;2.6;0.2;18;8;82;6;30;80;0.02;0.02;0.1;1500;5;10;5.79;2.21;5.79;5.41;6.79;1.62;5.26;9.24;6.06;10.79;4.93;11.92;7.23;5.9;7.18;3.87;3.12;6.92;2.01;4.85;5.32;5.95;1.9;5.3;8.73;5.4;10.57;4.71;12.66;5.01;6.88;6.83;4.09;1;19.7;1.4;3.3;4.5;17;48.2
896;FF0430;Fourrage;FOINS;Prairies Permanentes, Demi-Montagne (Auvergne) Ventilé 1er cycle 1-10 juin, début épiaison;85;0.87;0.81;37;89;2;6.97;1.92;2;2.3;1.16;0.98;0.97;916;68;142;64;285;66;582;66;313;64;14;23;2.2;1.4;3.9;1.4;1.7;519;4472;65;2431;68;66;82;3.3;2.7;24;7.6;312;6;60;90;0.1;0.02;0.1;1500;5;10;5.79;2.21;5.79;5.41;6.79;1.62;5.26;9.24;6.06;10.79;4.93;11.92;7.23;5.9;7.18;3.87;3.12;6.97;2;4.84;5.33;5.94;1.92;5.31;8.7;5.38;10.59;4.7;12.69;4.94;6.87;6.84;4.09;1;20.1;1.4;3.3;4.5;17.3;47
897;FF0440;Fourrage;FOINS;Prairies Permanentes, Demi-Montagne (Auvergne) Ventilé 1er cycle 15-25 juin, épiaison;85;0.77;0.69;27;77;-21;7.1;1.98;1.98;2.2;1.22;1.04;1.07;923;62;106;56;324;62;619;60;345;57;11;20;1.8;1.2;3.7;1.3;1.7;519;4442;59;2191;66;63;76;3.3;2.7;24;7.6;312;6;60;90;0.1;0.02;0.1;1500;5;10;5.79;2.21;5.79;5.41;6.79;1.62;5.26;9.24;6.06;10.79;4.93;11.92;7.23;5.9;7.18;3.87;3.12;7.1;1.98;4.82;5.35;5.92;1.98;5.36;8.62;5.35;10.65;4.69;12.76;4.76;6.86;6.86;4.11;1;21;1.4;3.5;4.7;18.1;44.1
898;FF0450;Fourrage;FOINS;Prairies Permanentes, Demi-Montagne (Auvergne) Ventilé 1er cycle 1-10 juillet, floraison;85;0.66;0.56;22;69;-29;7.18;2.01;1.96;2;1.37;1.11;1.2;916;56;88;50;342;57;637;53;360;50;9;18;1.6;1;2.9;1;1.7;519;4378;53;1924;66;62;73;3.3;2.7;24;7.6;312;6;60;90;0.1;0.02;0.1;1500;5;10;5.79;2.21;5.79;5.41;6.79;1.62;5.26;9.24;6.06;10.79;4.93;11.92;7.23;5.9;7.18;3.87;3.12;7.18;1.96;4.81;5.37;5.9;2.01;5.38;8.58;5.33;10.68;4.68;12.81;4.65;6.86;6.87;4.12;1;21.5;1.4;3.6;4.8;18.5;42.5
899;FF0460;Fourrage;FOINS;Prairies Permanentes, Demi-Montagne (Auvergne) Ventilé 2e cycle après coupe épiaison Repousses feuillues de 6 semaines;85;0.88;0.82;54;105;43;6.78;1.83;2.03;2.5;1.09;0.97;0.95;909;69;200;72;255;64;553;66;288;62;19;28;2.2;1.4;5.8;2;1.7;519;4540;65;2472;69;68;87;3.3;2.7;24;7.6;312;6;60;90;0.1;0.02;0.1;1500;5;10;5.79;2.21;5.79;5.41;6.79;1.62;5.26;9.24;6.06;10.79;4.93;11.92;7.23;5.9;7.18;3.87;3.12;6.78;2.03;4.88;5.3;5.97;1.83;5.24;8.81;5.44;10.51;4.73;12.57;5.23;6.88;6.81;4.07;1;19.1;1.4;3.1;4.3;16.3;50.4
900;FF0470;Fourrage;FOINS;Prairies Permanentes, Demi-Montagne (Auvergne) Ventilé 2e cycle après coupe épiaison Repousses feuillues de 8 semaines;85;0.85;0.78;43;94;17;6.89;1.88;2.01;2.4;1.14;0.99;0.98;906;67;163;68;269;63;566;63;300;60;16;25;2;1.3;5.2;1.8;2;354;4462;64;2379;67;66;81;3.6;2.7;18;8;129;7;80;110;0.1;0.02;0.1;1500;5;10;5.79;2.21;5.79;5.41;6.79;1.62;5.26;9.24;6.06;10.79;4.93;11.92;7.23;5.9;7.18;3.87;3.12;6.89;2.01;4.86;5.32;5.95;1.88;5.28;8.75;5.41;10.56;4.71;12.64;5.07;6.88;6.83;4.08;1;19.6;1.4;3.3;4.4;16.9;48.5
901;FF0480;Fourrage;FOINS;Prairies Permanentes, Demi-Montagne (Auvergne) Ventilé 3e cycle Repousses feuillues de 7 semaines;85;0.86;0.79;45;96;22;6.87;1.87;2.02;2.3;1.15;0.98;0.97;903;68;171;69;256;62;554;64;289;60;17;26;2.4;1.6;5.8;2;2;354;4462;65;2408;68;66;83;3.6;2.7;18;8;129;7;80;110;0.1;0.02;0.1;1500;5;10;5.79;2.21;5.79;5.41;6.79;1.62;5.26;9.24;6.06;10.79;4.93;11.92;7.23;5.9;7.18;3.87;3.12;6.87;2.02;4.86;5.31;5.96;1.87;5.28;8.76;5.42;10.55;4.72;12.62;5.1;6.88;6.82;4.08;1;19.5;1.4;3.2;4.4;16.8;49.1
902;FF0490;Fourrage;FOINS;Prairies Permanentes, Demi-Montagne (Auvergne) Fané au sol par beau temps 1er cycle 1-10 juin, début épiaison;85;0.87;0.8;36;88;2;6.99;1.93;2;2.2;1.25;0.98;0.97;919;68;142;64;285;66;582;66;313;64;14;23;2.2;1.4;3.9;1.4;1.7;519;4486;65;2431;69;66;81;3.3;2.7;24;7.6;312;6;60;90;0.1;0.02;0.1;1500;5;10;5.79;2.21;5.79;5.41;6.79;1.62;5.26;9.24;6.06;10.79;4.93;11.92;7.23;5.9;7.18;3.87;3.12;6.99;2;4.84;5.33;5.94;1.93;5.32;8.69;5.38;10.6;4.7;12.69;4.93;6.87;6.84;4.1;1;20.1;1.4;3.3;4.5;17.3;47
903;FF0500;Fourrage;FOINS;Prairies Permanentes, Demi-Montagne (Auvergne) Fané au sol par beau temps 1er cycle 15-25 juin, épiaison;85;0.77;0.69;27;76;-21;7.11;1.98;1.98;2;1.32;1.04;1.07;928;62;106;56;324;62;619;60;345;57;11;20;1.8;1.2;3.7;1.3;1.7;519;4465;59;2195;67;63;76;3.3;2.7;24;7.6;312;6;60;90;0.1;0.02;0.1;1500;5;10;5.79;2.21;5.79;5.41;6.79;1.62;5.26;9.24;6.06;10.79;4.93;11.92;7.23;5.9;7.18;3.87;3.12;7.11;1.98;4.82;5.36;5.91;1.98;5.36;8.61;5.35;10.65;4.68;12.77;4.74;6.86;6.86;4.11;1;21;1.4;3.5;4.7;18.1;44.1
904;FF0510;Fourrage;FOINS;Prairies Permanentes, Demi-Montagne (Auvergne) Fané au sol par beau temps 1er cycle 1-10 juillet, floraison;85;0.66;0.56;21;68;-29;7.19;2.01;1.96;1.8;1.49;1.11;1.2;919;56;88;50;342;57;637;53;360;50;9;18;1.6;1;2.9;1;1.7;519;4392;53;1922;67;62;72;3.3;2.7;24;7.6;312;6;60;90;0.1;0.02;0.1;1500;5;10;5.79;2.21;5.79;5.41;6.79;1.62;5.26;9.24;6.06;10.79;4.93;11.92;7.23;5.9;7.18;3.87;3.12;7.19;1.96;4.81;5.37;5.9;2.01;5.39;8.57;5.32;10.69;4.67;12.82;4.63;6.86;6.87;4.12;1;21.5;1.4;3.6;4.8;18.5;42.5
905;FF0520;Fourrage;FOINS;Prairies Permanentes, Demi-Montagne (Auvergne) Fané au sol par beau temps 2e cycle après coupe épiaison Repousses feuillues de 6 semaines;85;0.88;0.82;53;104;44;6.79;1.84;2.03;2.3;1.17;0.97;0.95;910;69;200;72;255;64;553;66;288;62;19;28;2.2;1.4;5.8;2;1.7;519;4545;65;2467;69;68;86;3.3;2.7;24;7.6;312;6;60;90;0.1;0.02;0.1;1500;5;10;5.79;2.21;5.79;5.41;6.79;1.62;5.26;9.24;6.06;10.79;4.93;11.92;7.23;5.9;7.18;3.87;3.12;6.79;2.03;4.88;5.3;5.97;1.84;5.25;8.81;5.44;10.51;4.73;12.58;5.21;6.88;6.81;4.07;1;19.1;1.4;3.1;4.3;16.3;50.4
906;FF0530;Fourrage;FOINS;Prairies Permanentes, Demi-Montagne (Auvergne) Fané au sol par beau temps 2e cycle après coupe épiaison Repousses feuillues de 8 semaines;85;0.84;0.78;42;93;18;6.9;1.89;2.01;2.2;1.23;0.99;0.98;905;67;163;68;269;63;566;63;300;60;16;25;2;1.3;5.2;1.8;2;354;4458;64;2369;68;66;81;3.6;2.7;18;8;129;7;80;110;0.1;0.02;0.1;1500;5;10;5.79;2.21;5.79;5.41;6.79;1.62;5.26;9.24;6.06;10.79;4.93;11.92;7.23;5.9;7.18;3.87;3.12;6.9;2.01;4.86;5.32;5.95;1.89;5.29;8.74;5.41;10.56;4.71;12.64;5.05;6.88;6.83;4.08;1;19.6;1.4;3.3;4.4;16.9;48.5
907;FF0540;Fourrage;FOINS;Prairies Permanentes, Demi-Montagne (Auvergne) Fané au sol par beau temps 3e cycle Repousses feuillues de 7 semaines;85;0.85;0.79;45;95;23;6.88;1.88;2.01;2.2;1.23;0.98;0.97;902;68;171;69;256;62;554;64;289;60;17;26;2.4;1.6;5.8;2;2;354;4458;65;2398;68;66;82;3.6;2.7;18;8;129;7;80;110;0.1;0.02;0.1;1500;5;10;5.79;2.21;5.79;5.41;6.79;1.62;5.26;9.24;6.06;10.79;4.93;11.92;7.23;5.9;7.18;3.87;3.12;6.88;2.01;4.86;5.32;5.96;1.88;5.28;8.76;5.41;10.55;4.72;12.63;5.09;6.88;6.82;4.08;1;19.5;1.4;3.2;4.4;16.8;49.1
908;FF0550;Fourrage;FOINS;Prairies Permanentes, Demi-Montagne (Auvergne) Fané au sol par temps de pluie (< 10 jours) 1er cycle 1-10 juin, début épiaison;85;0.82;0.75;34;85;1;7;1.93;1.99;2;1.36;1.04;1.05;918;66;137;62;308;66;604;64;332;62;14;23;2.2;1.4;3.9;1.4;1.7;519;4472;62;2325;69;66;80;3.3;2.7;24;7.6;312;6;60;90;0.1;0.02;0.1;1500;5;10;5.79;2.21;5.79;5.41;6.79;1.62;5.26;9.24;6.06;10.79;4.93;11.92;7.23;5.9;7.18;3.87;3.12;7;1.99;4.84;5.34;5.93;1.93;5.32;8.68;5.38;10.61;4.7;12.71;4.9;6.87;6.84;4.1;1;20.1;1.4;3.3;4.5;17.3;38
909;FF0560;Fourrage;FOINS;Prairies Permanentes, Demi-Montagne (Auvergne) Fané au sol par temps de pluie (< 10 jours) 1er cycle 15-25 juin, épiaison;85;0.74;0.66;25;74;-23;7.14;1.99;1.97;1.9;1.44;1.1;1.16;927;61;101;53;344;63;639;59;362;58;11;20;1.8;1.2;3.7;1.3;1.7;519;4451;57;2138;67;63;75;3.3;2.7;24;7.6;312;6;60;90;0.1;0.02;0.1;1500;5;10;5.79;2.21;5.79;5.41;6.79;1.62;5.26;9.24;6.06;10.79;4.93;11.92;7.23;5.9;7.18;3.87;3.12;7.14;1.97;4.81;5.36;5.91;1.99;5.37;8.6;5.34;10.67;4.68;12.79;4.7;6.86;6.87;4.11;1;21;1.4;3.5;4.7;18.1;35
910;FF0570;Fourrage;FOINS;Prairies Permanentes, Demi-Montagne (Auvergne) Fané au sol par temps de pluie (< 10 jours) 1er cycle 1-10 juillet, floraison;85;0.64;0.54;20;66;-32;7.22;2.03;1.96;1.6;1.66;1.16;1.29;918;55;83;46;360;58;654;53;375;50;9;18;1.6;1;2.9;1;1.7;519;4379;52;1872;67;61;71;3.3;2.7;24;7.6;312;6;60;90;0.1;0.02;0.1;1500;5;10;5.79;2.21;5.79;5.41;6.79;1.62;5.26;9.24;6.06;10.79;4.93;11.92;7.23;5.9;7.18;3.87;3.12;7.22;1.96;4.8;5.37;5.89;2.03;5.4;8.55;5.32;10.7;4.67;12.84;4.58;6.86;6.88;4.12;1;21.5;1.4;3.6;4.8;18.5;33.4
911;FF0580;Fourrage;FOINS;Prairies Permanentes, Demi-Montagne (Auvergne) Fané au sol par temps de pluie (< 10 jours) 2e cycle après coupe épiaison Repousses feuillues de 6 semaines;85;0.83;0.76;51;101;44;6.8;1.85;2.03;2.1;1.27;1.03;1.04;908;66;195;70;280;62;577;63;309;59;19;28;2.2;1.4;5.8;2;1.7;519;4527;63;2348;70;67;85;3.3;2.7;24;7.6;312;6;60;90;0.1;0.02;0.1;1500;5;10;5.79;2.21;5.79;5.41;6.79;1.62;5.26;9.24;6.06;10.79;4.93;11.92;7.23;5.9;7.18;3.87;3.12;6.8;2.03;4.88;5.3;5.97;1.85;5.25;8.8;5.43;10.52;4.72;12.59;5.19;6.88;6.81;4.07;1;19.1;1.4;3.1;4.3;16.3;41.3
912;FF0590;Fourrage;FOINS;Prairies Permanentes, Demi-Montagne (Auvergne) Fané au sol par temps de pluie (< 10 jours) 2e cycle après coupe épiaison Repousses feuillues de 8 semaines;85;0.8;0.73;40;90;16;6.92;1.9;2.01;2;1.33;1.04;1.06;903;65;158;67;293;63;589;62;320;59;16;25;2;1.3;5.2;1.8;2;354;4440;62;2268;68;65;80;3.6;2.7;18;8;129;7;80;110;0.1;0.02;0.1;1500;5;10;5.79;2.21;5.79;5.41;6.79;1.62;5.26;9.24;6.06;10.79;4.93;11.92;7.23;5.9;7.18;3.87;3.12;6.92;2.01;4.86;5.32;5.95;1.9;5.29;8.73;5.4;10.57;4.71;12.65;5.03;6.88;6.83;4.09;1;19.6;1.4;3.3;4.4;16.9;39.4
913;FF0600;Fourrage;FOINS;Prairies Permanentes, Demi-Montagne (Auvergne) Fané au sol par temps de pluie (< 10 jours) 3e cycle Repousses feuillues de 7 semaines;85;0.81;0.74;42;92;22;6.89;1.89;2.01;2;1.34;1.04;1.06;900;66;166;68;281;63;578;63;310;60;17;26;2.4;1.6;5.8;2;2;354;4440;62;2290;69;66;81;3.6;2.7;18;8;129;7;80;110;0.1;0.02;0.1;1500;5;10;5.79;2.21;5.79;5.41;6.79;1.62;5.26;9.24;6.06;10.79;4.93;11.92;7.23;5.9;7.18;3.87;3.12;6.89;2.01;4.86;5.32;5.95;1.89;5.28;8.75;5.41;10.56;4.71;12.64;5.06;6.88;6.83;4.08;1;19.5;1.4;3.2;4.4;16.8;40
920;FF0670;Fourrage;FOINS;Prairies Permanentes, Montagne (Alpes Nord) À base de graminées, Ventilé 1er cycle Épiaison du dactyle;85;0.75;0.67;29;78;-15;7.06;1.96;1.98;2.2;1.22;1.04;1.07;918;61;113;58;327;61;622;58;348;56;12;20;1.8;1.2;3.9;1.4;2.3;470;4431;58;2147;67;64;77;1.3;0.5;22;4.1;389;5;40;95;0.1;0.02;0.1;1500;5;10;5.79;2.21;5.79;5.41;6.79;1.62;5.26;9.24;6.06;10.79;4.93;11.92;7.23;5.9;7.18;3.87;3.12;7.06;1.98;4.83;5.35;5.92;1.96;5.34;8.64;5.36;10.63;4.69;12.74;4.81;6.87;6.85;4.1;1;20.8;1.4;3.5;4.7;18;44.7
921;FF0680;Fourrage;FOINS;Prairies Permanentes, Montagne (Alpes Nord) À base de graminées, Ventilé 1er cycle Fructification du dactyle;85;0.6;0.49;17;62;-39;7.26;2.04;1.95;2;1.37;1.11;1.2;924;52;71;41;390;58;683;51;400;49;8;16;1.4;0.9;3.7;1.3;2.2;388;4386;48;1769;65;60;69;1.4;0.5;19;4.3;300;4;30;125;0.1;0.02;0.1;1500;5;10;5.79;2.21;5.79;5.41;6.79;1.62;5.26;9.24;6.06;10.79;4.93;11.92;7.23;5.9;7.18;3.87;3.12;7.26;1.95;4.79;5.38;5.89;2.04;5.41;8.53;5.31;10.72;4.67;12.86;4.53;6.86;6.88;4.13;1;22;1.4;3.6;4.9;18.8;40.9
922;FF0690;Fourrage;FOINS;Prairies Permanentes, Montagne (Alpes Nord) À base de graminées, Ventilé 2e cycle après coupe épiaison Repousses feuillues de 6 semaines;85;0.77;0.69;36;85;1;6.96;1.92;2;2.3;1.17;0.97;0.95;906;63;138;65;282;58;579;58;310;54;14;23;2;1.3;5.8;2;2.2;234;4419;59;2198;66;64;78;1.6;0.5;13;4.3;134;6;45;150;0.1;0.02;0.1;1500;5;10;5.79;2.21;5.79;5.41;6.79;1.62;5.26;9.24;6.06;10.79;4.93;11.92;7.23;5.9;7.18;3.87;3.12;6.96;2;4.85;5.33;5.94;1.92;5.31;8.7;5.39;10.59;4.7;12.68;4.96;6.87;6.84;4.09;1;20.2;1.4;3.4;4.6;17.4;46.7
923;FF0700;Fourrage;FOINS;Prairies Permanentes, Montagne (Alpes Nord) À base de graminées, Fané au sol par beau temps 1er cycle Épiaison du dactyle;85;0.75;0.67;29;77;-15;7.07;1.96;1.98;2.1;1.3;1.04;1.07;922;61;113;58;327;61;622;58;348;56;12;20;1.8;1.2;3.9;1.4;2.3;470;4449;58;2149;67;64;77;1.3;0.5;22;4.1;389;5;40;95;0.1;0.02;0.1;1500;5;10;5.79;2.21;5.79;5.41;6.79;1.62;5.26;9.24;6.06;10.79;4.93;11.92;7.23;5.9;7.18;3.87;3.12;7.07;1.98;4.83;5.35;5.92;1.96;5.35;8.64;5.36;10.64;4.69;12.75;4.8;6.87;6.85;4.11;1;20.8;1.4;3.5;4.7;18;44.7
924;FF0710;Fourrage;FOINS;Prairies Permanentes, Montagne (Alpes Nord) À base de graminées, Fané au sol par beau temps 1er cycle Fructification du dactyle;85;0.6;0.49;17;62;-38;7.27;2.05;1.95;1.8;1.48;1.11;1.2;930;52;71;41;390;58;683;51;400;49;8;16;1.4;0.9;3.7;1.3;2.2;388;4413;48;1774;65;60;69;1.4;0.5;19;4.3;300;4;30;125;0.1;0.02;0.1;1500;5;10;5.79;2.21;5.79;5.41;6.79;1.62;5.26;9.24;6.06;10.79;4.93;11.92;7.23;5.9;7.18;3.87;3.12;7.27;1.95;4.79;5.38;5.89;2.05;5.41;8.52;5.3;10.72;4.66;12.86;4.52;6.85;6.89;4.13;1;22;1.4;3.6;4.9;18.8;40.9
925;FF0720;Fourrage;FOINS;Prairies Permanentes, Montagne (Alpes Nord) À base de graminées, Fané au sol par beau temps 2e cycle après coupe épiaison Repousses feuillues de 6 semaines;85;0.77;0.69;35;84;1;6.97;1.92;2;2.2;1.25;0.97;0.95;906;63;138;65;282;58;579;58;310;54;14;23;2;1.3;5.8;2;2.2;234;4419;59;2191;67;64;77;1.6;0.5;13;4.3;134;6;45;150;0.1;0.02;0.1;1500;5;10;5.79;2.21;5.79;5.41;6.79;1.62;5.26;9.24;6.06;10.79;4.93;11.92;7.23;5.9;7.18;3.87;3.12;6.97;2;4.85;5.33;5.94;1.92;5.31;8.7;5.39;10.59;4.7;12.69;4.95;6.87;6.84;4.09;1;20.2;1.4;3.4;4.6;17.4;46.7
926;FF0730;Fourrage;FOINS;Prairies Permanentes, Montagne (Alpes Nord) À base de graminées, Fané au sol par temps de pluie (< 10 jours) 1er cycle Épiaison du dactyle;85;0.73;0.64;27;75;-17;7.1;1.98;1.98;1.9;1.42;1.1;1.16;921;60;108;56;346;62;641;58;364;56;12;20;1.8;1.2;3.9;1.4;2.3;470;4436;57;2099;67;64;76;1.3;0.5;22;4.1;389;5;40;95;0.1;0.02;0.1;1500;5;10;5.79;2.21;5.79;5.41;6.79;1.62;5.26;9.24;6.06;10.79;4.93;11.92;7.23;5.9;7.18;3.87;3.12;7.1;1.98;4.82;5.35;5.92;1.98;5.36;8.62;5.35;10.65;4.69;12.76;4.76;6.86;6.86;4.11;1;20.8;1.4;3.5;4.7;18;35.6
927;FF0740;Fourrage;FOINS;Prairies Permanentes, Montagne (Alpes Nord) À base de graminées, Fané au sol par temps de pluie (< 10 jours) 1er cycle Fructification du dactyle;85;0.58;0.47;15;60;-41;7.31;2.07;1.94;1.7;1.63;1.16;1.29;929;51;66;35;404;58;697;50;412;49;8;16;1.4;0.9;3.7;1.3;2.2;388;4400;47;1725;66;60;67;1.4;0.5;19;4.3;300;4;30;125;0.1;0.02;0.1;1500;5;10;5.79;2.21;5.79;5.41;6.79;1.62;5.26;9.24;6.06;10.79;4.93;11.92;7.23;5.9;7.18;3.87;3.12;7.31;1.94;4.78;5.39;5.88;2.07;5.43;8.5;5.29;10.74;4.66;12.89;4.46;6.85;6.89;4.13;1;22;1.4;3.6;4.9;18.8;31.9
928;FF0750;Fourrage;FOINS;Prairies Permanentes, Montagne (Alpes Nord) À base de graminées, Fané au sol par temps de pluie (< 10 jours) 2e cycle après coupe épiaison Repousses feuillues de 6 semaines;85;0.74;0.66;33;82;-1;7;1.93;1.99;2;1.35;1.03;1.04;904;62;133;62;305;60;601;58;330;55;14;23;2;1.3;5.8;2;2.2;234;4401;58;2127;67;64;76;1.6;0.5;13;4.3;134;6;45;150;0.1;0.02;0.1;1500;5;10;5.79;2.21;5.79;5.41;6.79;1.62;5.26;9.24;6.06;10.79;4.93;11.92;7.23;5.9;7.18;3.87;3.12;7;1.99;4.84;5.34;5.93;1.93;5.32;8.68;5.38;10.6;4.7;12.7;4.91;6.87;6.84;4.1;1;20.2;1.4;3.4;4.6;17.4;37.6
932;FF0790;Fourrage;FOINS;Prairies Permanentes, Montagne (Alpes Nord) À base de dicotylédones, Ventilé 1er cycle Épiaison du dactyle;85;0.75;0.66;29;78;-7;7.07;1.96;1.98;1.6;1.7;1.2;1.35;912;62;121;60;276;56;573;56;306;52;12;21;2;1.3;6.3;2.2;2.3;470;4417;59;2140;69;65;77;1.3;0.5;22;4.1;389;5;40;95;0.1;0.02;0.1;1500;5;10;5.79;2.21;5.79;5.41;6.79;1.62;5.26;9.24;6.06;10.79;4.93;11.92;7.23;5.9;7.18;3.87;3.12;7.07;1.98;4.83;5.35;5.92;1.96;5.35;8.64;5.36;10.64;4.69;12.75;4.8;6.87;6.86;4.11;1;20.6;1.4;3.4;4.6;17.8;45.4
933;FF0800;Fourrage;FOINS;Prairies Permanentes, Montagne (Alpes Nord) À base de dicotylédones, Ventilé 1er cycle Fructification du dactyle;85;0.66;0.57;18;65;-34;7.27;2.05;1.95;1.3;2.15;1.3;1.55;918;57;80;46;333;57;628;53;353;50;9;17;1.8;1.2;7.3;2.6;2.2;388;4374;53;1926;68;61;69;1.4;0.5;19;4.3;300;4;30;125;0.1;0.02;0.1;1500;5;10;5.79;2.21;5.79;5.41;6.79;1.62;5.26;9.24;6.06;10.79;4.93;11.92;7.23;5.9;7.18;3.87;3.12;7.27;1.95;4.79;5.38;5.89;2.05;5.41;8.52;5.3;10.72;4.66;12.86;4.51;6.85;6.89;4.13;1;21.7;1.4;3.6;4.8;18.6;41.8
934;FF0810;Fourrage;FOINS;Prairies Permanentes, Montagne (Alpes Nord) À base de dicotylédones, Ventilé 2e cycle après coupe épiaison Repousses feuillues de 6 semaines;85;0.77;0.69;37;85;4;6.95;1.91;2;2.3;1.2;1;1;900;63;141;65;208;43;507;52;249;43;14;23;2.2;1.4;9.7;3.4;2.2;234;4396;59;2182;67;64;78;1.6;0.5;13;4.3;134;6;45;150;0.1;0.02;0.1;1500;5;10;5.79;2.21;5.79;5.41;6.79;1.62;5.26;9.24;6.06;10.79;4.93;11.92;7.23;5.9;7.18;3.87;3.12;6.95;2;4.85;5.33;5.94;1.91;5.3;8.71;5.39;10.58;4.71;12.67;4.98;6.87;6.84;4.09;1;20.1;1.4;3.3;4.6;17.4;46.9
935;FF0820;Fourrage;FOINS;Prairies Permanentes, Montagne (Alpes Nord) À base de dicotylédones, Fané au sol par beau temps 1er cycle Épiaison du dactyle;85;0.74;0.66;28;77;-6;7.08;1.97;1.98;1.4;1.87;1.2;1.35;914;62;121;60;276;56;573;56;306;52;12;21;2;1.3;6.3;2.2;2.3;470;4426;59;2137;70;65;77;1.3;0.5;22;4.1;389;5;40;95;0.1;0.02;0.1;1500;5;10;5.79;2.21;5.79;5.41;6.79;1.62;5.26;9.24;6.06;10.79;4.93;11.92;7.23;5.9;7.18;3.87;3.12;7.08;1.98;4.82;5.35;5.92;1.97;5.35;8.63;5.35;10.64;4.69;12.75;4.78;6.87;6.86;4.11;1;20.6;1.4;3.4;4.6;17.8;45.4
936;FF0830;Fourrage;FOINS;Prairies Permanentes, Montagne (Alpes Nord) À base de dicotylédones, Fané au sol par beau temps 1er cycle Fructification du dactyle;85;0.66;0.57;18;65;-34;7.27;2.05;1.95;1.2;2.25;1.3;1.55;922;57;80;46;333;57;628;53;353;50;9;17;1.8;1.2;7.3;2.6;2.2;388;4392;53;1932;68;61;69;1.4;0.5;19;4.3;300;4;30;125;0.1;0.02;0.1;1500;5;10;5.79;2.21;5.79;5.41;6.79;1.62;5.26;9.24;6.06;10.79;4.93;11.92;7.23;5.9;7.18;3.87;3.12;7.27;1.95;4.79;5.38;5.88;2.05;5.42;8.52;5.3;10.72;4.66;12.87;4.51;6.85;6.89;4.13;1;21.7;1.4;3.6;4.8;18.6;41.8
937;FF0840;Fourrage;FOINS;Prairies Permanentes, Montagne (Alpes Nord) À base de dicotylédones, Fané au sol par beau temps 2e cycle après coupe épiaison Repousses feuillues de 6 semaines;85;0.76;0.68;36;85;4;6.96;1.91;2;2.1;1.28;1;1;898;63;141;65;208;43;507;52;249;43;14;23;2.2;1.4;9.7;3.4;2.2;234;4387;59;2172;67;64;78;1.6;0.5;13;4.3;134;6;45;150;0.1;0.02;0.1;1500;5;10;5.79;2.21;5.79;5.41;6.79;1.62;5.26;9.24;6.06;10.79;4.93;11.92;7.23;5.9;7.18;3.87;3.12;6.96;2;4.85;5.33;5.94;1.91;5.31;8.71;5.39;10.59;4.7;12.68;4.96;6.87;6.84;4.09;1;20.1;1.4;3.3;4.6;17.4;46.9
938;FF0850;Fourrage;FOINS;Prairies Permanentes, Montagne (Alpes Nord) À base de dicotylédones, Fané au sol par temps de pluie (< 10 jours) 1er cycle Épiaison du dactyle;85;0.72;0.64;26;75;-9;7.11;1.98;1.98;1.3;2.1;1.25;1.44;912;61;116;58;300;58;596;57;325;53;12;21;2;1.3;6.3;2.2;2.3;470;4408;58;2084;70;64;75;1.3;0.5;22;4.1;389;5;40;95;0.1;0.02;0.1;1500;5;10;5.79;2.21;5.79;5.41;6.79;1.62;5.26;9.24;6.06;10.79;4.93;11.92;7.23;5.9;7.18;3.87;3.12;7.11;1.98;4.82;5.36;5.91;1.98;5.36;8.62;5.35;10.65;4.68;12.77;4.74;6.86;6.86;4.11;1;20.6;1.4;3.4;4.6;17.8;36.3
939;FF0860;Fourrage;FOINS;Prairies Permanentes, Montagne (Alpes Nord) À base de dicotylédones, Fané au sol par temps de pluie (< 10 jours) 1er cycle Fructification du dactyle;85;0.64;0.55;16;63;-37;7.3;2.06;1.94;1.2;2.35;1.34;1.63;921;56;75;41;351;58;646;53;368;51;9;17;1.8;1.2;7.3;2.6;2.2;388;4379;52;1888;68;61;67;1.4;0.5;19;4.3;300;4;30;125;0.1;0.02;0.1;1500;5;10;5.79;2.21;5.79;5.41;6.79;1.62;5.26;9.24;6.06;10.79;4.93;11.92;7.23;5.9;7.18;3.87;3.12;7.3;1.94;4.79;5.39;5.88;2.06;5.43;8.5;5.29;10.74;4.66;12.88;4.47;6.85;6.89;4.13;1;21.7;1.4;3.6;4.8;18.6;32.7
940;FF0870;Fourrage;FOINS;Prairies Permanentes, Montagne (Alpes Nord) À base de dicotylédones, Fané au sol par temps de pluie (< 10 jours) 2e cycle après coupe épiaison Repousses feuillues de 6 semaines;85;0.73;0.65;34;82;2;6.98;1.93;2;1.9;1.39;1.06;1.09;895;62;136;63;237;48;535;53;273;46;14;23;2.2;1.4;9.7;3.4;2.2;234;4365;58;2105;68;64;77;1.6;0.5;13;4.3;134;6;45;150;0.1;0.02;0.1;1500;5;10;5.79;2.21;5.79;5.41;6.79;1.62;5.26;9.24;6.06;10.79;4.93;11.92;7.23;5.9;7.18;3.87;3.12;6.98;2;4.84;5.33;5.94;1.93;5.32;8.69;5.38;10.6;4.7;12.69;4.93;6.87;6.84;4.1;1;20.1;1.4;3.3;4.6;17.4;37.8
944;FF0910;Fourrage;FOINS;Graminées Fourragères, Ray-Grass D'italie, Alternatif Ventilé 1er cycle Épi à 10 cm du sol;85;0.96;0.93;51;104;65;7.39;2.17;2.12;2.4;1.12;0.98;0.96;870;77;219;73;234;75;532;77;271;76;25;38;2.7;1.7;3.5;1.4;2.3;468;4312;73;2628;74;75;90;3.5;0.2;30;11;249;6;30;80;0.02;0.02;0.1;50000;50;5;7.07;2.44;6.24;5.08;6.66;2.26;4.9;9.7;5.84;10.8;4.83;12.1;4.9;5.74;7.45;3.99;3.12;7.39;2.12;4.98;5.2;5.93;2.17;5.09;8.98;5.34;10.55;4.68;12.69;4.2;6.82;6.88;4.1;1;19.1;1.4;2.1;3;13.1;57.4
945;FF0920;Fourrage;FOINS;Graminées Fourragères, Ray-Grass D'italie, Alternatif Ventilé 1er cycle Début épiaison;85;0.86;0.8;44;95;52;7.41;2.17;2.11;2.2;1.22;1.03;1.05;873;71;197;71;269;69;579;70;302;68;23;37;2.4;1.6;3.5;1.4;2.2;388;4288;67;2388;74;74;87;1.4;0.5;19;4.3;300;4;30;125;0.1;0.02;0.1;50000;50;5;7.07;2.44;6.24;5.08;6.66;2.26;4.9;9.7;5.84;10.8;4.83;12.1;4.9;5.74;7.45;3.99;3.12;7.41;2.11;4.97;5.21;5.92;2.17;5.12;8.94;5.33;10.57;4.67;12.71;4.17;6.82;6.88;4.1;1;19.3;1.4;2.1;3.1;13.4;56.8
946;FF0930;Fourrage;FOINS;Graminées Fourragères, Ray-Grass D'italie, Alternatif Ventilé 1er cycle Début floraison;85;0.8;0.73;24;74;-19;7.58;2.23;2.08;2.1;1.28;1.05;1.09;894;66;107;56;313;68;618;66;337;64;15;29;2.2;1.4;3.5;1.4;2.2;234;4227;63;2240;70;68;74;1.6;0.5;13;4.3;134;6;45;150;0.1;0.02;0.1;50000;50;5;7.24;2.64;6.54;5.16;6.59;2.33;5.29;9.25;5.93;9.39;4.67;12.14;5.23;6.03;7.36;4.21;3.12;7.58;2.08;4.92;5.31;5.86;2.23;5.39;8.58;5.29;10.42;4.6;12.86;4.11;6.9;6.89;4.15;1;20.9;1.4;2.5;3.5;15.2;51.5
947;FF0940;Fourrage;FOINS;Graminées Fourragères, Ray-Grass D'italie, Alternatif Fané au sol par beau temps 1er cycle Début épiaison;85;0.84;0.79;43;94;54;7.41;2.17;2.1;2.1;1.31;1.03;1.05;861;71;197;71;269;69;579;70;302;68;23;37;2.4;1.6;3.5;1.4;2.2;388;4234;67;2351;75;74;87;1.4;0.5;19;4.3;300;4;30;125;0.1;0.02;0.1;50000;50;5;7.07;2.44;6.24;5.08;6.66;2.26;4.9;9.7;5.84;10.8;4.83;12.1;4.9;5.74;7.45;3.99;3.12;7.41;2.1;4.96;5.21;5.92;2.17;5.12;8.94;5.33;10.57;4.67;12.72;4.17;6.82;6.88;4.1;1;19.3;1.4;2.1;3.1;13.4;56.8
948;FF0950;Fourrage;FOINS;Graminées Fourragères, Ray-Grass D'italie, Alternatif Fané au sol par beau temps 1er cycle Début floraison;85;0.79;0.72;23;74;-18;7.58;2.23;2.08;2;1.38;1.05;1.09;889;66;107;56;313;68;618;66;337;64;15;29;2.2;1.4;3.5;1.4;2.2;234;4204;63;2221;70;68;73;1.6;0.5;13;4.3;134;6;45;150;0.1;0.02;0.1;50000;50;5;7.24;2.64;6.54;5.16;6.59;2.33;5.29;9.25;5.93;9.39;4.67;12.14;5.23;6.03;7.36;4.21;3.12;7.58;2.08;4.92;5.31;5.86;2.23;5.4;8.58;5.29;10.43;4.6;12.87;4.11;6.9;6.89;4.15;1;20.9;1.4;2.5;3.5;15.2;51.5
949;FF0960;Fourrage;FOINS;Graminées Fourragères, Ray-Grass D'italie, Alternatif Fané au sol par beau temps 2e cycle après coupe épiaison Repousses à tiges de 6 semaines;85;0.69;0.61;28;76;3;7.54;2.22;2.12;1.7;1.58;1.12;1.23;878;61;130;62;306;59;612;58;331;54;17;31;3.2;2.1;4.3;1.7;2.2;388;4194;58;1995;70;67;73;1.4;0.5;19;4.3;300;4;30;125;0.1;0.02;0.1;50000;50;5;7.24;2.64;6.54;5.16;6.59;2.33;5.29;9.25;5.93;9.39;4.67;12.14;5.23;6.03;7.36;4.21;3.12;7.54;2.12;4.96;5.28;5.87;2.22;5.36;8.64;5.32;10.34;4.6;12.81;4.18;6.91;6.88;4.14;1;20.4;1.4;2.4;3.4;14.8;53.1
950;FF0970;Fourrage;FOINS;Graminées Fourragères, Ray-Grass D'italie, Alternatif Fané au sol par beau temps 3e cycle Repousses à tiges de 6 semaines;85;0.79;0.73;37;86;16;7.44;2.18;2.09;2.3;1.15;0.96;0.93;846;68;154;66;249;61;561;65;285;60;20;33;2.7;1.7;3.9;1.6;2.2;234;4091;65;2214;70;68;79;1.6;0.5;13;4.3;134;6;45;150;0.1;0.02;0.1;50000;50;5;7.07;2.44;6.24;5.08;6.66;2.26;4.9;9.7;5.84;10.8;4.83;12.1;4.9;5.74;7.45;3.99;3.12;7.44;2.09;4.94;5.23;5.91;2.18;5.16;8.88;5.32;10.6;4.67;12.75;4.14;6.82;6.89;4.11;1;20;1.4;2.3;3.3;14.3;54.6
951;FF0980;Fourrage;FOINS;Graminées Fourragères, Ray-Grass D'italie, Alternatif Fané au sol par temps de pluie (< 10 jours) 1er cycle Début épiaison;85;0.79;0.73;41;91;53;7.42;2.18;2.1;1.9;1.42;1.09;1.14;857;68;192;70;293;67;600;67;321;64;23;37;2.4;1.6;3.5;1.4;2.2;388;4207;64;2223;75;73;86;1.4;0.5;19;4.3;300;4;30;125;0.1;0.02;0.1;50000;50;5;7.07;2.44;6.24;5.08;6.66;2.26;4.9;9.7;5.84;10.8;4.83;12.1;4.9;5.74;7.45;3.99;3.12;7.42;2.1;4.96;5.22;5.92;2.18;5.13;8.93;5.33;10.58;4.67;12.72;4.16;6.82;6.88;4.1;1;19.3;1.4;2.1;3.1;13.4;47.7
952;FF0990;Fourrage;FOINS;Graminées Fourragères, Ray-Grass D'italie, Alternatif Fané au sol par temps de pluie (< 10 jours) 1er cycle Début floraison;85;0.75;0.68;21;71;-20;7.59;2.23;2.07;1.8;1.5;1.1;1.18;886;64;102;54;334;67;637;65;354;63;15;29;2.2;1.4;3.5;1.4;2.2;234;4182;61;2130;71;67;72;1.6;0.5;13;4.3;134;6;45;150;0.1;0.02;0.1;50000;50;5;7.24;2.64;6.54;5.16;6.59;2.33;5.29;9.25;5.93;9.39;4.67;12.14;5.23;6.03;7.36;4.21;3.12;7.59;2.07;4.91;5.32;5.85;2.23;5.4;8.56;5.29;10.45;4.6;12.88;4.09;6.89;6.9;4.15;1;20.9;1.4;2.5;3.5;15.2;42.4
953;FF1000;Fourrage;FOINS;Graminées Fourragères, Ray-Grass D'italie, Alternatif Fané au sol par temps de pluie (< 10 jours) 2e cycle après coupe épiaison Repousses à tiges de 6 semaines;85;0.67;0.59;26;74;0;7.55;2.22;2.11;1.6;1.74;1.17;1.32;874;60;125;58;327;60;631;58;348;55;17;31;3.2;2.1;4.3;1.7;2.2;388;4167;57;1941;71;66;72;1.4;0.5;19;4.3;300;4;30;125;0.1;0.02;0.1;50000;50;5;7.24;2.64;6.54;5.16;6.59;2.33;5.29;9.25;5.93;9.39;4.67;12.14;5.23;6.03;7.36;4.21;3.12;7.55;2.11;4.95;5.29;5.86;2.22;5.37;8.63;5.31;10.36;4.6;12.82;4.16;6.91;6.88;4.14;1;20.4;1.4;2.4;3.4;14.8;44
954;FF1010;Fourrage;FOINS;Graminées Fourragères, Ray-Grass D'italie, Alternatif Fané au sol par temps de pluie (< 10 jours) 3e cycle Repousses à tiges de 6 semaines;85;0.75;0.68;35;83;14;7.45;2.18;2.08;2.2;1.24;1.02;1.02;841;66;149;64;275;62;584;63;306;59;20;33;2.7;1.7;3.9;1.6;2.2;234;4060;62;2108;70;68;77;1.6;0.5;13;4.3;134;6;45;150;0.1;0.02;0.1;50000;50;5;7.07;2.44;6.24;5.08;6.66;2.26;4.9;9.7;5.84;10.8;4.83;12.1;4.9;5.74;7.45;3.99;3.12;7.45;2.08;4.94;5.24;5.91;2.18;5.17;8.87;5.32;10.61;4.67;12.76;4.13;6.82;6.89;4.11;1;20;1.4;2.3;3.3;14.3;45.5
959;FF1060;Fourrage;FOINS;Graminées Fourragères, Ray-Grass D'italie, Non Alternatif Ventilé 1er cycle 1 semaine avant le début de l'épiaison;85;0.87;0.81;24;77;-22;7.58;2.23;2.08;2.3;1.19;1.01;1.01;906;70;107;56;256;65;567;68;291;64;15;29;2.4;1.6;3.5;1.4;2;468;4281;66;2408;69;68;74;1.6;0.2;30;11;368;6;30;80;0.02;0.02;0.1;50000;50;5;7.24;2.64;6.54;5.16;6.59;2.33;5.29;9.25;5.93;9.39;4.67;12.14;5.23;6.03;7.36;4.21;3.12;7.58;2.08;4.92;5.31;5.86;2.23;5.39;8.58;5.29;10.43;4.6;12.86;4.11;6.9;6.89;4.15;1;20.9;1.4;2.5;3.5;15.2;51.5
960;FF1070;Fourrage;FOINS;Graminées Fourragères, Ray-Grass D'italie, Non Alternatif Ventilé 1er cycle Début épiaison;85;0.84;0.78;23;74;-26;7.59;2.23;2.07;2.2;1.21;1.02;1.03;906;68;100;54;263;63;561;65;292;61;15;28;2.4;1.6;3.5;1.4;1.4;874;4269;65;2337;69;67;73;1.3;0.2;40;5.7;793;6;25;60;0.06;0.08;0.1;50000;50;5;7.24;2.64;6.54;5.16;6.59;2.33;5.29;9.25;5.93;9.39;4.67;12.14;5.23;6.03;7.36;4.21;3.12;7.59;2.07;4.91;5.32;5.85;2.23;5.4;8.56;5.29;10.45;4.6;12.88;4.09;6.9;6.9;4.15;1;21.1;1.4;2.5;3.5;15.4;51
961;FF1080;Fourrage;FOINS;Graminées Fourragères, Ray-Grass D'italie, Non Alternatif Ventilé 1er cycle Épiaison;85;0.78;0.71;18;69;-36;7.62;2.24;2.05;2.1;1.27;1.05;1.08;908;65;84;46;288;62;594;62;318;59;13;26;2.2;1.4;3.5;1.4;1.4;643;4250;61;2201;68;66;70;1.3;0.2;31;5.7;562;6;25;60;0.06;0.08;0.1;50000;50;5;7.24;2.64;6.54;5.16;6.59;2.33;5.29;9.25;5.93;9.39;4.67;12.14;5.23;6.03;7.36;4.21;3.12;7.62;2.05;4.88;5.34;5.85;2.24;5.43;8.52;5.27;10.51;4.6;12.91;4.05;6.89;6.91;4.15;1;21.4;1.4;2.6;3.6;15.7;49.8
962;FF1090;Fourrage;FOINS;Graminées Fourragères, Ray-Grass D'italie, Non Alternatif Ventilé 1er cycle Fin épiaison;85;0.75;0.68;16;66;-41;7.63;2.24;2.03;2;1.32;1.07;1.12;913;63;76;42;306;61;617;61;336;58;13;26;2.2;1.4;3.5;1.4;1.4;643;4259;59;2141;68;65;68;1.3;0.2;31;5.7;562;6;25;60;0.06;0.08;0.1;50000;50;5;7.24;2.64;6.54;5.16;6.59;2.33;5.29;9.25;5.93;9.39;4.67;12.14;5.23;6.03;7.36;4.21;3.12;7.63;2.03;4.87;5.35;5.84;2.24;5.44;8.49;5.26;10.55;4.6;12.94;4.02;6.88;6.91;4.16;1;21.6;1.4;2.6;3.6;15.9;49.2
963;FF1100;Fourrage;FOINS;Graminées Fourragères, Ray-Grass D'italie, Non Alternatif Ventilé 1er cycle Début floraison;85;0.71;0.63;14;63;-46;7.66;2.25;2.01;1.9;1.44;1.11;1.21;915;60;66;36;314;58;627;57;344;54;12;25;2.2;1.4;3.5;1.4;1.4;874;4250;57;2036;68;64;64;1.3;0.2;40;5.7;793;6;25;60;0.06;0.08;0.1;50000;50;5;7.24;2.64;6.54;5.16;6.59;2.33;5.29;9.25;5.93;9.39;4.67;12.14;5.23;6.03;7.36;4.21;3.12;7.66;2.01;4.85;5.36;5.83;2.25;5.46;8.46;5.25;10.59;4.6;12.97;3.99;6.87;6.92;4.16;1;21.9;1.4;2.7;3.7;16.1;48.4
964;FF1110;Fourrage;FOINS;Graminées Fourragères, Ray-Grass D'italie, Non Alternatif Ventilé 1er cycle Floraison;85;0.65;0.56;11;59;-50;7.67;2.25;1.99;1.8;1.49;1.14;1.26;916;57;57;26;327;55;644;53;358;50;11;24;1.9;1.2;3.5;1.4;1.2;757;4239;53;1902;68;63;61;1.3;0.2;36;6.2;676;6;25;60;0.06;0.08;0.1;50000;50;5;7.24;2.64;6.54;5.16;6.59;2.33;5.29;9.25;5.93;9.39;4.67;12.14;5.23;6.03;7.36;4.21;3.12;7.67;1.99;4.83;5.37;5.83;2.25;5.48;8.43;5.24;10.64;4.6;12.99;3.95;6.87;6.93;4.17;1;22.1;1.4;2.7;3.7;16.3;47.6
965;FF1120;Fourrage;FOINS;Graminées Fourragères, Ray-Grass D'italie, Non Alternatif Ventilé 2e cycle après coupe épiaison Repousses à tiges de 7 semaines;85;0.74;0.66;27;76;-11;7.55;2.22;2.11;2.1;1.26;1.04;1.07;909;62;117;57;310;61;622;60;340;57;16;30;2.4;1.6;3.5;1.4;1.4;603;4312;59;2112;68;66;72;1.3;0.2;30;6.2;522;6;25;60;0.06;0.08;0.1;50000;50;5;7.24;2.64;6.54;5.16;6.59;2.33;5.29;9.25;5.93;9.39;4.67;12.14;5.23;6.03;7.36;4.21;3.12;7.55;2.11;4.95;5.29;5.86;2.22;5.37;8.62;5.31;10.37;4.6;12.83;4.16;6.91;6.88;4.14;1;20.7;1.4;2.5;3.4;15;52.3
966;FF1130;Fourrage;FOINS;Graminées Fourragères, Ray-Grass D'italie, Non Alternatif Fané au sol par beau temps 1er cycle Début épiaison;85;0.83;0.77;22;74;-26;7.6;2.23;2.07;2.1;1.29;1.02;1.03;905;68;100;54;263;63;561;65;292;61;15;28;2.4;1.6;3.5;1.4;1.4;874;4264;65;2329;70;67;72;1.3;0.2;40;5.7;793;6;25;60;0.06;0.08;0.1;50000;50;5;7.24;2.64;6.54;5.16;6.59;2.33;5.29;9.25;5.93;9.39;4.67;12.14;5.23;6.03;7.36;4.21;3.12;7.6;2.07;4.91;5.32;5.85;2.23;5.41;8.56;5.28;10.46;4.6;12.88;4.09;6.89;6.9;4.15;1;21.1;1.4;2.5;3.5;15.4;51
967;FF1140;Fourrage;FOINS;Graminées Fourragères, Ray-Grass D'italie, Non Alternatif Fané au sol par beau temps 1er cycle Épiaison;85;0.78;0.71;18;69;-36;7.62;2.24;2.04;2;1.36;1.05;1.08;908;65;84;46;288;62;594;62;318;59;13;26;2.2;1.4;3.5;1.4;1.4;643;4250;61;2195;69;66;69;1.3;0.2;31;5.7;562;6;25;60;0.06;0.08;0.1;50000;50;5;7.24;2.64;6.54;5.16;6.59;2.33;5.29;9.25;5.93;9.39;4.67;12.14;5.23;6.03;7.36;4.21;3.12;7.62;2.04;4.88;5.34;5.84;2.24;5.43;8.51;5.27;10.52;4.6;12.92;4.04;6.89;6.91;4.15;1;21.4;1.4;2.6;3.6;15.7;49.8
968;FF1150;Fourrage;FOINS;Graminées Fourragères, Ray-Grass D'italie, Non Alternatif Fané au sol par beau temps 1er cycle Fin épiaison;85;0.75;0.68;16;66;-41;7.64;2.24;2.03;1.9;1.42;1.07;1.12;915;63;76;42;306;61;617;61;336;58;13;26;2.2;1.4;3.5;1.4;1.4;643;4268;59;2139;69;65;67;1.3;0.2;31;5.7;562;6;25;60;0.06;0.08;0.1;50000;50;5;7.24;2.64;6.54;5.16;6.59;2.33;5.29;9.25;5.93;9.39;4.67;12.14;5.23;6.03;7.36;4.21;3.12;7.64;2.03;4.87;5.35;5.84;2.24;5.44;8.49;5.26;10.55;4.6;12.94;4.02;6.88;6.91;4.16;1;21.6;1.4;2.6;3.6;15.9;49.2
969;FF1160;Fourrage;FOINS;Graminées Fourragères, Ray-Grass D'italie, Non Alternatif Fané au sol par beau temps 1er cycle Début floraison;85;0.71;0.63;13;62;-46;7.66;2.25;2.01;1.7;1.56;1.11;1.21;917;60;66;36;314;58;627;57;344;54;12;25;2.2;1.4;3.5;1.4;1.4;874;4259;57;2033;69;64;64;1.3;0.2;40;5.7;793;6;25;60;0.06;0.08;0.1;50000;50;5;7.24;2.64;6.54;5.16;6.59;2.33;5.29;9.25;5.93;9.39;4.67;12.14;5.23;6.03;7.36;4.21;3.12;7.66;2.01;4.84;5.36;5.83;2.25;5.46;8.45;5.24;10.6;4.6;12.97;3.98;6.87;6.92;4.16;1;21.9;1.4;2.7;3.7;16.1;48.4
970;FF1170;Fourrage;FOINS;Graminées Fourragères, Ray-Grass D'italie, Non Alternatif Fané au sol par beau temps 1er cycle Floraison;85;0.65;0.56;11;59;-50;7.68;2.25;1.99;1.7;1.62;1.14;1.26;918;57;57;26;327;55;644;53;358;50;11;24;1.9;1.2;3.5;1.4;1.2;757;4248;53;1899;68;63;61;1.3;0.2;36;6.2;676;6;25;60;0.06;0.08;0.1;50000;50;5;7.24;2.64;6.54;5.16;6.59;2.33;5.29;9.25;5.93;9.39;4.67;12.14;5.23;6.03;7.36;4.21;3.12;7.68;1.99;4.83;5.38;5.83;2.25;5.48;8.42;5.23;10.64;4.6;13;3.95;6.87;6.93;4.17;1;22.1;1.4;2.7;3.7;16.3;47.6
971;FF1180;Fourrage;FOINS;Graminées Fourragères, Ray-Grass D'italie, Non Alternatif Fané au sol par beau temps 2e cycle après coupe épiaison Repousses à tiges de 6 semaines;85;0.76;0.69;33;82;9;7.47;2.19;2.07;2.1;1.3;1.02;1.04;902;64;143;63;298;62;607;62;328;58;19;32;2.7;1.7;3.9;1.6;1.4;603;4325;60;2167;70;68;76;1.3;0.2;30;6.2;522;6;25;60;0.06;0.08;0.1;50000;50;5;7.07;2.44;6.24;5.08;6.66;2.26;4.9;9.7;5.84;10.8;4.83;12.1;4.9;5.74;7.45;3.99;3.12;7.47;2.07;4.93;5.25;5.9;2.19;5.19;8.84;5.31;10.63;4.66;12.78;4.11;6.82;6.9;4.11;1;20.2;1.4;2.4;3.3;14.5;53.9
972;FF1190;Fourrage;FOINS;Graminées Fourragères, Ray-Grass D'italie, Non Alternatif Fané au sol par beau temps 2e cycle après coupe épiaison Repousses à tiges de 7 semaines;85;0.74;0.66;26;75;-11;7.56;2.22;2.1;2;1.35;1.04;1.07;910;62;117;57;310;61;622;60;340;57;16;30;2.4;1.6;3.5;1.4;1.4;603;4316;59;2108;69;66;72;1.3;0.2;30;6.2;522;6;25;60;0.06;0.08;0.1;50000;50;5;7.24;2.64;6.54;5.16;6.59;2.33;5.29;9.25;5.93;9.39;4.67;12.14;5.23;6.03;7.36;4.21;3.12;7.56;2.1;4.94;5.29;5.86;2.22;5.37;8.62;5.31;10.37;4.6;12.83;4.15;6.91;6.89;4.14;1;20.7;1.4;2.5;3.4;15;52.3
973;FF1200;Fourrage;FOINS;Graminées Fourragères, Ray-Grass D'italie, Non Alternatif Fané au sol par beau temps 2e cycle après coupe épiaison Repousses à tiges de 8 semaines;85;0.68;0.59;23;71;-18;7.58;2.23;2.09;2;1.38;1.05;1.1;912;59;104;54;317;57;631;56;348;53;15;28;2.4;1.6;3.5;1.4;1.4;603;4303;55;1976;68;65;69;1.3;0.2;30;6.2;522;6;25;60;0.06;0.08;0.1;50000;50;5;7.24;2.64;6.54;5.16;6.59;2.33;5.29;9.25;5.93;9.39;4.67;12.14;5.23;6.03;7.36;4.21;3.12;7.58;2.09;4.93;5.31;5.86;2.23;5.39;8.59;5.3;10.41;4.6;12.86;4.12;6.9;6.89;4.14;1;21;1.4;2.5;3.5;15.3;51.3
974;FF1210;Fourrage;FOINS;Graminées Fourragères, Ray-Grass D'italie, Non Alternatif Fané au sol par beau temps 3e cycle Repousses feuillues de 6 semaines;85;0.87;0.81;36;87;8;7.51;2.21;2.14;2.3;1.16;0.97;0.94;900;70;149;64;254;65;550;67;283;64;19;33;2.7;1.7;4.3;1.7;1.4;603;4327;66;2410;69;68;78;1.3;0.2;30;6.2;522;6;25;60;0.06;0.08;0.1;50000;50;5;7.24;2.64;6.54;5.16;6.59;2.33;5.29;9.25;5.93;9.39;4.67;12.14;5.23;6.03;7.36;4.21;3.12;7.51;2.14;4.98;5.26;5.88;2.21;5.33;8.69;5.33;10.28;4.6;12.77;4.22;6.92;6.87;4.13;1;20.1;1.4;2.3;3.3;14.4;54.3
975;FF1220;Fourrage;FOINS;Graminées Fourragères, Ray-Grass D'italie, Non Alternatif Fané au sol par beau temps 3e cycle Repousses feuillues de 7 semaines;85;0.84;0.78;33;85;3;7.52;2.21;2.14;2.3;1.18;0.97;0.95;902;68;141;62;243;60;535;63;272;58;18;32;2.7;1.7;4.3;1.7;1.4;603;4322;65;2343;69;67;76;1.3;0.2;30;6.2;522;6;25;60;0.06;0.08;0.1;50000;50;5;7.24;2.64;6.54;5.16;6.59;2.33;5.29;9.25;5.93;9.39;4.67;12.14;5.23;6.03;7.36;4.21;3.12;7.52;2.14;4.98;5.27;5.87;2.21;5.34;8.67;5.33;10.3;4.6;12.78;4.21;6.92;6.87;4.13;1;20.2;1.4;2.4;3.3;14.6;53.7
976;FF1230;Fourrage;FOINS;Graminées Fourragères, Ray-Grass D'italie, Non Alternatif Fané au sol par beau temps 3e cycle Repousses feuillues de 8 semaines;85;0.84;0.78;24;76;-25;7.58;2.23;2.08;2.3;1.2;0.98;0.96;914;68;105;54;266;64;565;65;295;61;15;28;2.4;1.6;3.9;1.6;1.7;669;4313;65;2360;67;65;70;1.1;0.5;36;9.8;600;6;30;80;0.07;0.08;0.3;50000;50;5;7.24;2.64;6.54;5.16;6.59;2.33;5.29;9.25;5.93;9.39;4.67;12.14;5.23;6.03;7.36;4.21;3.12;7.58;2.08;4.92;5.31;5.86;2.23;5.39;8.58;5.29;10.43;4.6;12.86;4.11;6.9;6.89;4.15;1;20.9;1.4;2.5;3.5;15.3;51.4
977;FF1240;Fourrage;FOINS;Graminées Fourragères, Ray-Grass D'italie, Non Alternatif Fané au sol par temps de pluie (< 10 jours) 1er cycle Début épiaison;85;0.79;0.72;20;71;-27;7.6;2.24;2.06;1.9;1.4;1.08;1.12;903;66;95;51;288;64;594;64;318;61;15;28;2.4;1.6;3.5;1.4;1.4;874;4246;62;2226;70;67;71;1.3;0.2;40;5.7;793;6;25;60;0.06;0.08;0.1;50000;50;5;7.24;2.64;6.54;5.16;6.59;2.33;5.29;9.25;5.93;9.39;4.67;12.14;5.23;6.03;7.36;4.21;3.12;7.6;2.06;4.9;5.33;5.85;2.24;5.41;8.54;5.28;10.48;4.6;12.89;4.07;6.89;6.9;4.15;1;21.1;1.4;2.5;3.5;15.4;41.9
978;FF1250;Fourrage;FOINS;Graminées Fourragères, Ray-Grass D'italie, Non Alternatif Fané au sol par temps de pluie (< 10 jours) 1er cycle Épiaison;85;0.74;0.67;16;66;-38;7.63;2.24;2.03;1.8;1.49;1.1;1.17;906;63;79;43;311;62;623;61;341;58;13;26;2.2;1.4;3.5;1.4;1.4;643;4232;60;2117;69;65;67;1.3;0.2;31;5.7;562;6;25;60;0.06;0.08;0.1;50000;50;5;7.24;2.64;6.54;5.16;6.59;2.33;5.29;9.25;5.93;9.39;4.67;12.14;5.23;6.03;7.36;4.21;3.12;7.63;2.03;4.87;5.35;5.84;2.24;5.44;8.5;5.26;10.54;4.6;12.93;4.02;6.88;6.91;4.16;1;21.4;1.4;2.6;3.6;15.7;40.7
979;FF1260;Fourrage;FOINS;Graminées Fourragères, Ray-Grass D'italie, Non Alternatif Fané au sol par temps de pluie (< 10 jours) 1er cycle Fin épiaison;85;0.73;0.65;14;64;-43;7.65;2.25;2.02;1.7;1.55;1.12;1.21;914;62;71;37;327;63;644;61;358;59;13;26;2.2;1.4;3.5;1.4;1.4;643;4254;58;2078;69;65;65;1.3;0.2;31;5.7;562;6;25;60;0.06;0.08;0.1;50000;50;5;7.24;2.64;6.54;5.16;6.59;2.33;5.29;9.25;5.93;9.39;4.67;12.14;5.23;6.03;7.36;4.21;3.12;7.65;2.02;4.85;5.36;5.84;2.25;5.45;8.47;5.25;10.58;4.6;12.96;4;6.88;6.92;4.16;1;21.6;1.4;2.6;3.6;15.9;40.1
980;FF1270;Fourrage;FOINS;Graminées Fourragères, Ray-Grass D'italie, Non Alternatif Fané au sol par temps de pluie (< 10 jours) 1er cycle Début floraison;85;0.69;0.6;12;61;-49;7.67;2.25;2;1.6;1.72;1.16;1.3;916;59;61;30;334;60;653;58;365;55;12;25;2.2;1.4;3.5;1.4;1.4;874;4246;56;1985;69;64;62;1.3;0.2;40;5.7;793;6;25;60;0.06;0.08;0.1;50000;50;5;7.24;2.64;6.54;5.16;6.59;2.33;5.29;9.25;5.93;9.39;4.67;12.14;5.23;6.03;7.36;4.21;3.12;7.67;2;4.83;5.37;5.83;2.25;5.48;8.43;5.24;10.63;4.6;12.99;3.96;6.87;6.92;4.17;1;21.9;1.4;2.7;3.7;16.1;39.3
981;FF1280;Fourrage;FOINS;Graminées Fourragères, Ray-Grass D'italie, Non Alternatif Fané au sol par temps de pluie (< 10 jours) 1er cycle Floraison;85;0.63;0.54;10;57;-53;7.69;2.26;1.98;1.5;1.79;1.19;1.35;917;56;52;19;346;56;669;54;377;51;11;24;1.9;1.2;3.5;1.4;1.2;757;4235;52;1851;68;63;58;1.3;0.2;36;6.2;676;6;25;60;0.06;0.08;0.1;50000;50;5;7.24;2.64;6.54;5.16;6.59;2.33;5.29;9.25;5.93;9.39;4.67;12.14;5.23;6.03;7.36;4.21;3.12;7.69;1.98;4.81;5.39;5.82;2.26;5.49;8.4;5.22;10.68;4.6;13.02;3.92;6.86;6.93;4.17;1;22.1;1.4;2.7;3.7;16.3;38.5
982;FF1290;Fourrage;FOINS;Graminées Fourragères, Ray-Grass D'italie, Non Alternatif Fané au sol par temps de pluie (< 10 jours) 2e cycle après coupe épiaison Repousses à tiges de 6 semaines;85;0.73;0.65;31;80;6;7.48;2.19;2.07;1.9;1.4;1.08;1.13;900;62;138;61;320;62;635;61;351;58;19;32;2.7;1.7;3.9;1.6;1.4;603;4307;59;2096;70;67;75;1.3;0.2;30;6.2;522;6;25;60;0.06;0.08;0.1;50000;50;5;7.07;2.44;6.24;5.08;6.66;2.26;4.9;9.7;5.84;10.8;4.83;12.1;4.9;5.74;7.45;3.99;3.12;7.48;2.07;4.92;5.25;5.9;2.19;5.2;8.82;5.3;10.63;4.66;12.79;4.1;6.82;6.9;4.12;1;20.2;1.4;2.4;3.3;14.5;44.8
983;FF1300;Fourrage;FOINS;Graminées Fourragères, Ray-Grass D'italie, Non Alternatif Fané au sol par temps de pluie (< 10 jours) 2e cycle après coupe épiaison Repousses à tiges de 7 semaines;85;0.71;0.63;24;73;-13;7.57;2.23;2.09;1.9;1.46;1.1;1.16;908;61;112;55;331;62;649;60;362;58;16;30;2.4;1.6;3.5;1.4;1.4;603;4298;57;2052;69;65;70;1.3;0.2;30;6.2;522;6;25;60;0.06;0.08;0.1;50000;50;5;7.24;2.64;6.54;5.16;6.59;2.33;5.29;9.25;5.93;9.39;4.67;12.14;5.23;6.03;7.36;4.21;3.12;7.57;2.09;4.93;5.3;5.86;2.23;5.38;8.6;5.3;10.4;4.6;12.84;4.13;6.9;6.89;4.14;1;20.7;1.4;2.5;3.4;15;43.2
984;FF1310;Fourrage;FOINS;Graminées Fourragères, Ray-Grass D'italie, Non Alternatif Fané au sol par temps de pluie (< 10 jours) 2e cycle après coupe épiaison Repousses à tiges de 8 semaines;85;0.66;0.57;21;69;-21;7.59;2.23;2.08;1.8;1.51;1.1;1.19;911;58;99;50;337;59;657;57;368;54;15;28;2.4;1.6;3.5;1.4;1.4;603;4289;54;1927;68;64;67;1.3;0.2;30;6.2;522;6;25;60;0.06;0.08;0.1;50000;50;5;7.24;2.64;6.54;5.16;6.59;2.33;5.29;9.25;5.93;9.39;4.67;12.14;5.23;6.03;7.36;4.21;3.12;7.59;2.08;4.91;5.31;5.85;2.23;5.4;8.57;5.29;10.44;4.6;12.87;4.1;6.9;6.9;4.15;1;21;1.4;2.5;3.5;15.3;42.2
985;FF1320;Fourrage;FOINS;Graminées Fourragères, Ray-Grass D'italie, Non Alternatif Fané au sol par temps de pluie (< 10 jours) 3e cycle Repousses feuillues de 6 semaines;85;0.81;0.75;34;84;7;7.47;2.19;2.07;2.2;1.25;1.03;1.03;898;67;144;62;279;64;582;64;309;61;19;33;2.7;1.7;4.3;1.7;1.4;603;4309;64;2291;70;68;77;1.3;0.2;30;6.2;522;6;25;60;0.06;0.08;0.1;50000;50;5;7.07;2.44;6.24;5.08;6.66;2.26;4.9;9.7;5.84;10.8;4.83;12.1;4.9;5.74;7.45;3.99;3.12;7.47;2.07;4.93;5.25;5.9;2.19;5.19;8.83;5.31;10.63;4.66;12.78;4.11;6.82;6.9;4.12;1;20.1;1.4;2.3;3.3;14.4;45.2
986;FF1330;Fourrage;FOINS;Graminées Fourragères, Ray-Grass D'italie, Non Alternatif Fané au sol par temps de pluie (< 10 jours) 3e cycle Repousses feuillues de 7 semaines;85;0.79;0.72;31;82;2;7.48;2.19;2.06;2.1;1.27;1.03;1.04;900;66;136;60;269;61;569;62;298;58;18;32;2.7;1.7;4.3;1.7;1.4;603;4304;62;2239;69;67;75;1.3;0.2;30;6.2;522;6;25;60;0.06;0.08;0.1;50000;50;5;7.07;2.44;6.24;5.08;6.66;2.26;4.9;9.7;5.84;10.8;4.83;12.1;4.9;5.74;7.45;3.99;3.12;7.48;2.06;4.92;5.26;5.9;2.19;5.2;8.81;5.3;10.64;4.66;12.8;4.09;6.82;6.9;4.12;1;20.2;1.4;2.4;3.3;14.6;44.7
987;FF1340;Fourrage;FOINS;Graminées Fourragères, Ray-Grass D'italie, Non Alternatif Fané au sol par temps de pluie (< 10 jours) 3e cycle Repousses feuillues de 8 semaines;85;0.8;0.73;22;73;-27;7.59;2.23;2.07;2.1;1.29;1.04;1.05;912;66;100;50;290;64;596;64;320;61;15;28;2.4;1.6;3.9;1.6;1.7;669;4296;62;2256;67;64;69;1.1;0.5;36;9.8;600;6;30;80;0.07;0.08;0.3;50000;50;5;7.24;2.64;6.54;5.16;6.59;2.33;5.29;9.25;5.93;9.39;4.67;12.14;5.23;6.03;7.36;4.21;3.12;7.59;2.07;4.91;5.32;5.85;2.23;5.4;8.57;5.29;10.45;4.6;12.87;4.1;6.9;6.9;4.15;1;20.9;1.4;2.5;3.5;15.3;42.3
999;FF1460;Fourrage;FOINS;Graminées Fourragères, Ray-Grass Anglais Ventilé 1er cycle, variétés précoces 1 semaine avant le début de l'épiaison;85;0.93;0.88;34;87;8;6.74;2;1.9;2.3;1.16;1;0.99;904;73;148;65;255;71;551;72;284;70;19;32;2.7;1.7;4.3;1.7;2;389;4343;70;2553;72;71;80;2.4;0.2;28;12;239;6;30;80;0.02;0.02;0.1;50000;50;5;4.97;1.95;5.38;5.22;6.88;1.78;5.02;8.72;5.52;10.71;5.03;12.49;10.79;5.58;7.24;2.7;3.12;6.74;1.9;4.75;5.27;5.93;2;5.23;8.46;5.18;10.57;4.72;12.86;5.99;6.73;6.84;3.98;1;20.1;1.4;2.3;3.3;14.4;54.2
1000;FF1470;Fourrage;FOINS;Graminées Fourragères, Ray-Grass Anglais Ventilé 1er cycle, variétés précoces Début épiaison;85;0.9;0.85;30;83;0;6.81;2.02;1.9;2.1;1.26;1.04;1.08;910;72;136;63;264;70;573;71;286;68;18;31;2.7;1.7;4.3;1.7;1.5;710;4349;68;2490;72;70;78;1;0.4;36;8.2;647;6;30;80;0.07;0.08;0.1;50000;50;5;4.97;1.95;5.38;5.22;6.88;1.78;5.02;8.72;5.52;10.71;5.03;12.49;10.79;5.58;7.24;2.7;3.12;6.81;1.9;4.74;5.29;5.93;2.02;5.25;8.45;5.18;10.6;4.71;12.88;5.85;6.73;6.85;3.99;1;20.3;1.4;2.4;3.3;14.7;53.5
1001;FF1480;Fourrage;FOINS;Graminées Fourragères, Ray-Grass Anglais Ventilé 1er cycle, variétés précoces Épiaison;85;0.85;0.8;25;78;-15;6.91;2.05;1.89;2.1;1.31;1.06;1.12;912;69;115;57;287;68;601;68;310;65;16;29;2.4;1.6;4.3;1.7;1.5;626;4322;65;2383;71;68;75;1;0.4;31;6.6;564;6;30;80;0.07;0.08;0.1;50000;50;5;4.97;1.95;5.38;5.22;6.88;1.78;5.02;8.72;5.52;10.71;5.03;12.49;10.79;5.58;7.24;2.7;3.12;6.91;1.89;4.74;5.31;5.91;2.05;5.29;8.42;5.17;10.63;4.7;12.91;5.63;6.74;6.86;4.01;1;20.7;1.4;2.5;3.4;15.1;52.1
1002;FF1490;Fourrage;FOINS;Graminées Fourragères, Ray-Grass Anglais Ventilé 1er cycle, variétés précoces Fin épiaison;85;0.79;0.72;22;73;-23;6.98;2.07;1.89;1.9;1.4;1.1;1.18;912;66;101;54;314;67;634;66;339;63;15;28;2.4;1.6;4.3;1.7;1.5;626;4297;62;2240;70;67;72;1;0.4;31;6.6;564;6;30;80;0.07;0.08;0.1;50000;50;5;4.97;1.95;5.38;5.22;6.88;1.78;5.02;8.72;5.52;10.71;5.03;12.49;10.79;5.58;7.24;2.7;3.12;6.98;1.89;4.73;5.32;5.9;2.07;5.31;8.4;5.17;10.66;4.69;12.93;5.48;6.75;6.87;4.03;1;21;1.4;2.5;3.5;15.4;51.1
1003;FF1500;Fourrage;FOINS;Graminées Fourragères, Ray-Grass Anglais Ventilé 1er cycle, variétés précoces Début floraison;85;0.73;0.65;21;70;-22;7;2.07;1.89;1.8;1.52;1.15;1.28;911;62;98;53;333;63;657;62;359;59;15;28;2.2;1.4;4.3;1.7;1.5;626;4288;59;2096;71;67;71;1;0.4;31;6.6;564;6;30;80;0.07;0.08;0.1;50000;50;5;4.97;1.95;5.38;5.22;6.88;1.78;5.02;8.72;5.52;10.71;5.03;12.49;10.79;5.58;7.24;2.7;3.12;7;1.89;4.73;5.32;5.9;2.07;5.32;8.4;5.17;10.67;4.69;12.94;5.45;6.75;6.87;4.03;1;21.1;1.4;2.5;3.5;15.4;50.9
1004;FF1510;Fourrage;FOINS;Graminées Fourragères, Ray-Grass Anglais Ventilé 1er cycle, variétés précoces Floraison;85;0.68;0.59;19;67;-25;7.02;2.08;1.89;1.8;1.52;1.15;1.28;911;59;91;51;335;60;660;58;361;55;14;27;2.2;1.4;3.9;1.6;1.8;631;4276;55;1963;70;66;70;1;0.5;31;6.6;568;6;25;100;0.05;0.02;0.3;50000;50;5;4.97;1.95;5.38;5.22;6.88;1.78;5.02;8.72;5.52;10.71;5.03;12.49;10.79;5.58;7.24;2.7;3.12;7.02;1.89;4.73;5.33;5.9;2.08;5.33;8.39;5.17;10.68;4.68;12.95;5.39;6.75;6.87;4.04;1;21.3;1.4;2.6;3.6;15.6;50.4
1005;FF1520;Fourrage;FOINS;Graminées Fourragères, Ray-Grass Anglais Ventilé 1er cycle, variétés tardives 1 semaine avant le début de l'épiaison;85;0.86;0.81;25;77;-17;6.92;2.05;1.89;2.1;1.3;1.06;1.1;902;70;113;58;302;71;619;70;326;68;16;29;2.7;1.7;4.3;1.7;1.5;389;4273;66;2391;70;68;75;1.8;0.2;28;12;276;6;30;80;0.02;0.02;0.1;50000;50;5;4.97;1.95;5.38;5.22;6.88;1.78;5.02;8.72;5.52;10.71;5.03;12.49;10.79;5.58;7.24;2.7;3.12;6.92;1.89;4.74;5.31;5.91;2.05;5.29;8.42;5.17;10.64;4.7;12.91;5.61;6.74;6.86;4.02;1;20.8;1.4;2.5;3.5;15.1;51.9
1006;FF1530;Fourrage;FOINS;Graminées Fourragères, Ray-Grass Anglais Ventilé 1er cycle, variétés tardives Début épiaison;85;0.83;0.77;22;74;-25;7;2.07;1.89;2;1.37;1.09;1.16;905;68;100;54;313;69;633;69;338;66;15;28;2.7;1.7;4.3;1.7;1.6;468;4264;65;2323;70;67;72;0.9;0.3;24;5.7;412;6;25;100;0.05;0.02;0.3;50000;50;5;4.97;1.95;5.38;5.22;6.88;1.78;5.02;8.72;5.52;10.71;5.03;12.49;10.79;5.58;7.24;2.7;3.12;7;1.89;4.73;5.32;5.9;2.07;5.32;8.4;5.17;10.67;4.69;12.94;5.45;6.75;6.87;4.03;1;21.1;1.4;2.5;3.5;15.4;51
1007;FF1540;Fourrage;FOINS;Graminées Fourragères, Ray-Grass Anglais Ventilé 1er cycle, variétés tardives Épiaison;85;0.79;0.72;18;69;-37;7.1;2.1;1.88;1.9;1.42;1.11;1.2;909;66;83;46;325;68;647;67;350;64;13;26;2.4;1.6;4.3;1.7;1.6;468;4253;62;2226;69;66;69;0.9;0.3;24;5.7;412;6;25;100;0.05;0.02;0.3;50000;50;5;4.97;1.95;5.38;5.22;6.88;1.78;5.02;8.72;5.52;10.71;5.03;12.49;10.79;5.58;7.24;2.7;3.12;7.1;1.88;4.73;5.34;5.88;2.1;5.35;8.37;5.17;10.7;4.67;12.97;5.23;6.76;6.88;4.05;1;21.5;1.4;2.6;3.6;15.7;49.7
1008;FF1550;Fourrage;FOINS;Graminées Fourragères, Ray-Grass Anglais Ventilé 1er cycle, variétés tardives Fin épiaison;85;0.75;0.67;15;65;-44;7.18;2.12;1.88;1.9;1.45;1.12;1.23;910;63;71;39;336;65;661;63;362;61;12;25;2.4;1.6;4.3;1.7;1.6;468;4236;59;2124;68;65;66;0.9;0.3;24;5.7;412;6;25;100;0.05;0.02;0.3;50000;50;5;4.97;1.95;5.38;5.22;6.88;1.78;5.02;8.72;5.52;10.71;5.03;12.49;10.79;5.58;7.24;2.7;3.12;7.18;1.88;4.72;5.36;5.87;2.12;5.38;8.35;5.17;10.73;4.67;12.99;5.06;6.77;6.89;4.07;1;21.7;1.4;2.7;3.7;16;48.8
1009;FF1560;Fourrage;FOINS;Graminées Fourragères, Ray-Grass Anglais Ventilé 1er cycle, variétés tardives Début floraison;85;0.72;0.64;14;64;-44;7.19;2.12;1.88;1.8;1.47;1.13;1.24;915;61;69;38;347;64;674;62;374;59;12;25;2.2;1.4;4.3;1.7;1.6;468;4256;58;2068;68;64;65;0.9;0.3;24;5.7;412;6;25;100;0.05;0.02;0.3;50000;50;5;4.97;1.95;5.38;5.22;6.88;1.78;5.02;8.72;5.52;10.71;5.03;12.49;10.79;5.58;7.24;2.7;3.12;7.19;1.88;4.72;5.36;5.87;2.12;5.39;8.35;5.17;10.74;4.66;13;5.03;6.77;6.9;4.07;1;21.8;1.4;2.7;3.7;16;48.6
1010;FF1570;Fourrage;FOINS;Graminées Fourragères, Ray-Grass Anglais Ventilé 2e cycle après coupe épiaison Repousses à tiges de 7 semaines;85;0.81;0.74;27;78;-12;6.84;2.03;1.89;2.1;1.26;1.04;1.07;906;66;119;58;297;63;613;63;321;59;17;31;2.7;1.7;4.3;1.7;1.8;237;4302;63;2271;68;66;72;1;0.3;15;5.7;175;6;25;100;0.05;0.02;0.3;50000;50;5;4.97;1.95;5.38;5.22;6.88;1.78;5.02;8.72;5.52;10.71;5.03;12.49;10.79;5.58;7.24;2.7;3.12;6.84;1.89;4.74;5.29;5.92;2.03;5.26;8.44;5.18;10.61;4.7;12.89;5.77;6.74;6.85;4;1;20.5;1.4;2.4;3.4;14.8;53
1011;FF1580;Fourrage;FOINS;Graminées Fourragères, Ray-Grass Anglais Fané au sol par beau temps 1er cycle, variétés précoces Début épiaison;85;0.9;0.85;30;83;1;6.82;2.02;1.89;2;1.35;1.04;1.08;910;72;136;63;264;70;573;71;286;68;18;31;2.7;1.7;4.3;1.7;1.5;710;4349;68;2483;72;70;78;1;0.4;36;8.2;647;6;30;80;0.07;0.08;0.1;50000;50;5;4.97;1.95;5.38;5.22;6.88;1.78;5.02;8.72;5.52;10.71;5.03;12.49;10.79;5.58;7.24;2.7;3.12;6.82;1.89;4.74;5.29;5.92;2.02;5.25;8.44;5.18;10.6;4.71;12.88;5.82;6.74;6.85;4;1;20.3;1.4;2.4;3.3;14.7;53.5
1012;FF1590;Fourrage;FOINS;Graminées Fourragères, Ray-Grass Anglais Fané au sol par beau temps 1er cycle, variétés précoces Épiaison;85;0.85;0.79;25;77;-14;6.92;2.05;1.89;1.9;1.41;1.06;1.12;913;69;115;57;287;68;601;68;310;65;16;29;2.4;1.6;4.3;1.7;1.5;626;4326;65;2378;71;68;74;1;0.4;31;6.6;564;6;30;80;0.07;0.08;0.1;50000;50;5;4.97;1.95;5.38;5.22;6.88;1.78;5.02;8.72;5.52;10.71;5.03;12.49;10.79;5.58;7.24;2.7;3.12;6.92;1.89;4.74;5.31;5.91;2.05;5.29;8.42;5.17;10.64;4.7;12.91;5.6;6.74;6.86;4.02;1;20.7;1.4;2.5;3.4;15.1;52.1
1013;FF1600;Fourrage;FOINS;Graminées Fourragères, Ray-Grass Anglais Fané au sol par beau temps 1er cycle, variétés précoces Fin épiaison;85;0.79;0.72;21;72;-23;7;2.07;1.89;1.8;1.51;1.1;1.18;913;66;101;54;314;67;634;66;339;63;15;28;2.4;1.6;4.3;1.7;1.5;626;4302;62;2235;71;67;72;1;0.4;31;6.6;564;6;30;80;0.07;0.08;0.1;50000;50;5;4.97;1.95;5.38;5.22;6.88;1.78;5.02;8.72;5.52;10.71;5.03;12.49;10.79;5.58;7.24;2.7;3.12;7;1.89;4.73;5.32;5.9;2.07;5.32;8.4;5.17;10.67;4.69;12.94;5.45;6.75;6.87;4.03;1;21;1.4;2.5;3.5;15.4;51.1
1014;FF1610;Fourrage;FOINS;Graminées Fourragères, Ray-Grass Anglais Fané au sol par beau temps 1er cycle, variétés précoces Début floraison;85;0.73;0.65;20;70;-22;7.01;2.08;1.89;1.6;1.65;1.15;1.28;912;62;98;53;333;63;657;62;359;59;15;28;2.2;1.4;4.3;1.7;1.5;626;4292;59;2091;71;67;71;1;0.4;31;6.6;564;6;30;80;0.07;0.08;0.1;50000;50;5;4.97;1.95;5.38;5.22;6.88;1.78;5.02;8.72;5.52;10.71;5.03;12.49;10.79;5.58;7.24;2.7;3.12;7.01;1.89;4.73;5.32;5.9;2.08;5.32;8.4;5.17;10.67;4.69;12.94;5.42;6.75;6.87;4.03;1;21.1;1.4;2.5;3.5;15.4;50.9
1015;FF1620;Fourrage;FOINS;Graminées Fourragères, Ray-Grass Anglais Fané au sol par beau temps 1er cycle, variétés précoces Floraison;85;0.68;0.59;19;67;-25;7.04;2.08;1.89;1.6;1.66;1.15;1.28;912;59;91;51;335;60;660;58;361;55;14;27;2.2;1.4;3.9;1.6;1.8;631;4280;55;1958;71;66;69;1;0.5;31;6.6;568;6;25;100;0.05;0.02;0.3;50000;50;5;4.97;1.95;5.38;5.22;6.88;1.78;5.02;8.72;5.52;10.71;5.03;12.49;10.79;5.58;7.24;2.7;3.12;7.04;1.89;4.73;5.33;5.89;2.08;5.33;8.39;5.17;10.68;4.68;12.95;5.36;6.75;6.88;4.04;1;21.3;1.4;2.6;3.6;15.6;50.4
1016;FF1630;Fourrage;FOINS;Graminées Fourragères, Ray-Grass Anglais Fané au sol par beau temps 1er cycle, variétés tardives Début épiaison;85;0.83;0.77;21;73;-25;7.01;2.07;1.89;1.8;1.47;1.09;1.16;904;68;100;54;313;69;633;69;338;66;15;28;2.7;1.7;4.3;1.7;1.6;468;4260;65;2314;70;67;72;0.9;0.3;24;5.7;412;6;25;100;0.05;0.02;0.3;50000;50;5;4.97;1.95;5.38;5.22;6.88;1.78;5.02;8.72;5.52;10.71;5.03;12.49;10.79;5.58;7.24;2.7;3.12;7.01;1.89;4.73;5.32;5.9;2.07;5.32;8.4;5.17;10.67;4.69;12.94;5.42;6.75;6.87;4.03;1;21.1;1.4;2.5;3.5;15.4;51
1017;FF1640;Fourrage;FOINS;Graminées Fourragères, Ray-Grass Anglais Fané au sol par beau temps 1er cycle, variétés tardives Épiaison;85;0.79;0.72;17;68;-36;7.11;2.1;1.88;1.8;1.53;1.11;1.2;909;66;83;46;325;68;647;67;350;64;13;26;2.4;1.6;4.3;1.7;1.6;468;4253;62;2219;70;66;68;0.9;0.3;24;5.7;412;6;25;100;0.05;0.02;0.3;50000;50;5;4.97;1.95;5.38;5.22;6.88;1.78;5.02;8.72;5.52;10.71;5.03;12.49;10.79;5.58;7.24;2.7;3.12;7.11;1.88;4.73;5.34;5.88;2.1;5.36;8.37;5.17;10.71;4.67;12.97;5.2;6.76;6.89;4.06;1;21.5;1.4;2.6;3.6;15.7;49.7
1018;FF1650;Fourrage;FOINS;Graminées Fourragères, Ray-Grass Anglais Fané au sol par beau temps 1er cycle, variétés tardives Fin épiaison;85;0.74;0.67;14;65;-44;7.19;2.12;1.88;1.7;1.57;1.12;1.23;911;63;71;39;336;65;661;63;362;61;12;25;2.4;1.6;4.3;1.7;1.6;468;4241;59;2120;69;65;65;0.9;0.3;24;5.7;412;6;25;100;0.05;0.02;0.3;50000;50;5;4.97;1.95;5.38;5.22;6.88;1.78;5.02;8.72;5.52;10.71;5.03;12.49;10.79;5.58;7.24;2.7;3.12;7.19;1.88;4.72;5.36;5.87;2.12;5.39;8.35;5.17;10.74;4.66;13;5.03;6.77;6.9;4.07;1;21.7;1.4;2.7;3.7;16;48.8
1019;FF1660;Fourrage;FOINS;Graminées Fourragères, Ray-Grass Anglais Fané au sol par beau temps 1er cycle, variétés tardives Début floraison;85;0.72;0.64;14;63;-44;7.21;2.13;1.88;1.7;1.59;1.13;1.24;918;61;69;38;347;64;674;62;374;59;12;25;2.2;1.4;4.3;1.7;1.6;468;4269;58;2068;69;64;65;0.9;0.3;24;5.7;412;6;25;100;0.05;0.02;0.3;50000;50;5;4.97;1.95;5.38;5.22;6.88;1.78;5.02;8.72;5.52;10.71;5.03;12.49;10.79;5.58;7.24;2.7;3.12;7.21;1.88;4.72;5.36;5.87;2.13;5.39;8.35;5.17;10.74;4.66;13;5.01;6.77;6.9;4.07;1;21.8;1.4;2.7;3.7;16;48.6
1020;FF1670;Fourrage;FOINS;Graminées Fourragères, Ray-Grass Anglais Fané au sol par beau temps 2e cycle après coupe épiaison Repousses à tiges de 6 semaines;85;0.8;0.73;29;80;-5;6.8;2.02;1.9;2;1.32;1.03;1.05;900;66;128;60;287;65;601;66;310;61;17;31;2.9;1.9;4.7;1.9;1.8;237;4290;63;2258;69;66;74;1;0.3;15;5.7;175;6;25;100;0.05;0.02;0.3;50000;50;5;4.97;1.95;5.38;5.22;6.88;1.78;5.02;8.72;5.52;10.71;5.03;12.49;10.79;5.58;7.24;2.7;3.12;6.8;1.9;4.74;5.29;5.93;2.02;5.25;8.45;5.18;10.59;4.71;12.88;5.87;6.73;6.85;3.99;1;20.5;1.4;2.4;3.4;14.8;53
1021;FF1680;Fourrage;FOINS;Graminées Fourragères, Ray-Grass Anglais Fané au sol par beau temps 2e cycle après coupe épiaison Repousses à tiges de 7 semaines;85;0.79;0.72;27;77;-11;6.85;2.03;1.89;2;1.35;1.04;1.07;905;66;119;58;297;63;613;63;321;59;17;30;2.7;1.7;4.3;1.7;1.8;237;4297;62;2230;69;66;72;1;0.3;15;5.7;175;6;25;100;0.05;0.02;0.3;50000;50;5;4.97;1.95;5.38;5.22;6.88;1.78;5.02;8.72;5.52;10.71;5.03;12.49;10.79;5.58;7.24;2.7;3.12;6.85;1.89;4.74;5.3;5.92;2.03;5.27;8.44;5.18;10.61;4.7;12.89;5.75;6.74;6.85;4;1;20.6;1.4;2.5;3.4;15;52.4
1022;FF1690;Fourrage;FOINS;Graminées Fourragères, Ray-Grass Anglais Fané au sol par beau temps 2e cycle après coupe épiaison Repousses à tiges de 8 semaines;85;0.73;0.65;27;76;-9;6.84;2.03;1.89;2;1.38;1.05;1.1;905;62;119;58;299;59;615;59;323;54;17;30;2.4;1.6;3.1;1.2;1.8;237;4297;59;2096;69;66;72;1;0.3;15;5.7;175;6;25;100;0.05;0.02;0.3;50000;50;5;4.97;1.95;5.38;5.22;6.88;1.78;5.02;8.72;5.52;10.71;5.03;12.49;10.79;5.58;7.24;2.7;3.12;6.84;1.89;4.74;5.29;5.92;2.03;5.26;8.44;5.18;10.61;4.71;12.89;5.79;6.74;6.85;4;1;20.6;1.4;2.5;3.4;15;52.4
1023;FF1700;Fourrage;FOINS;Graminées Fourragères, Ray-Grass Anglais Fané au sol par beau temps 2e cycle après coupe épiaison Repousses feuillues de 6 semaines;85;0.91;0.86;41;93;25;6.6;1.97;1.9;2.2;1.22;0.99;0.98;898;72;172;67;256;71;563;72;278;69;21;35;3.2;2.1;5.1;2;1.8;260;4357;69;2510;71;69;81;1;0.3;15;4.9;197;6;25;100;0.05;0.02;0.3;50000;50;5;4.97;1.95;5.38;5.22;6.88;1.78;5.02;8.72;5.52;10.71;5.03;12.49;10.79;5.58;7.24;2.7;3.12;6.6;1.9;4.75;5.25;5.95;1.97;5.18;8.5;5.18;10.52;4.73;12.82;6.28;6.72;6.82;3.95;1;19.7;1.4;2.2;3.2;13.9;55.6
1024;FF1710;Fourrage;FOINS;Graminées Fourragères, Ray-Grass Anglais Fané au sol par beau temps 2e cycle après coupe épiaison Repousses feuillues de 7 semaines;85;0.88;0.82;39;91;21;6.63;1.97;1.9;2.2;1.25;1;1;898;71;165;67;264;67;573;68;286;64;21;34;2.9;1.9;4.7;1.9;1.8;260;4345;67;2435;71;69;80;1;0.3;15;4.9;197;6;25;100;0.05;0.02;0.3;50000;50;5;4.97;1.95;5.38;5.22;6.88;1.78;5.02;8.72;5.52;10.71;5.03;12.49;10.79;5.58;7.24;2.7;3.12;6.63;1.9;4.75;5.25;5.95;1.97;5.19;8.49;5.18;10.53;4.73;12.82;6.22;6.72;6.82;3.96;1;19.8;1.4;2.3;3.2;14.1;55.1
1025;FF1720;Fourrage;FOINS;Graminées Fourragères, Ray-Grass Anglais Fané au sol par beau temps 2e cycle après coupe épiaison Repousses feuillues de 8 semaines;85;0.83;0.77;32;83;4;6.74;2;1.9;2;1.33;1.03;1.06;903;68;141;62;279;65;591;66;302;62;18;32;2.7;1.7;3.5;1.4;1.8;260;4326;65;2334;70;67;76;1;0.3;15;4.9;197;6;25;100;0.05;0.02;0.3;50000;50;5;4.97;1.95;5.38;5.22;6.88;1.78;5.02;8.72;5.52;10.71;5.03;12.49;10.79;5.58;7.24;2.7;3.12;6.74;1.9;4.75;5.27;5.93;2;5.23;8.46;5.18;10.57;4.72;12.86;5.98;6.73;6.84;3.98;1;20.2;1.4;2.4;3.3;14.6;53.7
1026;FF1730;Fourrage;FOINS;Graminées Fourragères, Ray-Grass Anglais Fané au sol par beau temps 3e cycle Repousses feuillues de 4 semaines;85;0.9;0.85;43;95;29;6.56;1.96;1.9;2.4;1.12;0.94;0.91;899;72;177;68;261;68;569;70;283;66;22;35;4.2;2.7;5.5;2.2;1.8;260;4371;68;2488;70;70;82;1;0.3;15;4.9;197;6;25;100;0.05;0.02;0.3;50000;50;5;4.97;1.95;5.38;5.22;6.88;1.78;5.02;8.72;5.52;10.71;5.03;12.49;10.79;5.58;7.24;2.7;3.12;6.56;1.9;4.75;5.24;5.96;1.96;5.16;8.51;5.18;10.51;4.74;12.8;6.37;6.71;6.82;3.94;1;19.6;1.4;2.2;3.2;13.8;55.8
1027;FF1740;Fourrage;FOINS;Graminées Fourragères, Ray-Grass Anglais Fané au sol par beau temps 3e cycle Repousses feuillues de 5 semaines;85;0.86;0.81;40;92;27;6.6;1.97;1.9;2.1;1.27;1.01;1.01;901;70;171;67;268;67;578;69;291;65;21;35;3.7;2.4;5.1;2;1.8;260;4369;66;2411;71;69;81;1;0.3;15;4.9;197;6;25;100;0.05;0.02;0.3;50000;50;5;4.97;1.95;5.38;5.22;6.88;1.78;5.02;8.72;5.52;10.71;5.03;12.49;10.79;5.58;7.24;2.7;3.12;6.6;1.9;4.75;5.25;5.95;1.97;5.18;8.5;5.18;10.52;4.73;12.82;6.28;6.72;6.82;3.95;1;19.7;1.4;2.2;3.2;13.9;55.5
1028;FF1750;Fourrage;FOINS;Graminées Fourragères, Ray-Grass Anglais Fané au sol par beau temps 3e cycle Repousses feuillues de 6 semaines;85;0.86;0.8;38;90;23;6.64;1.98;1.9;2;1.35;1.04;1.07;900;70;166;66;269;67;579;69;292;65;21;34;3.4;2.2;5.1;2;1.8;260;4356;66;2401;71;69;80;1;0.3;15;4.9;197;6;25;100;0.05;0.02;0.3;50000;50;5;4.97;1.95;5.38;5.22;6.88;1.78;5.02;8.72;5.52;10.71;5.03;12.49;10.79;5.58;7.24;2.7;3.12;6.64;1.9;4.75;5.25;5.95;1.98;5.19;8.49;5.18;10.54;4.73;12.83;6.21;6.72;6.83;3.96;1;19.8;1.4;2.3;3.2;14.1;55.2
1029;FF1760;Fourrage;FOINS;Graminées Fourragères, Ray-Grass Anglais Fané au sol par beau temps 3e cycle Repousses feuillues de 7 semaines;85;0.83;0.76;36;87;20;6.66;1.98;1.9;2;1.37;1.05;1.09;898;68;160;66;271;64;581;66;294;61;20;34;3.2;2.1;4.7;1.9;1.8;260;4337;65;2325;71;69;79;1;0.3;15;4.9;197;6;25;100;0.05;0.02;0.3;50000;50;5;4.97;1.95;5.38;5.22;6.88;1.78;5.02;8.72;5.52;10.71;5.03;12.49;10.79;5.58;7.24;2.7;3.12;6.66;1.9;4.75;5.26;5.95;1.98;5.2;8.49;5.18;10.54;4.73;12.83;6.17;6.72;6.83;3.96;1;19.9;1.4;2.3;3.2;14.2;54.9
1030;FF1770;Fourrage;FOINS;Graminées Fourragères, Ray-Grass Anglais Fané au sol par beau temps 3e cycle Repousses feuillues de 8 semaines;85;0.83;0.76;34;85;12;6.7;1.99;1.9;2;1.37;1.05;1.09;896;68;150;65;270;64;580;66;293;61;19;33;2.9;1.9;4.7;1.9;1.8;260;4310;65;2317;71;68;77;1;0.3;15;4.9;197;6;25;100;0.05;0.02;0.3;50000;50;5;4.97;1.95;5.38;5.22;6.88;1.78;5.02;8.72;5.52;10.71;5.03;12.49;10.79;5.58;7.24;2.7;3.12;6.7;1.9;4.75;5.27;5.94;1.99;5.21;8.47;5.18;10.56;4.72;12.85;6.07;6.73;6.83;3.97;1;20.1;1.4;2.3;3.3;14.4;54.3
1031;FF1780;Fourrage;FOINS;Graminées Fourragères, Ray-Grass Anglais Fané au sol par temps de pluie (< 10 jours) 1er cycle, variétés précoces Début épiaison;85;0.84;0.78;28;80;-1;6.84;2.03;1.89;1.8;1.47;1.1;1.17;909;69;131;60;288;67;602;67;312;63;18;31;2.7;1.7;4.3;1.7;1.5;710;4336;65;2351;72;70;77;1;0.4;36;8.2;647;6;30;80;0.07;0.08;0.1;50000;50;5;4.97;1.95;5.38;5.22;6.88;1.78;5.02;8.72;5.52;10.71;5.03;12.49;10.79;5.58;7.24;2.7;3.12;6.84;1.89;4.74;5.29;5.92;2.03;5.26;8.44;5.18;10.61;4.7;12.89;5.77;6.74;6.85;4;1;20.3;1.4;2.4;3.3;14.7;44.4
1032;FF1790;Fourrage;FOINS;Graminées Fourragères, Ray-Grass Anglais Fané au sol par temps de pluie (< 10 jours) 1er cycle, variétés précoces Épiaison;85;0.8;0.74;23;74;-16;6.95;2.06;1.89;1.8;1.54;1.11;1.21;911;66;110;55;310;68;629;67;335;64;16;29;2.4;1.6;4.3;1.7;1.5;626;4309;63;2267;71;68;73;1;0.4;31;6.6;564;6;30;80;0.07;0.08;0.1;50000;50;5;4.97;1.95;5.38;5.22;6.88;1.78;5.02;8.72;5.52;10.71;5.03;12.49;10.79;5.58;7.24;2.7;3.12;6.95;1.89;4.73;5.31;5.91;2.06;5.3;8.41;5.17;10.65;4.69;12.92;5.54;6.75;6.87;4.02;1;20.7;1.4;2.5;3.4;15.1;43
1033;FF1800;Fourrage;FOINS;Graminées Fourragères, Ray-Grass Anglais Fané au sol par temps de pluie (< 10 jours) 1er cycle, variétés précoces Fin épiaison;85;0.76;0.68;20;70;-25;7.03;2.08;1.89;1.6;1.66;1.15;1.27;911;64;96;50;334;66;658;65;360;62;15;28;2.4;1.6;4.3;1.7;1.5;626;4284;60;2150;71;67;70;1;0.4;31;6.6;564;6;30;80;0.07;0.08;0.1;50000;50;5;4.97;1.95;5.38;5.22;6.88;1.78;5.02;8.72;5.52;10.71;5.03;12.49;10.79;5.58;7.24;2.7;3.12;7.03;1.89;4.73;5.33;5.89;2.08;5.33;8.39;5.17;10.68;4.68;12.95;5.37;6.75;6.88;4.04;1;21;1.4;2.5;3.5;15.4;42
1034;FF1810;Fourrage;FOINS;Graminées Fourragères, Ray-Grass Anglais Fané au sol par temps de pluie (< 10 jours) 1er cycle, variétés précoces Début floraison;85;0.71;0.63;19;68;-25;7.05;2.09;1.89;1.5;1.83;1.2;1.37;911;61;93;50;351;64;679;62;378;60;15;28;2.2;1.4;4.3;1.7;1.5;626;4279;57;2036;71;67;69;1;0.4;31;6.6;564;6;30;80;0.07;0.08;0.1;50000;50;5;4.97;1.95;5.38;5.22;6.88;1.78;5.02;8.72;5.52;10.71;5.03;12.49;10.79;5.58;7.24;2.7;3.12;7.05;1.89;4.73;5.33;5.89;2.09;5.34;8.39;5.17;10.69;4.68;12.95;5.33;6.76;6.88;4.04;1;21.1;1.4;2.5;3.5;15.4;41.8
1035;FF1820;Fourrage;FOINS;Graminées Fourragères, Ray-Grass Anglais Fané au sol par temps de pluie (< 10 jours) 1er cycle, variétés précoces Floraison;85;0.66;0.57;17;65;-28;7.08;2.09;1.89;1.5;1.84;1.2;1.37;911;58;86;47;353;61;682;58;380;55;14;27;2.2;1.4;3.9;1.6;1.8;631;4267;54;1910;71;66;68;1;0.5;31;6.6;568;6;25;100;0.05;0.02;0.3;50000;50;5;4.97;1.95;5.38;5.22;6.88;1.78;5.02;8.72;5.52;10.71;5.03;12.49;10.79;5.58;7.24;2.7;3.12;7.08;1.89;4.73;5.34;5.89;2.09;5.35;8.38;5.17;10.7;4.68;12.96;5.27;6.76;6.88;4.05;1;21.3;1.4;2.6;3.6;15.6;41.3
1036;FF1830;Fourrage;FOINS;Graminées Fourragères, Ray-Grass Anglais Fané au sol par temps de pluie (< 10 jours) 1er cycle, variétés tardives Début épiaison;85;0.78;0.72;20;70;-27;7.04;2.08;1.89;1.7;1.62;1.14;1.25;902;66;95;51;334;69;658;67;360;65;15;28;2.7;1.7;4.3;1.7;1.6;468;4242;62;2210;71;67;70;0.9;0.3;24;5.7;412;6;25;100;0.05;0.02;0.3;50000;50;5;4.97;1.95;5.38;5.22;6.88;1.78;5.02;8.72;5.52;10.71;5.03;12.49;10.79;5.58;7.24;2.7;3.12;7.04;1.89;4.73;5.33;5.89;2.08;5.33;8.39;5.17;10.68;4.68;12.95;5.35;6.75;6.88;4.04;1;21.1;1.4;2.5;3.5;15.4;41.9
1037;FF1840;Fourrage;FOINS;Graminées Fourragères, Ray-Grass Anglais Fané au sol par temps de pluie (< 10 jours) 1er cycle, variétés tardives Épiaison;85;0.75;0.68;16;66;-38;7.15;2.11;1.88;1.6;1.69;1.16;1.29;907;64;78;42;345;67;672;65;371;63;13;26;2.4;1.6;4.3;1.7;1.6;468;4235;60;2135;70;65;66;0.9;0.3;24;5.7;412;6;25;100;0.05;0.02;0.3;50000;50;5;4.97;1.95;5.38;5.22;6.88;1.78;5.02;8.72;5.52;10.71;5.03;12.49;10.79;5.58;7.24;2.7;3.12;7.15;1.88;4.72;5.35;5.88;2.11;5.37;8.36;5.17;10.72;4.67;12.99;5.12;6.76;6.89;4.06;1;21.5;1.4;2.6;3.6;15.7;40.6
1038;FF1850;Fourrage;FOINS;Graminées Fourragères, Ray-Grass Anglais Fané au sol par temps de pluie (< 10 jours) 1er cycle, variétés tardives Fin épiaison;85;0.72;0.64;13;62;-46;7.24;2.14;1.88;1.6;1.73;1.17;1.32;910;62;66;33;355;66;684;63;382;61;12;25;2.4;1.6;4.3;1.7;1.6;468;4228;58;2059;69;64;63;0.9;0.3;24;5.7;412;6;25;100;0.05;0.02;0.3;50000;50;5;4.97;1.95;5.38;5.22;6.88;1.78;5.02;8.72;5.52;10.71;5.03;12.49;10.79;5.58;7.24;2.7;3.12;7.24;1.88;4.72;5.37;5.87;2.14;5.4;8.34;5.16;10.75;4.66;13.01;4.93;6.77;6.9;4.08;1;21.7;1.4;2.7;3.7;16;39.7
1039;FF1860;Fourrage;FOINS;Graminées Fourragères, Ray-Grass Anglais Fané au sol par temps de pluie (< 10 jours) 1er cycle, variétés tardives Début floraison;85;0.7;0.62;12;62;-47;7.26;2.14;1.88;1.5;1.76;1.18;1.33;916;60;64;31;365;64;696;62;393;60;12;25;2.2;1.4;4.3;1.7;1.6;468;4251;57;2017;69;64;62;0.9;0.3;24;5.7;412;6;25;100;0.05;0.02;0.3;50000;50;5;4.97;1.95;5.38;5.22;6.88;1.78;5.02;8.72;5.52;10.71;5.03;12.49;10.79;5.58;7.24;2.7;3.12;7.26;1.88;4.72;5.37;5.86;2.14;5.41;8.34;5.16;10.76;4.66;13.02;4.9;6.77;6.9;4.08;1;21.8;1.4;2.7;3.7;16;39.6
1040;FF1870;Fourrage;FOINS;Graminées Fourragères, Ray-Grass Anglais Fané au sol par temps de pluie (< 10 jours) 2e cycle après coupe épiaison Repousses à tiges de 6 semaines;85;0.76;0.69;27;77;-7;6.83;2.03;1.89;1.9;1.44;1.09;1.14;898;64;123;58;310;65;629;64;335;61;17;31;2.9;1.9;4.7;1.9;1.8;237;4272;61;2167;69;66;72;1;0.3;15;5.7;175;6;25;100;0.05;0.02;0.3;50000;50;5;4.97;1.95;5.38;5.22;6.88;1.78;5.02;8.72;5.52;10.71;5.03;12.49;10.79;5.58;7.24;2.7;3.12;6.83;1.89;4.74;5.29;5.92;2.03;5.26;8.44;5.18;10.61;4.71;12.89;5.8;6.74;6.85;4;1;20.5;1.4;2.4;3.4;14.8;43.9
1041;FF1880;Fourrage;FOINS;Graminées Fourragères, Ray-Grass Anglais Fané au sol par temps de pluie (< 10 jours) 2e cycle après coupe épiaison Repousses à tiges de 7 semaines;85;0.75;0.68;25;75;-13;6.89;2.04;1.89;1.8;1.47;1.1;1.16;903;64;114;55;319;63;640;62;344;59;17;30;2.7;1.7;4.3;1.7;1.8;237;4279;60;2146;69;65;71;1;0.3;15;5.7;175;6;25;100;0.05;0.02;0.3;50000;50;5;4.97;1.95;5.38;5.22;6.88;1.78;5.02;8.72;5.52;10.71;5.03;12.49;10.79;5.58;7.24;2.7;3.12;6.89;1.89;4.74;5.3;5.91;2.04;5.28;8.43;5.17;10.63;4.7;12.9;5.68;6.74;6.86;4.01;1;20.6;1.4;2.5;3.4;15;43.3
1042;FF1890;Fourrage;FOINS;Graminées Fourragères, Ray-Grass Anglais Fané au sol par temps de pluie (< 10 jours) 2e cycle après coupe épiaison Repousses à tiges de 8 semaines;85;0.71;0.63;25;73;-11;6.88;2.04;1.89;1.8;1.51;1.1;1.19;903;61;114;55;321;61;642;60;346;56;17;30;2.4;1.6;3.1;1.2;1.8;237;4279;57;2039;69;65;70;1;0.3;15;5.7;175;6;25;100;0.05;0.02;0.3;50000;50;5;4.97;1.95;5.38;5.22;6.88;1.78;5.02;8.72;5.52;10.71;5.03;12.49;10.79;5.58;7.24;2.7;3.12;6.88;1.89;4.74;5.3;5.92;2.04;5.27;8.43;5.17;10.62;4.7;12.9;5.7;6.74;6.86;4.01;1;20.6;1.4;2.5;3.4;15;43.3
1043;FF1900;Fourrage;FOINS;Graminées Fourragères, Ray-Grass Anglais Fané au sol par temps de pluie (< 10 jours) 2e cycle après coupe épiaison Repousses feuillues de 6 semaines;85;0.85;0.79;39;90;24;6.62;1.97;1.9;2.1;1.31;1.05;1.07;895;69;167;65;281;67;593;68;304;64;21;35;3.2;2.1;5.1;2;1.8;260;4335;66;2367;71;69;80;1;0.3;15;4.9;197;6;25;100;0.05;0.02;0.3;50000;50;5;4.97;1.95;5.38;5.22;6.88;1.78;5.02;8.72;5.52;10.71;5.03;12.49;10.79;5.58;7.24;2.7;3.12;6.62;1.9;4.75;5.25;5.95;1.97;5.18;8.49;5.18;10.53;4.73;12.82;6.24;6.72;6.82;3.96;1;19.7;1.4;2.2;3.2;13.9;46.5
1044;FF1910;Fourrage;FOINS;Graminées Fourragères, Ray-Grass Anglais Fané au sol par temps de pluie (< 10 jours) 2e cycle après coupe épiaison Repousses feuillues de 7 semaines;85;0.82;0.76;37;87;20;6.65;1.98;1.9;2;1.35;1.06;1.09;895;68;160;64;288;67;602;67;312;63;21;34;2.9;1.9;4.7;1.9;1.8;260;4323;64;2309;71;69;79;1;0.3;15;4.9;197;6;25;100;0.05;0.02;0.3;50000;50;5;4.97;1.95;5.38;5.22;6.88;1.78;5.02;8.72;5.52;10.71;5.03;12.49;10.79;5.58;7.24;2.7;3.12;6.65;1.9;4.75;5.26;5.95;1.98;5.19;8.49;5.18;10.54;4.73;12.83;6.18;6.72;6.83;3.96;1;19.8;1.4;2.3;3.2;14.1;46.1
1045;FF1920;Fourrage;FOINS;Graminées Fourragères, Ray-Grass Anglais Fané au sol par temps de pluie (< 10 jours) 2e cycle après coupe épiaison Repousses feuillues de 8 semaines;85;0.79;0.72;30;81;3;6.77;2.01;1.9;1.9;1.44;1.09;1.15;900;66;136;60;302;65;619;65;326;62;18;32;2.7;1.7;3.5;1.4;1.8;260;4304;62;2228;70;67;75;1;0.3;15;4.9;197;6;25;100;0.05;0.02;0.3;50000;50;5;4.97;1.95;5.38;5.22;6.88;1.78;5.02;8.72;5.52;10.71;5.03;12.49;10.79;5.58;7.24;2.7;3.12;6.77;1.9;4.74;5.28;5.93;2.01;5.24;8.46;5.18;10.58;4.71;12.87;5.93;6.73;6.84;3.99;1;20.2;1.4;2.4;3.3;14.6;44.7
1046;FF1930;Fourrage;FOINS;Graminées Fourragères, Ray-Grass Anglais Fané au sol par temps de pluie (< 10 jours) 3e cycle Repousses feuillues de 4 semaines;85;0.84;0.78;41;92;28;6.58;1.96;1.9;2.3;1.2;1;0.99;896;69;172;66;286;66;600;67;309;63;22;35;4.2;2.7;5.5;2.2;1.8;260;4348;65;2352;71;69;81;1;0.3;15;4.9;197;6;25;100;0.05;0.02;0.3;50000;50;5;4.97;1.95;5.38;5.22;6.88;1.78;5.02;8.72;5.52;10.71;5.03;12.49;10.79;5.58;7.24;2.7;3.12;6.58;1.9;4.75;5.24;5.96;1.96;5.17;8.51;5.18;10.51;4.73;12.81;6.34;6.71;6.82;3.95;1;19.6;1.4;2.2;3.2;13.8;46.7
1047;FF1940;Fourrage;FOINS;Graminées Fourragères, Ray-Grass Anglais Fané au sol par temps de pluie (< 10 jours) 3e cycle Repousses feuillues de 5 semaines;85;0.81;0.75;38;88;25;6.62;1.97;1.9;2;1.37;1.07;1.1;899;67;166;65;292;65;607;66;316;62;21;35;3.7;2.4;5.1;2;1.8;260;4351;64;2291;71;69;80;1;0.3;15;4.9;197;6;25;100;0.05;0.02;0.3;50000;50;5;4.97;1.95;5.38;5.22;6.88;1.78;5.02;8.72;5.52;10.71;5.03;12.49;10.79;5.58;7.24;2.7;3.12;6.62;1.9;4.75;5.25;5.95;1.97;5.19;8.49;5.18;10.53;4.73;12.82;6.24;6.72;6.82;3.96;1;19.7;1.4;2.2;3.2;13.9;46.4
1048;FF1950;Fourrage;FOINS;Graminées Fourragères, Ray-Grass Anglais Fané au sol par temps de pluie (< 10 jours) 3e cycle Repousses feuillues de 6 semaines;85;0.81;0.74;36;86;22;6.66;1.98;1.9;1.8;1.47;1.1;1.16;898;67;161;65;293;66;608;66;317;62;21;34;3.4;2.2;5.1;2;1.8;260;4338;64;2281;72;69;78;1;0.3;15;4.9;197;6;25;100;0.05;0.02;0.3;50000;50;5;4.97;1.95;5.38;5.22;6.88;1.78;5.02;8.72;5.52;10.71;5.03;12.49;10.79;5.58;7.24;2.7;3.12;6.66;1.9;4.75;5.26;5.95;1.98;5.2;8.48;5.18;10.54;4.73;12.83;6.16;6.72;6.83;3.96;1;19.8;1.4;2.3;3.2;14.1;46.1
1049;FF1960;Fourrage;FOINS;Graminées Fourragères, Ray-Grass Anglais Fané au sol par temps de pluie (< 10 jours) 3e cycle Repousses feuillues de 7 semaines;85;0.78;0.71;34;84;18;6.68;1.99;1.9;1.8;1.49;1.1;1.18;895;66;155;64;295;64;611;65;319;61;20;34;3.2;2.1;4.7;1.9;1.8;260;4314;62;2218;71;68;77;1;0.3;15;4.9;197;6;25;100;0.05;0.02;0.3;50000;50;5;4.97;1.95;5.38;5.22;6.88;1.78;5.02;8.72;5.52;10.71;5.03;12.49;10.79;5.58;7.24;2.7;3.12;6.68;1.9;4.75;5.26;5.94;1.99;5.21;8.48;5.18;10.55;4.72;12.84;6.12;6.72;6.83;3.97;1;19.9;1.4;2.3;3.2;14.2;45.8
1050;FF1970;Fourrage;FOINS;Graminées Fourragères, Ray-Grass Anglais Fané au sol par temps de pluie (< 10 jours) 3e cycle Repousses feuillues de 8 semaines;85;0.78;0.71;32;82;10;6.73;2;1.9;1.8;1.49;1.1;1.18;894;66;145;62;294;64;609;65;318;61;19;33;2.9;1.9;4.7;1.9;1.8;260;4292;62;2213;71;68;76;1;0.3;15;4.9;197;6;25;100;0.05;0.02;0.3;50000;50;5;4.97;1.95;5.38;5.22;6.88;1.78;5.02;8.72;5.52;10.71;5.03;12.49;10.79;5.58;7.24;2.7;3.12;6.73;1.9;4.75;5.27;5.94;2;5.22;8.47;5.18;10.57;4.72;12.85;6.02;6.73;6.84;3.98;1;20.1;1.4;2.3;3.3;14.4;45.2
1071;FF2180;Fourrage;FOINS;Graminées Fourragères, Fétuque Elevée Ventilé 1er cycle 1 semaine avant le début de l'épiaison;85;0.78;0.71;30;80;4;7.3;2.13;2.04;2.2;1.22;1.03;1.04;888;66;135;63;273;61;584;62;296;57;18;31;2.7;1.7;2.7;1.1;2.5;398;4248;62;2207;71;70;78;2.2;0.2;22;6.2;261;6;30;80;0.02;0.02;0.1;20000;50;5;6.52;2.38;5.86;5.42;5.95;2.08;4.34;9.43;6.06;11.19;5.08;12.77;5.19;6.3;7.86;3.58;3.12;7.3;2.04;4.85;5.35;5.7;2.13;4.99;8.72;5.36;10.73;4.75;12.99;4.18;7.02;6.96;4.08;1;20.3;1.4;2.4;3.4;14.7;53.4
1072;FF2190;Fourrage;FOINS;Graminées Fourragères, Fétuque Elevée Ventilé 1er cycle Épiaison;85;0.71;0.63;23;72;-16;7.38;2.15;2.02;2.1;1.3;1.06;1.11;896;61;106;56;316;60;643;60;346;56;15;28;2.4;1.6;2.7;1.1;2;443;4234;58;2045;70;68;73;1.8;0.3;24;6.6;330;6;25;100;0.05;0.02;0.3;20000;50;5;6.52;2.38;5.86;5.42;5.95;2.08;4.34;9.43;6.06;11.19;5.08;12.77;5.19;6.3;7.86;3.58;3.12;7.38;2.02;4.83;5.37;5.71;2.15;5.08;8.64;5.33;10.76;4.73;13.02;4.11;6.99;6.96;4.1;1;20.9;1.4;2.5;3.5;15.3;51.4
1073;FF2200;Fourrage;FOINS;Graminées Fourragères, Fétuque Elevée Ventilé 1er cycle Floraison;85;0.6;0.51;19;65;-21;7.42;2.16;2;1.8;1.51;1.14;1.27;899;54;92;51;348;55;682;53;379;49;14;27;2.2;1.4;2.7;1.1;1.5;438;4223;51;1775;70;67;70;1.5;0.2;24;6.6;344;6;25;100;0.05;0.02;0.3;20000;50;5;6.52;2.38;5.86;5.42;5.95;2.08;4.34;9.43;6.06;11.19;5.08;12.77;5.19;6.3;7.86;3.58;3.12;7.42;2;4.81;5.38;5.72;2.16;5.13;8.6;5.32;10.78;4.71;13.04;4.08;6.98;6.96;4.11;1;21.2;1.4;2.6;3.6;15.5;50.5
1074;FF2210;Fourrage;FOINS;Graminées Fourragères, Fétuque Elevée Ventilé 2e cycle après coupe épiaison Repousses feuillues de 7 semaines;85;0.74;0.66;30;78;-2;7.3;2.13;2.04;2.2;1.24;1.03;1.06;890;63;128;61;296;60;619;61;326;56;17;31;2.9;1.9;3.5;1.4;1.7;727;4245;59;2108;69;66;74;1.4;0.8;36;8.2;639;7;30;80;0.07;0.08;0.3;20000;50;5;6.52;2.38;5.86;5.42;5.95;2.08;4.34;9.43;6.06;11.19;5.08;12.77;5.19;6.3;7.86;3.58;3.12;7.3;2.04;4.85;5.35;5.7;2.13;4.99;8.72;5.36;10.73;4.75;13;4.18;7.02;6.96;4.08;1;20.5;1.4;2.4;3.4;14.8;53
1075;FF2220;Fourrage;FOINS;Graminées Fourragères, Fétuque Elevée Fané au sol par beau temps 1er cycle Début épiaison;85;0.75;0.67;27;76;-3;7.34;2.14;2.03;2;1.34;1.04;1.07;885;64;123;60;292;61;614;62;322;58;17;30;2.4;1.6;2.7;1.1;1.5;573;4214;60;2121;71;69;76;1.8;0.2;31;8.2;460;6;25;100;0.05;0.02;0.3;20000;50;5;6.52;2.38;5.86;5.42;5.95;2.08;4.34;9.43;6.06;11.19;5.08;12.77;5.19;6.3;7.86;3.58;3.12;7.34;2.03;4.84;5.36;5.7;2.14;5.03;8.68;5.35;10.74;4.74;13.01;4.15;7.01;6.96;4.09;1;20.6;1.4;2.4;3.4;14.9;52.6
1076;FF2230;Fourrage;FOINS;Graminées Fourragères, Fétuque Elevée Fané au sol par beau temps 1er cycle Épiaison;85;0.71;0.63;23;71;-15;7.38;2.15;2.01;1.9;1.4;1.06;1.11;892;61;106;56;316;60;643;60;346;56;15;28;2.4;1.6;2.7;1.1;2;438;4216;58;2030;71;68;73;1.7;0.2;24;6.6;332;6;25;100;0.05;0.02;0.3;20000;50;5;6.52;2.38;5.86;5.42;5.95;2.08;4.34;9.43;6.06;11.19;5.08;12.77;5.19;6.3;7.86;3.58;3.12;7.38;2.01;4.82;5.37;5.71;2.15;5.09;8.64;5.33;10.76;4.72;13.02;4.11;6.99;6.96;4.1;1;20.9;1.4;2.5;3.5;15.3;51.4
1077;FF2240;Fourrage;FOINS;Graminées Fourragères, Fétuque Elevée Fané au sol par beau temps 1er cycle Fin épiaison;85;0.69;0.61;20;69;-21;7.41;2.16;2;1.8;1.49;1.09;1.17;891;60;97;53;324;60;653;59;355;55;15;28;2.2;1.4;2.7;1.1;1.5;438;4196;57;1988;70;67;71;1.6;0.2;24;6.6;338;6;25;100;0.05;0.02;0.3;20000;50;5;6.52;2.38;5.86;5.42;5.95;2.08;4.34;9.43;6.06;11.19;5.08;12.77;5.19;6.3;7.86;3.58;3.12;7.41;2;4.81;5.38;5.72;2.16;5.12;8.61;5.32;10.78;4.71;13.04;4.08;6.98;6.96;4.11;1;21.1;1.4;2.5;3.5;15.4;50.8
1078;FF2250;Fourrage;FOINS;Graminées Fourragères, Fétuque Elevée Fané au sol par beau temps 1er cycle Début floraison;85;0.62;0.53;20;66;-20;7.41;2.16;2;1.7;1.59;1.13;1.24;893;56;95;53;341;57;674;55;372;51;14;27;2.2;1.4;2.7;1.1;1.5;438;4201;53;1825;71;67;70;1.5;0.2;24;6.6;344;6;25;100;0.05;0.02;0.3;20000;50;5;6.52;2.38;5.86;5.42;5.95;2.08;4.34;9.43;6.06;11.19;5.08;12.77;5.19;6.3;7.86;3.58;3.12;7.41;2;4.81;5.38;5.72;2.16;5.12;8.61;5.32;10.78;4.71;13.04;4.08;6.98;6.96;4.11;1;21.2;1.4;2.6;3.5;15.5;50.7
1079;FF2260;Fourrage;FOINS;Graminées Fourragères, Fétuque Elevée Fané au sol par beau temps 1er cycle Floraison;85;0.6;0.5;19;64;-21;7.42;2.16;2;1.6;1.64;1.14;1.27;895;54;92;51;348;55;682;53;379;49;14;27;2.2;1.4;2.7;1.1;1.5;438;4205;51;1761;71;67;70;1.5;0.2;24;6.6;344;6;25;100;0.05;0.02;0.3;20000;50;5;6.52;2.38;5.86;5.42;5.95;2.08;4.34;9.43;6.06;11.19;5.08;12.77;5.19;6.3;7.86;3.58;3.12;7.42;2;4.81;5.38;5.72;2.16;5.13;8.6;5.31;10.78;4.71;13.04;4.07;6.98;6.96;4.11;1;21.2;1.4;2.6;3.6;15.5;50.5
1080;FF2270;Fourrage;FOINS;Graminées Fourragères, Fétuque Elevée Fané au sol par beau temps 2e cycle après déprimage Repousses à tiges de 5 semaines;85;0.73;0.65;29;77;2;7.31;2.13;2.04;1.9;1.45;1.08;1.14;864;64;131;62;288;61;609;62;318;57;18;31;2.9;1.9;3.5;1.4;1.5;447;4133;60;2069;70;67;74;2.1;0.4;24;6.6;316;6;25;100;0.05;0.02;0.3;20000;50;5;6.52;2.38;5.86;5.42;5.95;2.08;4.34;9.43;6.06;11.19;5.08;12.77;5.19;6.3;7.86;3.58;3.12;7.31;2.04;4.85;5.35;5.7;2.13;5;8.71;5.36;10.73;4.75;13;4.17;7.02;6.96;4.08;1;20.4;1.4;2.4;3.4;14.8;53.1
1081;FF2280;Fourrage;FOINS;Graminées Fourragères, Fétuque Elevée Fané au sol par beau temps 2e cycle après coupe épiaison Repousses feuillues de 7 semaines;85;0.73;0.66;29;78;-2;7.31;2.13;2.04;2;1.33;1.03;1.06;884;63;128;61;296;60;619;61;326;56;17;31;2.9;1.9;3.5;1.4;1.7;727;4218;59;2088;69;66;74;1.4;0.8;36;8.2;639;7;30;80;0.07;0.08;0.3;20000;50;5;6.52;2.38;5.86;5.42;5.95;2.08;4.34;9.43;6.06;11.19;5.08;12.77;5.19;6.3;7.86;3.58;3.12;7.31;2.04;4.85;5.36;5.7;2.13;5;8.71;5.36;10.73;4.74;13;4.17;7.02;6.96;4.08;1;20.5;1.4;2.4;3.4;14.8;53
1082;FF2290;Fourrage;FOINS;Graminées Fourragères, Fétuque Elevée Fané au sol par beau temps 3e cycle Repousses feuillues de 7 semaines;85;0.77;0.7;35;84;15;7.25;2.11;2.06;2.2;1.24;1;1;874;66;151;65;282;61;602;63;311;58;19;33;2.9;1.9;4.7;1.9;1.5;639;4212;62;2175;70;68;78;1.3;0.7;31;6.6;558;6;30;80;0.07;0.08;0.3;20000;50;5;6.52;2.38;5.86;5.42;5.95;2.08;4.34;9.43;6.06;11.19;5.08;12.77;5.19;6.3;7.86;3.58;3.12;7.25;2.06;4.86;5.34;5.69;2.11;4.93;8.77;5.39;10.7;4.76;12.97;4.23;7.04;6.96;4.07;1;20;1.4;2.3;3.3;14.3;54.4
1083;FF2300;Fourrage;FOINS;Graminées Fourragères, Fétuque Elevée Fané au sol par temps de pluie (< 10 jours) 1er cycle Début épiaison;85;0.72;0.64;25;74;-6;7.35;2.14;2.02;1.9;1.46;1.1;1.16;882;62;118;59;314;61;641;61;344;57;17;30;2.4;1.6;2.7;1.1;1.5;573;4191;59;2049;72;69;75;1.8;0.2;31;8.2;460;6;25;100;0.05;0.02;0.3;20000;50;5;6.52;2.38;5.86;5.42;5.95;2.08;4.34;9.43;6.06;11.19;5.08;12.77;5.19;6.3;7.86;3.58;3.12;7.35;2.02;4.83;5.37;5.71;2.14;5.05;8.67;5.34;10.75;4.73;13.01;4.13;7;6.96;4.09;1;20.6;1.4;2.4;3.4;14.9;43.6
1084;FF2310;Fourrage;FOINS;Graminées Fourragères, Fétuque Elevée Fané au sol par temps de pluie (< 10 jours) 1er cycle Épiaison;85;0.69;0.61;21;69;-18;7.4;2.16;2.01;1.8;1.52;1.11;1.2;890;60;101;54;336;61;668;60;367;57;15;28;2.4;1.6;2.7;1.1;2;438;4198;57;1981;71;67;72;1.6;0.2;24;6.6;338;6;25;100;0.05;0.02;0.3;20000;50;5;6.52;2.38;5.86;5.42;5.95;2.08;4.34;9.43;6.06;11.19;5.08;12.77;5.19;6.3;7.86;3.58;3.12;7.4;2.01;4.82;5.38;5.72;2.16;5.11;8.62;5.32;10.77;4.72;13.03;4.09;6.98;6.96;4.1;1;20.9;1.4;2.5;3.5;15.3;42.4
1085;FF2320;Fourrage;FOINS;Graminées Fourragères, Fétuque Elevée Fané au sol par temps de pluie (< 10 jours) 1er cycle Fin épiaison;85;0.67;0.59;19;67;-24;7.43;2.17;2;1.7;1.63;1.14;1.26;889;59;92;50;344;61;677;59;375;56;15;28;2.2;1.4;2.7;1.1;1.5;438;4178;56;1938;71;67;70;1.5;0.2;24;6.6;344;6;25;100;0.05;0.02;0.3;20000;50;5;6.52;2.38;5.86;5.42;5.95;2.08;4.34;9.43;6.06;11.19;5.08;12.77;5.19;6.3;7.86;3.58;3.12;7.43;2;4.81;5.38;5.72;2.17;5.15;8.59;5.31;10.78;4.71;13.04;4.06;6.97;6.96;4.11;1;21.1;1.4;2.5;3.5;15.4;41.7
1086;FF2330;Fourrage;FOINS;Graminées Fourragères, Fétuque Elevée Fané au sol par temps de pluie (< 10 jours) 1er cycle Début floraison;85;0.6;0.51;18;64;-22;7.43;2.17;2;1.5;1.76;1.18;1.33;890;55;90;49;359;58;696;55;391;52;14;27;2.2;1.4;2.7;1.1;1.5;438;4179;52;1774;71;66;69;1.4;0.2;24;6.6;351;6;25;100;0.05;0.02;0.3;20000;50;5;6.52;2.38;5.86;5.42;5.95;2.08;4.34;9.43;6.06;11.19;5.08;12.77;5.19;6.3;7.86;3.58;3.12;7.43;2;4.81;5.38;5.72;2.17;5.15;8.58;5.31;10.78;4.71;13.04;4.06;6.97;6.96;4.11;1;21.2;1.4;2.6;3.5;15.5;41.6
1087;FF2340;Fourrage;FOINS;Graminées Fourragères, Fétuque Elevée Fané au sol par temps de pluie (< 10 jours) 1er cycle Floraison;85;0.58;0.48;17;62;-23;7.44;2.17;1.99;1.5;1.82;1.19;1.36;893;53;87;47;366;56;704;53;398;50;14;27;2.2;1.4;2.7;1.1;1;438;4187;50;1712;71;66;68;1.4;0.2;24;6.6;351;6;25;100;0.05;0.02;0.3;20000;50;5;6.52;2.38;5.86;5.42;5.95;2.08;4.34;9.43;6.06;11.19;5.08;12.77;5.19;6.3;7.86;3.58;3.12;7.44;1.99;4.81;5.39;5.72;2.17;5.16;8.58;5.31;10.79;4.71;13.05;4.05;6.97;6.96;4.11;1;21.2;1.4;2.6;3.6;15.5;41.4
1088;FF2350;Fourrage;FOINS;Graminées Fourragères, Fétuque Elevée Fané au sol par temps de pluie (< 10 jours) 2e cycle après déprimage Repousses à tiges de 5 semaines;85;0.7;0.62;27;75;0;7.33;2.13;2.03;1.7;1.59;1.13;1.23;859;62;126;60;311;61;637;61;341;57;18;31;2.9;1.9;3.5;1.4;2;447;4101;59;1993;70;66;72;2;0.4;24;6.6;322;6;25;100;0.05;0.02;0.3;20000;50;5;6.52;2.38;5.86;5.42;5.95;2.08;4.34;9.43;6.06;11.19;5.08;12.77;5.19;6.3;7.86;3.58;3.12;7.33;2.03;4.84;5.36;5.7;2.13;5.02;8.69;5.35;10.74;4.74;13;4.16;7.01;6.96;4.09;1;20.4;1.4;2.4;3.4;14.8;44.1
1089;FF2360;Fourrage;FOINS;Graminées Fourragères, Fétuque Elevée Fané au sol par temps de pluie (< 10 jours) 2e cycle après coupe épiaison Repousses feuillues de 7 semaines;85;0.71;0.63;27;75;-4;7.33;2.13;2.03;1.9;1.45;1.09;1.15;881;62;123;58;317;61;644;61;347;58;17;31;2.9;1.9;3.5;1.4;1.7;727;4196;58;2023;69;66;72;1.4;0.8;36;8.2;639;7;30;80;0.07;0.08;0.3;20000;50;5;6.52;2.38;5.86;5.42;5.95;2.08;4.34;9.43;6.06;11.19;5.08;12.77;5.19;6.3;7.86;3.58;3.12;7.33;2.03;4.84;5.36;5.7;2.13;5.02;8.69;5.35;10.74;4.74;13;4.16;7.01;6.96;4.09;1;20.5;1.4;2.4;3.4;14.8;43.9
1090;FF2370;Fourrage;FOINS;Graminées Fourragères, Fétuque Elevée Fané au sol par temps de pluie (< 10 jours) 3e cycle Repousses feuillues de 7 semaines;85;0.73;0.66;33;82;13;7.26;2.11;2.06;2;1.34;1.06;1.09;870;64;146;63;305;63;630;63;335;59;19;33;2.9;1.9;4.7;1.9;1.5;639;4186;60;2089;70;68;77;1.3;0.7;31;6.6;558;6;30;80;0.07;0.08;0.3;20000;50;5;6.52;2.38;5.86;5.42;5.95;2.08;4.34;9.43;6.06;11.19;5.08;12.77;5.19;6.3;7.86;3.58;3.12;7.26;2.06;4.86;5.34;5.69;2.11;4.95;8.76;5.38;10.71;4.76;12.98;4.21;7.04;6.96;4.07;1;20;1.4;2.3;3.3;14.3;45.3
1099;FF2460;Fourrage;FOINS;Graminées Fourragères, Dactyle Ventilé 1er cycle 1 semaine avant le début de l'épiaison;85;0.88;0.83;43;95;40;6.71;2.13;1.89;2.5;1.1;0.97;0.94;896;71;185;70;275;69;593;70;304;67;22;36;2.4;1.6;2.7;1.1;3;362;4371;67;2453;73;73;86;2.7;0.2;22;7.5;193;6;30;80;0.02;0.02;0.1;10000;50;5;5.36;1.9;5.86;5.51;7.08;2.18;5.54;9.56;5.8;11.16;4.63;12.52;6.54;6.42;7.65;2.28;3.12;6.71;1.89;4.86;5.34;6.03;2.13;5.4;8.84;5.29;10.63;4.57;12.82;4.77;7.08;6.89;3.9;1;19.5;1.4;2.2;3.1;13.7;56.2
1100;FF2470;Fourrage;FOINS;Graminées Fourragères, Dactyle Ventilé 1er cycle Épiaison;85;0.82;0.75;31;82;5;6.9;2.16;1.88;2.1;1.27;1.05;1.08;899;67;138;63;307;67;647;68;332;64;18;31;2.2;1.4;2.3;0.9;1.5;639;4303;64;2294;72;70;78;1.3;0.7;31;6.6;558;6;30;80;0.07;0.08;0.3;10000;50;5;5.36;1.9;5.86;5.51;7.08;2.18;5.54;9.56;5.8;11.16;4.63;12.52;6.54;6.42;7.65;2.28;3.12;6.9;1.88;4.83;5.36;5.99;2.16;5.43;8.73;5.26;10.68;4.57;12.88;4.59;7.04;6.9;3.95;1;20.3;1.4;2.4;3.3;14.6;53.6
1101;FF2480;Fourrage;FOINS;Graminées Fourragères, Dactyle Ventilé 1er cycle Floraison;85;0.64;0.54;19;66;-22;7.1;2.19;1.88;1.8;1.53;1.15;1.29;912;56;93;51;357;59;704;57;385;53;14;27;1.9;1.2;1.9;0.8;1.5;639;4284;53;1865;70;67;70;1.3;0.7;31;6.6;558;6;30;80;0.07;0.08;0.3;10000;50;5;5.36;1.9;5.86;5.51;7.08;2.18;5.54;9.56;5.8;11.16;4.63;12.52;6.54;6.42;7.65;2.28;3.12;7.1;1.88;4.8;5.39;5.94;2.19;5.47;8.61;5.24;10.74;4.58;12.95;4.4;6.99;6.92;4;1;21.2;1.4;2.6;3.5;15.5;50.5
1102;FF2490;Fourrage;FOINS;Graminées Fourragères, Dactyle Ventilé 2e cycle après coupe épiaison Repousses feuillues de 7 semaines;85;0.75;0.67;33;82;5;6.84;2.15;1.88;2.3;1.19;1.01;1.02;903;63;139;63;323;63;665;64;349;59;18;32;2.4;1.6;3.9;1.6;1.5;736;4323;59;2143;69;67;76;1.1;1;36;8.2;667;5;25;100;0.1;0.1;0.1;10000;50;5;5.36;1.9;5.86;5.51;7.08;2.18;5.54;9.56;5.8;11.16;4.63;12.52;6.54;6.42;7.65;2.28;3.12;6.84;1.88;4.84;5.35;6;2.15;5.42;8.76;5.27;10.67;4.57;12.86;4.64;7.05;6.9;3.93;1;20.3;1.4;2.4;3.3;14.6;53.6
1103;FF2500;Fourrage;FOINS;Graminées Fourragères, Dactyle Fané au sol par beau temps 1er cycle 1 semaine avant le début de l'épiaison;85;0.87;0.82;42;94;41;6.72;2.13;1.89;2.3;1.16;0.97;0.94;891;71;185;69;275;70;611;72;298;67;22;36;2.4;1.6;2.7;1.1;1.5;639;4348;67;2434;73;73;85;1.3;0.7;31;6.6;558;6;30;80;0.07;0.08;0.3;10000;50;5;5.36;1.9;5.86;5.51;7.08;2.18;5.54;9.56;5.8;11.16;4.63;12.52;6.54;6.42;7.65;2.28;3.12;6.72;1.89;4.86;5.34;6.02;2.13;5.4;8.83;5.29;10.63;4.57;12.82;4.76;7.08;6.89;3.9;1;19.5;1.4;2.2;3.1;13.7;56.2
1104;FF2510;Fourrage;FOINS;Graminées Fourragères, Dactyle Fané au sol par beau temps 1er cycle Début épiaison;85;0.84;0.78;34;85;16;6.84;2.15;1.88;2.2;1.24;1;1;888;69;152;66;280;67;617;69;304;64;19;33;2.2;1.4;2.3;0.9;1.5;639;4277;65;2341;72;71;81;1.3;0.7;31;6.6;558;6;30;80;0.07;0.08;0.3;10000;50;5;5.36;1.9;5.86;5.51;7.08;2.18;5.54;9.56;5.8;11.16;4.63;12.52;6.54;6.42;7.65;2.28;3.12;6.84;1.88;4.84;5.35;6;2.15;5.42;8.76;5.27;10.67;4.57;12.86;4.64;7.05;6.9;3.93;1;20;1.4;2.3;3.3;14.3;54.4
1105;FF2520;Fourrage;FOINS;Graminées Fourragères, Dactyle Fané au sol par beau temps 1er cycle Épiaison;85;0.81;0.75;30;81;6;6.91;2.16;1.88;2;1.36;1.05;1.08;896;67;138;63;307;67;647;68;332;64;18;31;2.2;1.4;2.3;0.9;1.5;639;4289;64;2280;72;70;78;1.3;0.7;31;6.6;558;6;30;80;0.07;0.08;0.3;10000;50;5;5.36;1.9;5.86;5.51;7.08;2.18;5.54;9.56;5.8;11.16;4.63;12.52;6.54;6.42;7.65;2.28;3.12;6.91;1.88;4.83;5.36;5.98;2.16;5.43;8.72;5.26;10.69;4.57;12.88;4.58;7.04;6.91;3.95;1;20.3;1.4;2.4;3.3;14.6;53.6
1106;FF2530;Fourrage;FOINS;Graminées Fourragères, Dactyle Fané au sol par beau temps 1er cycle Fin épiaison;85;0.74;0.67;24;74;-9;7.01;2.17;1.88;1.8;1.49;1.09;1.17;905;63;115;57;334;65;678;64;361;61;16;29;2.2;1.4;2.3;0.9;1.5;639;4290;59;2121;71;68;74;1.3;0.7;31;6.6;558;6;30;80;0.07;0.08;0.3;10000;50;5;5.36;1.9;5.86;5.51;7.08;2.18;5.54;9.56;5.8;11.16;4.63;12.52;6.54;6.42;7.65;2.28;3.12;7.01;1.88;4.81;5.37;5.96;2.17;5.45;8.66;5.25;10.72;4.58;12.92;4.48;7.01;6.91;3.98;1;20.7;1.4;2.5;3.4;15.1;52.1
1107;FF2540;Fourrage;FOINS;Graminées Fourragères, Dactyle Fané au sol par beau temps 1er cycle Début floraison;85;0.71;0.62;22;71;-16;7.06;2.18;1.88;1.7;1.58;1.12;1.23;914;60;105;54;355;64;702;63;383;60;15;28;2.2;1.4;2.3;0.9;1.5;639;4313;57;2035;71;68;72;1.3;0.7;31;6.6;558;6;30;80;0.07;0.08;0.3;10000;50;5;5.36;1.9;5.86;5.51;7.08;2.18;5.54;9.56;5.8;11.16;4.63;12.52;6.54;6.42;7.65;2.28;3.12;7.06;1.88;4.81;5.38;5.95;2.18;5.46;8.63;5.24;10.73;4.58;12.94;4.43;7;6.92;3.99;1;20.9;1.4;2.5;3.5;15.3;51.4
1108;FF2550;Fourrage;FOINS;Graminées Fourragères, Dactyle Fané au sol par beau temps 1er cycle Floraison;85;0.64;0.54;19;66;-22;7.11;2.19;1.88;1.6;1.66;1.15;1.29;914;56;93;51;357;59;704;57;385;53;14;27;1.9;1.2;1.9;0.8;1.5;639;4293;53;1863;71;67;70;1.3;0.7;31;6.6;558;6;30;80;0.07;0.08;0.3;10000;50;5;5.36;1.9;5.86;5.51;7.08;2.18;5.54;9.56;5.8;11.16;4.63;12.52;6.54;6.42;7.65;2.28;3.12;7.11;1.88;4.8;5.39;5.94;2.19;5.47;8.6;5.24;10.75;4.58;12.95;4.38;6.99;6.92;4.01;1;21.2;1.4;2.6;3.5;15.5;50.5
1109;FF2560;Fourrage;FOINS;Graminées Fourragères, Dactyle Fané au sol par beau temps 1er cycle Fin floraison;85;0.61;0.51;18;64;-23;7.13;2.19;1.88;1.6;1.73;1.17;1.33;920;54;90;49;370;58;719;56;399;52;14;27;1.9;1.2;1.9;0.8;1.7;508;4315;51;1804;71;66;69;1.3;0.7;24;4.9;427;6;30;80;0.07;0.08;0.3;10000;50;5;5.36;1.9;5.86;5.51;7.08;2.18;5.54;9.56;5.8;11.16;4.63;12.52;6.54;6.42;7.65;2.28;3.12;7.13;1.88;4.8;5.39;5.94;2.19;5.48;8.59;5.24;10.75;4.58;12.96;4.37;6.98;6.92;4.01;1;21.3;1.4;2.6;3.6;15.6;50.3
1110;FF2570;Fourrage;FOINS;Graminées Fourragères, Dactyle Fané au sol par beau temps 2e cycle après déprimage Repousses à tiges de 8 semaines;85;0.55;0.44;17;62;-27;7.13;2.19;1.88;1.7;1.57;1.12;1.23;915;50;84;45;356;51;703;50;384;44;13;26;2.4;1.6;3.5;1.4;1.7;508;4282;47;1637;68;63;63;1.3;0.7;24;4.9;427;6;30;80;0.07;0.08;0.3;10000;50;5;5.36;1.9;5.86;5.51;7.08;2.18;5.54;9.56;5.8;11.16;4.63;12.52;6.54;6.42;7.65;2.28;3.12;7.13;1.88;4.8;5.39;5.94;2.19;5.48;8.59;5.24;10.75;4.58;12.96;4.37;6.98;6.92;4.01;1;21.4;1.4;2.6;3.6;15.7;49.8
1111;FF2580;Fourrage;FOINS;Graminées Fourragères, Dactyle Fané au sol par beau temps 2e cycle après coupe épiaison Repousses feuillues de 6 semaines;85;0.78;0.7;34;84;12;6.82;2.14;1.88;2.1;1.27;1.01;1.02;901;65;148;64;319;64;661;65;345;61;19;32;2.4;1.6;3.9;1.6;1.5;713;4329;61;2200;70;68;77;1.1;1;36;9;644;5;25;100;0.1;0.1;0.1;10000;50;5;5.36;1.9;5.86;5.51;7.08;2.18;5.54;9.56;5.8;11.16;4.63;12.52;6.54;6.42;7.65;2.28;3.12;6.82;1.88;4.84;5.35;6;2.14;5.42;8.77;5.28;10.66;4.57;12.85;4.66;7.06;6.9;3.93;1;20.1;1.4;2.3;3.3;14.4;54.2
1112;FF2590;Fourrage;FOINS;Graminées Fourragères, Dactyle Fané au sol par beau temps 2e cycle après coupe épiaison Repousses feuillues de 7 semaines;85;0.75;0.67;32;81;6;6.85;2.15;1.88;2.1;1.27;1.01;1.02;901;63;139;63;323;63;665;64;349;59;18;32;2.4;1.6;3.9;1.6;1.5;736;4314;59;2133;69;67;76;1.1;1;36;8.2;667;5;25;100;0.1;0.1;0.1;10000;50;5;5.36;1.9;5.86;5.51;7.08;2.18;5.54;9.56;5.8;11.16;4.63;12.52;6.54;6.42;7.65;2.28;3.12;6.85;1.88;4.84;5.35;6;2.15;5.42;8.75;5.27;10.67;4.57;12.86;4.63;7.05;6.9;3.94;1;20.3;1.4;2.4;3.3;14.6;53.6
1113;FF2600;Fourrage;FOINS;Graminées Fourragères, Dactyle Fané au sol par beau temps 2e cycle après coupe épiaison Repousses feuillues de 8 semaines;85;0.73;0.65;32;80;6;6.85;2.15;1.88;2.1;1.28;1.01;1.02;903;62;138;62;322;62;664;62;348;58;18;31;2.4;1.6;3.5;1.4;1.5;736;4321;59;2102;69;67;75;1.1;1;36;8.2;667;5;25;100;0.1;0.1;0.1;10000;50;5;5.36;1.9;5.86;5.51;7.08;2.18;5.54;9.56;5.8;11.16;4.63;12.52;6.54;6.42;7.65;2.28;3.12;6.85;1.88;4.84;5.35;6;2.15;5.42;8.75;5.27;10.67;4.57;12.86;4.63;7.05;6.9;3.94;1;20.3;1.4;2.4;3.3;14.6;53.6
1114;FF2610;Fourrage;FOINS;Graminées Fourragères, Dactyle Fané au sol par beau temps 3e cycle Repousses feuillues de 6 semaines;85;0.79;0.72;39;89;26;6.74;2.13;1.88;2.2;1.25;1;1;895;66;167;67;296;65;635;66;321;61;21;34;2.7;1.7;5.1;2;1.5;736;4335;62;2229;71;69;80;1.1;1;36;8.2;667;5;25;100;0.1;0.1;0.1;10000;50;5;5.36;1.9;5.86;5.51;7.08;2.18;5.54;9.56;5.8;11.16;4.63;12.52;6.54;6.42;7.65;2.28;3.12;6.74;1.88;4.85;5.34;6.02;2.13;5.4;8.82;5.29;10.64;4.57;12.83;4.74;7.08;6.89;3.91;1;19.8;1.4;2.3;3.2;14;55.3
1115;FF2620;Fourrage;FOINS;Graminées Fourragères, Dactyle Fané au sol par beau temps 3e cycle Repousses feuillues de 7 semaines;85;0.77;0.7;35;84;13;6.81;2.14;1.88;2.1;1.26;1.01;1.01;894;65;149;64;293;63;631;64;318;59;19;33;2.7;1.7;4.7;1.9;1.5;736;4299;61;2187;70;68;77;1.1;1;36;8.2;667;5;25;100;0.1;0.1;0.1;10000;50;5;5.36;1.9;5.86;5.51;7.08;2.18;5.54;9.56;5.8;11.16;4.63;12.52;6.54;6.42;7.65;2.28;3.12;6.81;1.88;4.84;5.35;6;2.14;5.42;8.78;5.28;10.66;4.57;12.85;4.67;7.06;6.9;3.92;1;20.1;1.4;2.3;3.3;14.4;54.3
1116;FF2630;Fourrage;FOINS;Graminées Fourragères, Dactyle Fané au sol par beau temps 3e cycle Repousses feuillues de 8 semaines;85;0.75;0.68;32;81;8;6.85;2.15;1.88;2;1.33;1.04;1.06;895;64;141;63;304;63;644;64;329;59;18;32;2.4;1.6;3.9;1.6;1.5;736;4290;60;2149;70;67;76;1.1;1;36;8.2;667;5;25;100;0.1;0.1;0.1;10000;50;5;5.36;1.9;5.86;5.51;7.08;2.18;5.54;9.56;5.8;11.16;4.63;12.52;6.54;6.42;7.65;2.28;3.12;6.85;1.88;4.84;5.35;6;2.15;5.42;8.75;5.27;10.67;4.57;12.86;4.63;7.05;6.9;3.94;1;20.2;1.4;2.4;3.3;14.6;53.7
1117;FF2640;Fourrage;FOINS;Graminées Fourragères, Dactyle Fané au sol par temps de pluie (< 10 jours) 1er cycle 1 semaine avant le début de l'épiaison;85;0.82;0.76;40;90;40;6.74;2.13;1.88;2.2;1.25;1.03;1.03;889;68;180;68;299;68;638;69;324;65;22;36;2.4;1.6;2.7;1.1;1.5;639;4331;64;2308;74;73;84;1.3;0.7;31;6.6;558;6;30;80;0.07;0.08;0.3;10000;50;5;5.36;1.9;5.86;5.51;7.08;2.18;5.54;9.56;5.8;11.16;4.63;12.52;6.54;6.42;7.65;2.28;3.12;6.74;1.88;4.85;5.34;6.02;2.13;5.4;8.82;5.29;10.63;4.57;12.83;4.74;7.08;6.89;3.9;1;19.5;1.4;2.2;3.1;13.7;47.1
1118;FF2650;Fourrage;FOINS;Graminées Fourragères, Dactyle Fané au sol par temps de pluie (< 10 jours) 1er cycle Début épiaison;85;0.79;0.72;32;82;14;6.87;2.15;1.88;2;1.34;1.06;1.09;885;66;147;64;303;67;643;68;328;64;19;33;2.2;1.4;2.3;0.9;1.5;639;4255;63;2229;73;71;79;1.3;0.7;31;6.6;558;6;30;80;0.07;0.08;0.3;10000;50;5;5.36;1.9;5.86;5.51;7.08;2.18;5.54;9.56;5.8;11.16;4.63;12.52;6.54;6.42;7.65;2.28;3.12;6.87;1.88;4.84;5.36;5.99;2.15;5.43;8.75;5.27;10.67;4.57;12.87;4.62;7.05;6.9;3.94;1;20;1.4;2.3;3.3;14.3;45.4
1119;FF2660;Fourrage;FOINS;Graminées Fourragères, Dactyle Fané au sol par temps de pluie (< 10 jours) 1er cycle Épiaison;85;0.77;0.7;28;78;4;6.94;2.16;1.88;1.8;1.49;1.1;1.17;894;65;133;61;328;67;671;67;355;63;18;31;2.2;1.4;2.3;0.9;1.5;639;4272;62;2183;72;70;77;1.3;0.7;31;6.6;558;6;30;80;0.07;0.08;0.3;10000;50;5;5.36;1.9;5.86;5.51;7.08;2.18;5.54;9.56;5.8;11.16;4.63;12.52;6.54;6.42;7.65;2.28;3.12;6.94;1.88;4.82;5.37;5.98;2.16;5.44;8.7;5.26;10.7;4.58;12.89;4.55;7.03;6.91;3.96;1;20.3;1.4;2.4;3.3;14.6;44.5
1120;FF2670;Fourrage;FOINS;Graminées Fourragères, Dactyle Fané au sol par temps de pluie (< 10 jours) 1er cycle Fin épiaison;85;0.72;0.64;23;72;-12;7.05;2.18;1.88;1.6;1.64;1.14;1.26;903;62;110;56;352;65;698;64;380;61;16;29;2.2;1.4;2.3;0.9;1.5;639;4272;58;2058;72;68;73;1.3;0.7;31;6.6;558;6;30;80;0.07;0.08;0.3;10000;50;5;5.36;1.9;5.86;5.51;7.08;2.18;5.54;9.56;5.8;11.16;4.63;12.52;6.54;6.42;7.65;2.28;3.12;7.05;1.88;4.81;5.38;5.95;2.18;5.46;8.64;5.25;10.73;4.58;12.93;4.45;7;6.92;3.99;1;20.7;1.4;2.5;3.4;15.1;43
1121;FF2680;Fourrage;FOINS;Graminées Fourragères, Dactyle Fané au sol par temps de pluie (< 10 jours) 1er cycle Début floraison;85;0.69;0.6;20;68;-18;7.1;2.18;1.88;1.6;1.74;1.17;1.32;912;59;100;52;372;65;721;63;401;61;15;28;2.2;1.4;2.3;0.9;1.5;639;4296;56;1984;71;67;71;1.3;0.7;31;6.6;558;6;30;80;0.07;0.08;0.3;10000;50;5;5.36;1.9;5.86;5.51;7.08;2.18;5.54;9.56;5.8;11.16;4.63;12.52;6.54;6.42;7.65;2.28;3.12;7.1;1.88;4.8;5.39;5.94;2.18;5.47;8.61;5.24;10.74;4.58;12.95;4.4;6.99;6.92;4;1;20.9;1.4;2.5;3.5;15.3;42.3
1122;FF2690;Fourrage;FOINS;Graminées Fourragères, Dactyle Fané au sol par temps de pluie (< 10 jours) 1er cycle Floraison;85;0.62;0.52;17;64;-24;7.15;2.19;1.88;1.5;1.85;1.2;1.38;912;55;88;47;374;59;723;57;403;54;14;27;1.9;1.2;1.9;0.8;1.5;639;4275;52;1812;71;66;68;1.3;0.7;31;6.6;558;6;30;80;0.07;0.08;0.3;10000;50;5;5.36;1.9;5.86;5.51;7.08;2.18;5.54;9.56;5.8;11.16;4.63;12.52;6.54;6.42;7.65;2.28;3.12;7.15;1.88;4.79;5.39;5.93;2.19;5.48;8.58;5.23;10.76;4.58;12.97;4.35;6.98;6.92;4.02;1;21.2;1.4;2.6;3.5;15.5;41.4
1123;FF2700;Fourrage;FOINS;Graminées Fourragères, Dactyle Fané au sol par temps de pluie (< 10 jours) 1er cycle Fin floraison;85;0.59;0.49;17;62;-26;7.17;2.2;1.87;1.4;1.93;1.22;1.42;919;53;85;46;386;58;737;56;416;53;14;27;1.9;1.2;1.9;0.8;1.7;508;4301;50;1756;71;66;67;1.3;0.7;24;4.9;427;6;30;80;0.07;0.08;0.3;10000;50;5;5.36;1.9;5.86;5.51;7.08;2.18;5.54;9.56;5.8;11.16;4.63;12.52;6.54;6.42;7.65;2.28;3.12;7.17;1.87;4.79;5.39;5.93;2.2;5.48;8.57;5.23;10.76;4.58;12.97;4.33;6.97;6.92;4.02;1;21.3;1.4;2.6;3.6;15.6;41.2
1124;FF2710;Fourrage;FOINS;Graminées Fourragères, Dactyle Fané au sol par temps de pluie (< 10 jours) 2e cycle après déprimage Repousses à tiges de 8 semaines;85;0.53;0.42;16;59;-29;7.18;2.2;1.87;1.6;1.74;1.17;1.32;914;49;79;39;373;52;722;50;402;45;13;26;2.4;1.6;3.5;1.4;1.7;508;4268;46;1590;68;62;61;1.3;0.7;24;4.9;427;6;30;80;0.07;0.08;0.3;10000;50;5;5.36;1.9;5.86;5.51;7.08;2.18;5.54;9.56;5.8;11.16;4.63;12.52;6.54;6.42;7.65;2.28;3.12;7.18;1.87;4.79;5.39;5.93;2.2;5.48;8.57;5.23;10.77;4.58;12.97;4.32;6.97;6.93;4.02;1;21.4;1.4;2.6;3.6;15.7;40.7
1125;FF2720;Fourrage;FOINS;Graminées Fourragères, Dactyle Fané au sol par temps de pluie (< 10 jours) 2e cycle après coupe épiaison Repousses feuillues de 6 semaines;85;0.74;0.67;32;81;10;6.85;2.15;1.88;2;1.37;1.07;1.11;899;63;143;62;339;65;683;65;366;61;19;32;2.4;1.6;3.9;1.6;1.5;713;4312;60;2124;70;68;76;1.1;1;36;9;644;5;25;100;0.1;0.1;0.1;10000;50;5;5.36;1.9;5.86;5.51;7.08;2.18;5.54;9.56;5.8;11.16;4.63;12.52;6.54;6.42;7.65;2.28;3.12;6.85;1.88;4.84;5.35;6;2.15;5.42;8.76;5.27;10.67;4.57;12.86;4.64;7.05;6.9;3.93;1;20.1;1.4;2.3;3.3;14.4;45.1
1126;FF2730;Fourrage;FOINS;Graminées Fourragères, Dactyle Fané au sol par temps de pluie (< 10 jours) 2e cycle après coupe épiaison Repousses feuillues de 7 semaines;85;0.72;0.64;30;79;4;6.88;2.15;1.88;2;1.38;1.07;1.11;899;62;134;60;343;63;688;62;371;59;18;32;2.4;1.6;3.9;1.6;1.5;736;4296;58;2067;70;67;74;1.1;1;36;8.2;667;5;25;100;0.1;0.1;0.1;10000;50;5;5.36;1.9;5.86;5.51;7.08;2.18;5.54;9.56;5.8;11.16;4.63;12.52;6.54;6.42;7.65;2.28;3.12;6.88;1.88;4.83;5.36;5.99;2.15;5.43;8.74;5.27;10.68;4.57;12.87;4.6;7.04;6.9;3.94;1;20.3;1.4;2.4;3.3;14.6;44.6
1127;FF2740;Fourrage;FOINS;Graminées Fourragères, Dactyle Fané au sol par temps de pluie (< 10 jours) 2e cycle après coupe épiaison Repousses feuillues de 8 semaines;85;0.71;0.63;30;78;3;6.88;2.15;1.88;2;1.38;1.07;1.11;900;61;133;59;342;63;687;62;370;59;18;31;2.4;1.6;3.5;1.4;1.5;736;4299;57;2044;70;67;74;1.1;1;36;8.2;667;5;25;100;0.1;0.1;0.1;10000;50;5;5.36;1.9;5.86;5.51;7.08;2.18;5.54;9.56;5.8;11.16;4.63;12.52;6.54;6.42;7.65;2.28;3.12;6.88;1.88;4.83;5.36;5.99;2.15;5.43;8.74;5.27;10.68;4.57;12.87;4.6;7.04;6.9;3.94;1;20.3;1.4;2.4;3.3;14.6;44.5
1128;FF2750;Fourrage;FOINS;Graminées Fourragères, Dactyle Fané au sol par temps de pluie (< 10 jours) 3e cycle Repousses feuillues de 6 semaines;85;0.75;0.67;37;86;25;6.77;2.14;1.88;2;1.35;1.06;1.09;892;64;162;65;317;64;658;65;343;60;21;34;2.7;1.7;5.1;2;1.5;736;4313;60;2142;71;69;79;1.1;1;36;8.2;667;5;25;100;0.1;0.1;0.1;10000;50;5;5.36;1.9;5.86;5.51;7.08;2.18;5.54;9.56;5.8;11.16;4.63;12.52;6.54;6.42;7.65;2.28;3.12;6.77;1.88;4.85;5.34;6.01;2.14;5.41;8.8;5.28;10.64;4.57;12.83;4.72;7.07;6.89;3.91;1;19.8;1.4;2.3;3.2;14;46.2
1129;FF2760;Fourrage;FOINS;Graminées Fourragères, Dactyle Fané au sol par temps de pluie (< 10 jours) 3e cycle Repousses feuillues de 7 semaines;85;0.74;0.66;33;81;11;6.84;2.15;1.88;2;1.37;1.07;1.1;891;63;144;62;315;63;656;63;341;58;19;33;2.7;1.7;4.7;1.9;1.5;736;4277;60;2107;70;68;76;1.1;1;36;8.2;667;5;25;100;0.1;0.1;0.1;10000;50;5;5.36;1.9;5.86;5.51;7.08;2.18;5.54;9.56;5.8;11.16;4.63;12.52;6.54;6.42;7.65;2.28;3.12;6.84;1.88;4.84;5.35;6;2.15;5.42;8.76;5.27;10.67;4.57;12.86;4.64;7.05;6.9;3.93;1;20.1;1.4;2.3;3.3;14.4;45.2
1130;FF2770;Fourrage;FOINS;Graminées Fourragères, Dactyle Fané au sol par temps de pluie (< 10 jours) 3e cycle Repousses feuillues de 8 semaines;85;0.73;0.65;30;79;5;6.88;2.15;1.88;1.9;1.45;1.1;1.15;893;62;136;60;325;62;668;63;351;58;18;32;2.4;1.6;3.9;1.6;1.5;736;4272;59;2077;70;67;74;1.1;1;36;8.2;667;5;25;100;0.1;0.1;0.1;10000;50;5;5.36;1.9;5.86;5.51;7.08;2.18;5.54;9.56;5.8;11.16;4.63;12.52;6.54;6.42;7.65;2.28;3.12;6.88;1.88;4.83;5.36;5.99;2.15;5.43;8.74;5.27;10.68;4.57;12.87;4.6;7.04;6.9;3.94;1;20.2;1.4;2.4;3.3;14.6;44.7
1145;FF2920;Fourrage;FOINS;Graminées Fourragères, Brome Fané au sol par beau temps 1er cycle Début épiaison;85;0.86;0.8;26;79;-10;6.85;2.24;1.77;2;1.33;1.04;1.06;899;70;121;60;300;71;620;71;317;67;17;30;3.2;2.1;3.5;1.4;1.7;652;4273;66;2384;71;69;76;1.4;1;31;6.6;565;5;25;100;0.1;0.1;0.1;10000;50;5;4.77;1.48;6.41;5.61;6.92;2.36;5.25;9.37;6.16;9.9;4.97;13.49;5.32;6.13;7.41;4.44;3.12;6.85;1.77;4.92;5.42;5.95;2.24;5.38;8.65;5.37;10.51;4.7;13.22;4.17;6.95;6.91;4.17;1;20.6;1.4;2.4;3.4;15;52.5
1146;FF2930;Fourrage;FOINS;Graminées Fourragères, Brome Fané au sol par beau temps 1er cycle Épiaison;85;0.83;0.77;21;73;-25;6.99;2.25;1.78;1.8;1.52;1.1;1.19;910;68;100;53;320;70;640;69;333;66;15;28;2.9;1.9;3.1;1.2;1.4;874;4287;65;2325;71;67;71;1.3;0.2;40;5.7;793;6;25;60;0.06;0.08;0.1;10000;50;5;4.77;1.48;6.41;5.61;6.92;2.36;5.25;9.37;6.16;9.9;4.97;13.49;5.32;6.13;7.41;4.44;3.12;6.99;1.78;4.89;5.43;5.93;2.25;5.41;8.58;5.34;10.58;4.68;13.21;4.1;6.93;6.92;4.17;1;21.1;1.4;2.5;3.5;15.4;51
1147;FF2940;Fourrage;FOINS;Graminées Fourragères, Brome Fané au sol par beau temps 1er cycle Fin épiaison;85;0.77;0.7;18;68;-31;7.08;2.25;1.79;1.5;1.8;1.19;1.38;916;65;88;48;336;67;656;66;346;62;14;27;2.4;1.6;2.7;1.1;1.1;737;4293;61;2190;71;66;68;1.3;0.2;36;6.9;656;6;25;60;0.06;0.08;0.1;10000;50;5;4.77;1.48;6.41;5.61;6.92;2.36;5.25;9.37;6.16;9.9;4.97;13.49;5.32;6.13;7.41;4.44;3.12;7.08;1.79;4.87;5.43;5.91;2.25;5.43;8.54;5.32;10.62;4.67;13.21;4.06;6.92;6.92;4.18;1;21.3;1.4;2.6;3.6;15.6;50.1
1148;FF2950;Fourrage;FOINS;Graminées Fourragères, Brome Fané au sol par beau temps 1er cycle Début floraison;85;0.74;0.67;14;64;-43;7.2;2.26;1.8;1.4;1.92;1.22;1.45;920;63;72;40;352;66;673;64;359;61;12;25;2.4;1.6;2.7;1.1;1.4;746;4283;59;2124;70;65;64;1.3;0.2;36;6.6;665;6;25;60;0.06;0.08;0.1;10000;50;5;4.77;1.48;6.41;5.61;6.92;2.36;5.25;9.37;6.16;9.9;4.97;13.49;5.32;6.13;7.41;4.44;3.12;7.2;1.8;4.84;5.44;5.89;2.26;5.46;8.49;5.29;10.67;4.66;13.21;4;6.9;6.93;4.18;1;21.7;1.4;2.6;3.6;16;48.9
1149;FF2960;Fourrage;FOINS;Graminées Fourragères, Brome Fané au sol par beau temps 2e cycle après coupe épiaison Repousses à tiges de 6 semaines;85;0.84;0.79;24;76;-22;6.9;2.24;1.77;2;1.32;1.03;1.05;886;70;108;56;335;74;655;72;345;70;16;29;2.9;1.9;4.3;1.7;1.4;746;4192;66;2348;68;65;70;1.3;0.2;36;6.6;665;6;25;60;0.06;0.08;0.1;10000;50;5;4.77;1.48;6.41;5.61;6.92;2.36;5.25;9.37;6.16;9.9;4.97;13.49;5.32;6.13;7.41;4.44;3.12;6.9;1.77;4.91;5.42;5.94;2.24;5.39;8.63;5.36;10.54;4.69;13.22;4.14;6.94;6.91;4.17;1;20.9;1.4;2.5;3.5;15.2;51.6
1150;FF2970;Fourrage;FOINS;Graminées Fourragères, Brome Fané au sol par beau temps 2e cycle après coupe épiaison Repousses à tiges de 7 semaines;85;0.81;0.75;25;76;-18;6.88;2.24;1.77;2;1.35;1.04;1.08;899;67;111;56;322;69;642;68;335;64;16;29;2.9;1.9;3.9;1.6;1.4;746;4256;64;2280;68;65;70;1.3;0.2;36;6.6;665;6;25;60;0.06;0.08;0.1;10000;50;5;4.77;1.48;6.41;5.61;6.92;2.36;5.25;9.37;6.16;9.9;4.97;13.49;5.32;6.13;7.41;4.44;3.12;6.88;1.77;4.91;5.42;5.95;2.24;5.38;8.64;5.37;10.53;4.7;13.22;4.15;6.95;6.91;4.17;1;20.8;1.4;2.5;3.5;15.2;51.8
1151;FF2980;Fourrage;FOINS;Graminées Fourragères, Brome Fané au sol par beau temps 2e cycle après coupe épiaison Repousses à tiges de 8 semaines;85;0.77;0.7;22;72;-25;6.95;2.25;1.78;1.9;1.45;1.08;1.14;906;65;100;53;331;67;651;66;342;62;15;28;2.7;1.7;3.5;1.4;1.4;746;4269;61;2189;68;64;68;1.3;0.2;36;6.6;665;6;25;60;0.06;0.08;0.1;10000;50;5;4.77;1.48;6.41;5.61;6.92;2.36;5.25;9.37;6.16;9.9;4.97;13.49;5.32;6.13;7.41;4.44;3.12;6.95;1.78;4.9;5.43;5.93;2.25;5.4;8.6;5.35;10.56;4.69;13.21;4.12;6.94;6.92;4.17;1;21.1;1.4;2.5;3.5;15.4;51
1152;FF2990;Fourrage;FOINS;Graminées Fourragères, Brome Fané au sol par beau temps 3e cycle Repousses feuillues de 6 semaines;85;0.86;0.81;40;91;28;6.55;2.22;1.74;2.2;1.25;1;1;860;72;172;68;274;70;593;71;295;67;21;35;3.2;2.1;5.5;2.2;1.4;746;4186;68;2375;71;69;81;1.3;0.2;36;6.6;665;6;25;60;0.06;0.08;0.1;10000;50;5;4.77;1.48;6.41;5.61;6.92;2.36;5.25;9.37;6.16;9.9;4.97;13.49;5.32;6.13;7.41;4.44;3.12;6.55;1.74;4.99;5.4;6;2.22;5.3;8.79;5.45;10.37;4.73;13.22;4.31;6.99;6.89;4.16;1;19.7;1.4;2.2;3.2;13.9;55.6
1153;FF3000;Fourrage;FOINS;Graminées Fourragères, Brome Fané au sol par beau temps 3e cycle Repousses feuillues de 7 semaines;85;0.85;0.79;38;89;22;6.59;2.23;1.74;2.1;1.27;1.01;1.02;866;71;164;67;278;70;598;71;298;67;20;34;2.9;1.9;5.5;2.2;1.4;746;4199;67;2355;71;69;80;1.3;0.2;36;6.6;665;6;25;60;0.06;0.08;0.1;10000;50;5;4.77;1.48;6.41;5.61;6.92;2.36;5.25;9.37;6.16;9.9;4.97;13.49;5.32;6.13;7.41;4.44;3.12;6.59;1.74;4.98;5.4;6;2.23;5.31;8.77;5.44;10.39;4.73;13.22;4.29;6.98;6.89;4.16;1;19.8;1.4;2.3;3.2;14.1;55.1
1154;FF3010;Fourrage;FOINS;Graminées Fourragères, Brome Fané au sol par beau temps 3e cycle Repousses feuillues de 8 semaines;85;0.83;0.77;33;84;7;6.68;2.23;1.75;2.1;1.29;1.02;1.03;863;70;144;65;282;69;602;70;302;66;19;32;2.9;1.9;5.1;2;1.4;629;4151;66;2306;70;68;76;1.3;0.2;31;6.2;548;6;25;60;0.06;0.08;0.1;10000;50;5;4.77;1.48;6.41;5.61;6.92;2.36;5.25;9.37;6.16;9.9;4.97;13.49;5.32;6.13;7.41;4.44;3.12;6.68;1.75;4.96;5.41;5.98;2.23;5.34;8.73;5.41;10.44;4.72;13.22;4.25;6.97;6.9;4.16;1;20.2;1.4;2.4;3.3;14.5;54
1155;FF3020;Fourrage;FOINS;Graminées Fourragères, Brome Fané au sol par temps de pluie (< 10 jours) 1er cycle Début épiaison;85;0.81;0.74;25;76;-11;6.88;2.24;1.77;1.9;1.45;1.1;1.15;896;67;116;57;322;69;642;68;335;64;17;30;3.2;2.1;3.5;1.4;1.7;652;4251;64;2264;71;69;74;1.4;1;31;6.6;565;5;25;100;0.1;0.1;0.1;10000;50;5;4.77;1.48;6.41;5.61;6.92;2.36;5.25;9.37;6.16;9.9;4.97;13.49;5.32;6.13;7.41;4.44;3.12;6.88;1.77;4.91;5.42;5.95;2.24;5.38;8.64;5.37;10.53;4.7;13.22;4.15;6.95;6.91;4.17;1;20.6;1.4;2.4;3.4;15;43.4
1156;FF3030;Fourrage;FOINS;Graminées Fourragères, Brome Fané au sol par temps de pluie (< 10 jours) 1er cycle Épiaison;85;0.79;0.72;19;70;-27;7.03;2.25;1.78;1.6;1.67;1.15;1.28;908;66;95;51;340;69;660;67;350;64;15;28;2.9;1.9;3.1;1.2;1.4;874;4269;62;2222;71;67;70;1.3;0.2;40;5.7;793;6;25;60;0.06;0.08;0.1;10000;50;5;4.77;1.48;6.41;5.61;6.92;2.36;5.25;9.37;6.16;9.9;4.97;13.49;5.32;6.13;7.41;4.44;3.12;7.03;1.78;4.88;5.43;5.92;2.25;5.42;8.57;5.33;10.59;4.68;13.21;4.08;6.93;6.92;4.17;1;21.1;1.4;2.5;3.5;15.4;41.9
1157;FF3040;Fourrage;FOINS;Graminées Fourragères, Brome Fané au sol par temps de pluie (< 10 jours) 1er cycle Fin épiaison;85;0.74;0.66;16;66;-34;7.12;2.25;1.79;1.3;2.02;1.24;1.47;915;63;83;45;355;67;676;64;362;61;14;27;2.4;1.6;2.7;1.1;1.1;737;4280;60;2114;71;66;67;1.3;0.2;36;6.9;656;6;25;60;0.06;0.08;0.1;10000;50;5;4.77;1.48;6.41;5.61;6.92;2.36;5.25;9.37;6.16;9.9;4.97;13.49;5.32;6.13;7.41;4.44;3.12;7.12;1.79;4.86;5.43;5.9;2.25;5.44;8.52;5.31;10.64;4.67;13.21;4.04;6.91;6.93;4.18;1;21.3;1.4;2.6;3.6;15.6;41
1158;FF3050;Fourrage;FOINS;Graminées Fourragères, Brome Fané au sol par temps de pluie (< 10 jours) 1er cycle Début floraison;85;0.72;0.64;12;62;-45;7.25;2.26;1.8;1.2;2.17;1.27;1.54;919;62;67;34;369;67;690;64;373;61;12;25;2.4;1.6;2.7;1.1;1.4;746;4270;58;2063;70;64;62;1.3;0.2;36;6.6;665;6;25;60;0.06;0.08;0.1;10000;50;5;4.77;1.48;6.41;5.61;6.92;2.36;5.25;9.37;6.16;9.9;4.97;13.49;5.32;6.13;7.41;4.44;3.12;7.25;1.8;4.83;5.44;5.88;2.26;5.47;8.46;5.28;10.7;4.66;13.21;3.98;6.9;6.94;4.18;1;21.7;1.4;2.6;3.6;16;39.8
1159;FF3060;Fourrage;FOINS;Graminées Fourragères, Brome Fané au sol par temps de pluie (< 10 jours) 2e cycle après coupe épiaison Repousses à tiges de 6 semaines;85;0.79;0.73;22;73;-23;6.94;2.24;1.77;1.9;1.43;1.09;1.14;883;67;103;52;353;71;674;69;360;67;16;29;2.9;1.9;4.3;1.7;1.4;746;4170;64;2230;68;65;69;1.3;0.2;36;6.6;665;6;25;60;0.06;0.08;0.1;10000;50;5;4.77;1.48;6.41;5.61;6.92;2.36;5.25;9.37;6.16;9.9;4.97;13.49;5.32;6.13;7.41;4.44;3.12;6.94;1.77;4.9;5.42;5.94;2.24;5.4;8.61;5.35;10.55;4.69;13.21;4.13;6.94;6.91;4.17;1;20.9;1.4;2.5;3.5;15.2;42.5
1160;FF3070;Fourrage;FOINS;Graminées Fourragères, Brome Fané au sol par temps de pluie (< 10 jours) 2e cycle après coupe épiaison Repousses à tiges de 7 semaines;85;0.77;0.7;23;73;-20;6.92;2.24;1.77;1.8;1.47;1.1;1.17;896;65;106;53;341;68;661;66;350;63;16;29;2.9;1.9;3.9;1.6;1.4;746;4234;62;2181;69;65;69;1.3;0.2;36;6.6;665;6;25;60;0.06;0.08;0.1;10000;50;5;4.77;1.48;6.41;5.61;6.92;2.36;5.25;9.37;6.16;9.9;4.97;13.49;5.32;6.13;7.41;4.44;3.12;6.92;1.77;4.91;5.42;5.94;2.24;5.39;8.62;5.36;10.54;4.69;13.21;4.14;6.94;6.91;4.17;1;20.8;1.4;2.5;3.5;15.2;42.7
1161;FF3080;Fourrage;FOINS;Graminées Fourragères, Brome Fané au sol par temps de pluie (< 10 jours) 2e cycle après coupe épiaison Repousses à tiges de 8 semaines;85;0.74;0.67;20;70;-27;7;2.25;1.78;1.7;1.59;1.13;1.23;905;63;95;48;350;66;671;64;358;60;15;28;2.7;1.7;3.5;1.4;1.4;746;4255;60;2113;68;64;66;1.3;0.2;36;6.6;665;6;25;60;0.06;0.08;0.1;10000;50;5;4.77;1.48;6.41;5.61;6.92;2.36;5.25;9.37;6.16;9.9;4.97;13.49;5.32;6.13;7.41;4.44;3.12;7;1.78;4.89;5.43;5.93;2.25;5.41;8.58;5.34;10.58;4.68;13.21;4.1;6.93;6.92;4.17;1;21.1;1.4;2.5;3.5;15.4;41.9
1162;FF3090;Fourrage;FOINS;Graminées Fourragères, Brome Fané au sol par temps de pluie (< 10 jours) 3e cycle Repousses feuillues de 6 semaines;85;0.8;0.74;38;88;27;6.57;2.23;1.74;2;1.35;1.06;1.09;856;69;167;67;298;68;618;68;315;64;21;35;3.2;2.1;5.5;2.2;1.4;746;4159;65;2243;71;69;80;1.3;0.2;36;6.6;665;6;25;60;0.06;0.08;0.1;10000;50;5;4.77;1.48;6.41;5.61;6.92;2.36;5.25;9.37;6.16;9.9;4.97;13.49;5.32;6.13;7.41;4.44;3.12;6.57;1.74;4.99;5.4;6;2.23;5.31;8.78;5.44;10.38;4.73;13.22;4.3;6.99;6.89;4.16;1;19.7;1.4;2.2;3.2;13.9;46.5
1163;FF3100;Fourrage;FOINS;Graminées Fourragères, Brome Fané au sol par temps de pluie (< 10 jours) 3e cycle Repousses feuillues de 7 semaines;85;0.79;0.73;36;86;21;6.61;2.23;1.74;2;1.37;1.07;1.11;862;68;159;65;301;68;621;68;317;64;20;34;2.9;1.9;5.5;2.2;1.4;746;4172;64;2228;71;69;78;1.3;0.2;36;6.6;665;6;25;60;0.06;0.08;0.1;10000;50;5;4.77;1.48;6.41;5.61;6.92;2.36;5.25;9.37;6.16;9.9;4.97;13.49;5.32;6.13;7.41;4.44;3.12;6.61;1.74;4.98;5.41;5.99;2.23;5.32;8.76;5.43;10.4;4.73;13.22;4.28;6.98;6.89;4.16;1;19.8;1.4;2.3;3.2;14.1;46
1164;FF3110;Fourrage;FOINS;Graminées Fourragères, Brome Fané au sol par temps de pluie (< 10 jours) 3e cycle Repousses feuillues de 8 semaines;85;0.78;0.71;31;81;6;6.71;2.23;1.75;1.9;1.39;1.08;1.12;858;67;139;62;305;67;625;67;321;63;19;32;2.9;1.9;5.1;2;1.4;629;4119;64;2185;70;67;75;1.3;0.2;31;6.2;548;6;25;60;0.06;0.08;0.1;10000;50;5;4.77;1.48;6.41;5.61;6.92;2.36;5.25;9.37;6.16;9.9;4.97;13.49;5.32;6.13;7.41;4.44;3.12;6.71;1.75;4.96;5.41;5.98;2.23;5.34;8.72;5.41;10.45;4.72;13.22;4.24;6.97;6.9;4.16;1;20.2;1.4;2.4;3.3;14.5;44.9
1175;FF3220;Fourrage;FOINS;Légumineuses Fourragères, Luzerne Ventilé 1er cycle Début bourgeonnement;85;0.76;0.68;42;91;43;6.89;1.72;2.02;2.5;1.1;0.95;0.92;891;64;185;74;311;53;520;55;326;47;17;27;2.4;1.4;12.5;3.8;2.5;465;4348;60;2162;72;72;82;0.7;0.3;22;4;421;6;25;35;0.02;0.02;0.1;50000;800;10;5.82;2.21;5.34;4.94;6.54;1.27;5.07;8.47;5.24;15.18;5.31;10.6;9.28;5.35;5.86;3.52;3.12;6.89;2.02;4.77;5.16;5.87;1.72;5.19;8.46;5.1;11.74;4.88;12.16;5.89;6.63;6.58;4.04;1;24.3;1.4;4.5;5.6;18.2;28.7
1176;FF3230;Fourrage;FOINS;Légumineuses Fourragères, Luzerne Ventilé 1er cycle Bourgeonnement;85;0.73;0.64;40;88;39;6.91;1.73;2.01;2.4;1.13;0.97;0.95;895;62;178;73;328;50;532;51;337;43;16;26;2.4;1.4;12.5;3.8;2.5;60;4354;58;2087;72;72;81;0.7;0.3;5;2.9;16;6;25;35;0.02;0.02;0.1;50000;800;10;5.82;2.21;5.34;4.94;6.54;1.27;5.07;8.47;5.24;15.18;5.31;10.6;9.28;5.35;5.86;3.52;3.12;6.91;2.01;4.76;5.17;5.87;1.73;5.2;8.45;5.1;11.72;4.88;12.18;5.85;6.64;6.59;4.05;1;24.3;1.4;4.5;5.7;18.4;28.3
1177;FF3240;Fourrage;FOINS;Légumineuses Fourragères, Luzerne Ventilé 1er cycle Début floraison;85;0.7;0.61;39;86;35;6.92;1.74;2.01;2.4;1.14;0.97;0.95;897;60;171;72;338;49;539;50;343;42;16;25;2.4;1.4;12.5;3.8;2.5;465;4351;56;2014;72;71;79;0.7;0.3;22;4;421;6;25;35;0.02;0.02;0.1;50000;800;10;5.82;2.21;5.34;4.94;6.54;1.27;5.07;8.47;5.24;15.18;5.31;10.6;9.28;5.35;5.86;3.52;3.12;6.92;2.01;4.76;5.17;5.87;1.74;5.21;8.45;5.1;11.71;4.87;12.2;5.81;6.64;6.6;4.05;1;24.4;1.4;4.5;5.7;18.5;27.9
1178;FF3250;Fourrage;FOINS;Légumineuses Fourragères, Luzerne Ventilé 1er cycle Floraison;85;0.67;0.58;37;84;33;6.79;1.75;1.81;2.3;1.15;0.98;0.96;903;58;167;71;351;46;548;46;352;37;16;25;2.2;1.3;12.5;3.8;2.5;465;4371;54;1945;72;71;79;0.7;0.3;22;4;421;6;25;35;0.02;0.02;0.1;50000;800;10;5.46;1.7;4.97;5.39;5.59;1.29;5.31;8.85;5.16;15.17;5.93;11.92;7.17;6.14;6.44;3.5;3.12;6.79;1.81;4.68;5.32;5.57;1.75;5.32;8.59;5.07;11.7;5.13;12.66;5;6.98;6.7;4.05;1;24.5;1.4;4.5;5.8;18.6;27.7
1179;FF3260;Fourrage;FOINS;Légumineuses Fourragères, Luzerne Ventilé 2e cycle après coupe bourgeonnement Repousses à tiges de 6 semaines;85;0.76;0.68;42;91;46;6.89;1.72;2.02;2.6;1.05;0.93;0.89;901;63;189;76;334;55;536;55;341;48;17;27;2.2;1.3;11;3.3;2.5;914;4400;59;2163;72;72;79;1.1;0.6;40;4.9;845;8;40;50;0.2;0.2;0.2;50000;800;10;5.82;2.21;5.34;4.94;6.54;1.27;5.07;8.47;5.24;15.18;5.31;10.6;9.28;5.35;5.86;3.52;3.12;6.89;2.02;4.77;5.16;5.87;1.72;5.19;8.46;5.1;11.74;4.88;12.17;5.89;6.63;6.58;4.05;1;24.2;1.4;4.5;5.6;18.1;28.9
1180;FF3270;Fourrage;FOINS;Légumineuses Fourragères, Luzerne Ventilé 2e cycle après coupe bourgeonnement Repousses à tiges de 7 semaines;85;0.72;0.64;40;87;41;6.92;1.74;2.01;2.5;1.1;0.97;0.95;901;61;181;75;338;51;539;52;343;44;17;26;2.2;1.3;11;3.3;2;829;4387;58;2079;72;72;77;0.9;0.5;36;4.1;773;8;40;50;0.2;0.2;0.2;50000;800;10;5.82;2.21;5.34;4.94;6.54;1.27;5.07;8.47;5.24;15.18;5.31;10.6;9.28;5.35;5.86;3.52;3.12;6.92;2.01;4.76;5.17;5.87;1.74;5.2;8.45;5.1;11.72;4.87;12.19;5.83;6.64;6.59;4.05;1;24.3;1.4;4.5;5.7;18.3;28.5
1181;FF3280;Fourrage;FOINS;Légumineuses Fourragères, Luzerne Ventilé 2e cycle après coupe bourgeonnement Repousses à tiges de 8 semaines;85;0.69;0.6;38;85;40;6.92;1.74;2.01;2.4;1.13;0.99;0.99;901;59;178;74;357;50;552;50;356;42;16;26;1.9;1.1;11;3.3;1.5;697;4381;56;1998;72;72;77;0.9;0.4;31;4.1;641;8;30;40;0.2;0.2;0.2;50000;800;10;5.82;2.21;5.34;4.94;6.54;1.27;5.07;8.47;5.24;15.18;5.31;10.6;9.28;5.35;5.86;3.52;3.12;6.92;2.01;4.76;5.17;5.87;1.74;5.2;8.45;5.1;11.71;4.87;12.2;5.82;6.64;6.6;4.05;1;24.3;1.4;4.5;5.7;18.4;28.3
1182;FF3290;Fourrage;FOINS;Légumineuses Fourragères, Luzerne Ventilé 3e cycle Repousses à tiges de 6 semaines;85;0.73;0.64;43;91;52;6.88;1.71;2.02;2.5;1.1;0.97;0.95;893;62;195;73;313;50;521;52;327;43;18;27;2.2;1.3;12.9;3.9;1.5;697;4375;58;2090;72;72;80;0.9;0.4;31;4.1;641;8;30;40;0.2;0.2;0.2;50000;800;10;5.82;2.21;5.34;4.94;6.54;1.27;5.07;8.47;5.24;15.18;5.31;10.6;9.28;5.35;5.86;3.52;3.12;6.88;2.02;4.77;5.15;5.88;1.71;5.18;8.46;5.1;11.75;4.89;12.15;5.93;6.63;6.58;4.04;1;24.2;1.4;4.5;5.6;18;29.3
1183;FF3300;Fourrage;FOINS;Légumineuses Fourragères, Luzerne Ventilé 3e cycle Repousses à tiges de 7 semaines;85;0.73;0.64;42;90;51;6.88;1.72;2.02;2.4;1.11;0.98;0.96;896;62;193;73;313;47;521;50;327;41;18;27;2.2;1.3;14.4;4.3;2;419;4385;58;2094;72;72;79;0.9;0.5;20;4.1;363;8;30;40;0.2;0.2;0.2;50000;800;10;5.82;2.21;5.34;4.94;6.54;1.27;5.07;8.47;5.24;15.18;5.31;10.6;9.28;5.35;5.86;3.52;3.12;6.88;2.02;4.77;5.16;5.88;1.72;5.19;8.46;5.1;11.74;4.88;12.16;5.91;6.63;6.58;4.04;1;24.2;1.4;4.5;5.6;18.1;29.1
1184;FF3310;Fourrage;FOINS;Légumineuses Fourragères, Luzerne Ventilé 3e cycle Repousses à tiges de 8 semaines;85;0.69;0.61;40;87;44;6.91;1.73;2.01;2.4;1.13;0.99;0.98;894;60;183;72;315;46;522;49;328;39;17;26;2.2;1.3;14.1;4.2;2;419;4358;56;2010;72;72;78;0.9;0.5;20;4.1;363;8;30;40;0.2;0.2;0.2;50000;800;10;5.82;2.21;5.34;4.94;6.54;1.27;5.07;8.47;5.24;15.18;5.31;10.6;9.28;5.35;5.86;3.52;3.12;6.91;2.01;4.76;5.17;5.87;1.73;5.2;8.45;5.1;11.72;4.88;12.18;5.85;6.64;6.59;4.05;1;24.3;1.4;4.5;5.7;18.3;28.6
1185;FF3320;Fourrage;FOINS;Légumineuses Fourragères, Luzerne Fané au sol par beau temps 1er cycle Début bourgeonnement;85;0.75;0.67;41;89;41;6.91;1.73;2.01;2.3;1.17;1.01;1.01;903;63;181;72;334;55;536;55;341;48;17;26;2.4;1.4;12.5;3.8;2.5;465;4396;59;2138;72;72;81;0.7;0.3;22;4;421;6;25;35;0.02;0.02;0.1;50000;800;10;5.82;2.21;5.34;4.94;6.54;1.27;5.07;8.47;5.24;15.18;5.31;10.6;9.28;5.35;5.86;3.52;3.12;6.91;2.01;4.76;5.17;5.87;1.73;5.2;8.45;5.1;11.72;4.87;12.19;5.84;6.64;6.59;4.05;1;24.3;1.4;4.5;5.7;18.3;28.5
1186;FF3330;Fourrage;FOINS;Légumineuses Fourragères, Luzerne Fané au sol par beau temps 1er cycle Bourgeonnement;85;0.72;0.63;39;86;37;6.93;1.74;2.01;2.3;1.2;1.03;1.04;907;61;174;71;351;51;548;51;352;43;16;26;2.4;1.4;12.5;3.8;2.5;465;4402;57;2063;72;71;80;0.7;0.3;22;4;421;6;25;35;0.02;0.02;0.1;50000;800;10;5.82;2.21;5.34;4.94;6.54;1.27;5.07;8.47;5.24;15.18;5.31;10.6;9.28;5.35;5.86;3.52;3.12;6.93;2.01;4.76;5.17;5.87;1.74;5.21;8.45;5.1;11.71;4.87;12.21;5.8;6.64;6.6;4.05;1;24.4;1.4;4.5;5.7;18.4;28.1
1187;FF3340;Fourrage;FOINS;Légumineuses Fourragères, Luzerne Fané au sol par beau temps 1er cycle Début floraison;85;0.69;0.59;37;84;32;6.81;1.76;1.81;2.2;1.21;1.03;1.04;909;59;167;70;361;51;555;50;359;42;16;25;2.4;1.4;12.5;3.8;2.5;465;4398;55;1989;72;71;78;0.7;0.3;22;4;421;6;25;35;0.02;0.02;0.1;50000;800;10;5.46;1.7;4.97;5.39;5.59;1.29;5.31;8.85;5.16;15.17;5.93;11.92;7.17;6.14;6.44;3.5;3.12;6.81;1.81;4.68;5.32;5.57;1.76;5.32;8.58;5.08;11.69;5.12;12.67;4.98;6.98;6.71;4.05;1;24.5;1.4;4.5;5.8;18.6;27.7
1188;FF3350;Fourrage;FOINS;Légumineuses Fourragères, Luzerne Fané au sol par beau temps 1er cycle Floraison;85;0.66;0.56;36;82;30;6.82;1.77;1.81;2.2;1.23;1.04;1.05;915;57;163;69;374;47;564;46;367;38;15;25;2.2;1.3;12.5;3.8;2.5;465;4419;53;1919;72;71;78;0.7;0.3;22;4;421;6;25;35;0.02;0.02;0.1;50000;800;10;5.46;1.7;4.97;5.39;5.59;1.29;5.31;8.85;5.16;15.17;5.93;11.92;7.17;6.14;6.44;3.5;3.12;6.82;1.81;4.68;5.32;5.57;1.77;5.32;8.58;5.08;11.68;5.11;12.67;4.97;6.98;6.71;4.05;1;24.5;1.4;4.5;5.8;18.7;27.4
1189;FF3360;Fourrage;FOINS;Légumineuses Fourragères, Luzerne Fané au sol par beau temps 2e cycle après coupe bourgeonnement Repousses à tiges de 6 semaines;85;0.74;0.66;40;89;43;6.92;1.74;2.01;2.4;1.12;0.99;0.97;913;62;185;71;357;56;552;55;356;48;17;27;2.2;1.3;11;3.3;2.5;914;4448;58;2138;72;72;78;1.1;0.6;40;4.9;845;8;40;50;0.2;0.2;0.2;50000;800;10;5.82;2.21;5.34;4.94;6.54;1.27;5.07;8.47;5.24;15.18;5.31;10.6;9.28;5.35;5.86;3.52;3.12;6.92;2.01;4.76;5.17;5.87;1.74;5.2;8.45;5.1;11.72;4.87;12.19;5.83;6.64;6.59;4.05;1;24.3;1.4;4.5;5.6;18.2;28.7
1190;FF3370;Fourrage;FOINS;Légumineuses Fourragères, Luzerne Fané au sol par beau temps 2e cycle après coupe bourgeonnement Repousses à tiges de 7 semaines;85;0.71;0.62;38;85;39;6.94;1.75;2.01;2.3;1.17;1.03;1.04;913;60;177;71;361;53;555;52;359;44;16;26;2.2;1.3;11;3.3;2;829;4434;56;2054;72;71;76;0.9;0.5;36;4.1;773;8;40;50;0.2;0.2;0.2;50000;800;10;5.82;2.21;5.34;4.94;6.54;1.27;5.07;8.47;5.24;15.18;5.31;10.6;9.28;5.35;5.86;3.52;3.12;6.94;2.01;4.76;5.18;5.87;1.75;5.21;8.44;5.1;11.7;4.87;12.22;5.78;6.64;6.6;4.05;1;24.4;1.4;4.5;5.7;18.4;28.2
1191;FF3380;Fourrage;FOINS;Légumineuses Fourragères, Luzerne Fané au sol par beau temps 2e cycle après coupe bourgeonnement Repousses à tiges de 8 semaines;85;0.68;0.58;37;83;38;6.95;1.75;2.01;2.2;1.21;1.05;1.08;913;58;174;70;380;52;568;50;371;42;16;26;1.9;1.1;11;3.3;1.5;697;4429;54;1971;72;71;76;0.9;0.4;31;4.1;641;8;30;40;0.2;0.2;0.2;50000;800;10;5.82;2.21;5.34;4.94;6.54;1.27;5.07;8.47;5.24;15.18;5.31;10.6;9.28;5.35;5.86;3.52;3.12;6.95;2.01;4.76;5.18;5.87;1.75;5.22;8.44;5.11;11.69;4.86;12.23;5.76;6.64;6.61;4.05;1;24.4;1.4;4.5;5.7;18.4;28.1
1192;FF3390;Fourrage;FOINS;Légumineuses Fourragères, Luzerne Fané au sol par beau temps 3e cycle Repousses à tiges de 6 semaines;85;0.72;0.63;41;89;50;6.9;1.72;2.01;2.3;1.17;1.03;1.04;905;61;191;71;336;51;537;52;342;44;18;27;2.2;1.3;12.9;3.9;1.5;697;4422;57;2066;73;72;79;0.9;0.4;31;4.1;641;8;30;40;0.2;0.2;0.2;50000;800;10;5.82;2.21;5.34;4.94;6.54;1.27;5.07;8.47;5.24;15.18;5.31;10.6;9.28;5.35;5.86;3.52;3.12;6.9;2.01;4.77;5.16;5.87;1.72;5.19;8.46;5.1;11.73;4.88;12.17;5.88;6.63;6.58;4.05;1;24.2;1.4;4.5;5.6;18.1;29
1193;FF3400;Fourrage;FOINS;Légumineuses Fourragères, Luzerne Fané au sol par beau temps 3e cycle Repousses à tiges de 7 semaines;85;0.72;0.63;41;88;49;6.91;1.73;2.01;2.3;1.18;1.04;1.06;908;61;189;71;336;49;537;50;342;42;17;27;2.2;1.3;14.4;4.3;2;419;4432;57;2069;73;72;78;0.9;0.5;20;4.1;363;8;30;40;0.2;0.2;0.2;50000;800;10;5.82;2.21;5.34;4.94;6.54;1.27;5.07;8.47;5.24;15.18;5.31;10.6;9.28;5.35;5.86;3.52;3.12;6.91;2.01;4.77;5.16;5.87;1.73;5.2;8.45;5.1;11.73;4.88;12.18;5.86;6.64;6.59;4.05;1;24.2;1.4;4.5;5.6;18.1;28.9
1194;FF3410;Fourrage;FOINS;Légumineuses Fourragères, Luzerne Fané au sol par beau temps 3e cycle Repousses à tiges de 8 semaines;85;0.68;0.59;38;85;42;6.93;1.74;2.01;2.3;1.2;1.05;1.07;906;59;179;70;338;46;539;47;343;38;17;26;2.2;1.3;14.1;4.2;2;419;4406;55;1984;72;72;77;0.9;0.5;20;4.1;363;8;30;40;0.2;0.2;0.2;50000;800;10;5.82;2.21;5.34;4.94;6.54;1.27;5.07;8.47;5.24;15.18;5.31;10.6;9.28;5.35;5.86;3.52;3.12;6.93;2.01;4.76;5.17;5.87;1.74;5.21;8.45;5.1;11.71;4.87;12.21;5.8;6.64;6.6;4.05;1;24.3;1.4;4.5;5.7;18.3;28.3
1195;FF3420;Fourrage;FOINS;Légumineuses Fourragères, Luzerne Fané au sol par temps de pluie 1er cycle Début bourgeonnement;85;0.67;0.57;38;85;41;6.92;1.74;2.01;2.1;1.27;1.08;1.11;905;58;176;71;377;51;566;50;369;42;16;26;2.4;1.4;12.5;3.8;2.5;465;4396;54;1940;73;71;80;0.7;0.3;22;4;421;6;25;35;0.02;0.02;0.1;50000;800;10;5.82;2.21;5.34;4.94;6.54;1.27;5.07;8.47;5.24;15.18;5.31;10.6;9.28;5.35;5.86;3.52;3.12;6.92;2.01;4.76;5.17;5.87;1.74;5.2;8.45;5.1;11.72;4.87;12.2;5.83;6.64;6.59;4.05;1;24.4;1.4;4.5;5.7;18.4;28.2
1196;FF3430;Fourrage;FOINS;Légumineuses Fourragères, Luzerne Fané au sol par temps de pluie 1er cycle Bourgeonnement;85;0.63;0.54;36;82;37;6.8;1.76;1.81;2.1;1.3;1.09;1.14;909;56;169;70;394;48;578;46;380;38;16;25;2.4;1.4;12.5;3.8;2.5;465;4402;52;1865;72;71;78;0.7;0.3;22;4;421;6;25;35;0.02;0.02;0.1;50000;800;10;5.46;1.7;4.97;5.39;5.59;1.29;5.31;8.85;5.16;15.17;5.93;11.92;7.17;6.14;6.44;3.5;3.12;6.8;1.81;4.68;5.32;5.57;1.76;5.32;8.59;5.08;11.69;5.12;12.66;4.99;6.98;6.7;4.05;1;24.4;1.4;4.5;5.7;18.5;27.8
1197;FF3440;Fourrage;FOINS;Légumineuses Fourragères, Luzerne Fané au sol par temps de pluie 1er cycle Début floraison;85;0.61;0.5;35;80;33;6.82;1.77;1.81;2;1.32;1.1;1.14;911;54;162;69;404;48;585;45;387;37;15;25;2.4;1.4;12.5;3.8;2.5;465;4399;50;1792;72;71;77;0.7;0.3;22;4;421;6;25;35;0.02;0.02;0.1;50000;800;10;5.46;1.7;4.97;5.39;5.59;1.29;5.31;8.85;5.16;15.17;5.93;11.92;7.17;6.14;6.44;3.5;3.12;6.82;1.81;4.68;5.32;5.57;1.77;5.32;8.58;5.08;11.68;5.11;12.67;4.97;6.98;6.71;4.05;1;24.5;1.4;4.5;5.8;18.7;27.4
1198;FF3450;Fourrage;FOINS;Légumineuses Fourragères, Luzerne Fané au sol par temps de pluie 1er cycle Floraison;85;0.58;0.47;34;78;31;6.83;1.77;1.81;2;1.34;1.1;1.15;917;52;158;68;417;45;594;42;396;33;15;24;2.2;1.3;12.5;3.8;2.5;465;4419;48;1721;72;70;76;0.7;0.3;22;4;421;6;25;35;0.02;0.02;0.1;50000;800;10;5.46;1.7;4.97;5.39;5.59;1.29;5.31;8.85;5.16;15.17;5.93;11.92;7.17;6.14;6.44;3.5;3.12;6.83;1.81;4.68;5.32;5.57;1.77;5.33;8.58;5.08;11.67;5.11;12.68;4.96;6.98;6.71;4.05;1;24.6;1.4;4.5;5.8;18.8;27.2
1199;FF3460;Fourrage;FOINS;Légumineuses Fourragères, Luzerne Fané au sol par temps de pluie 2e cycle après coupe bourgeonnement Repousses à tiges de 6 semaines;85;0.66;0.57;38;84;44;6.92;1.74;2.01;2.2;1.21;1.06;1.07;915;57;180;71;400;52;582;50;384;42;17;26;2.2;1.3;11;3.3;2.5;914;4448;54;1938;72;72;77;1.1;0.6;40;4.9;845;8;40;50;0.2;0.2;0.2;50000;800;10;5.82;2.21;5.34;4.94;6.54;1.27;5.07;8.47;5.24;15.18;5.31;10.6;9.28;5.35;5.86;3.52;3.12;6.92;2.01;4.76;5.17;5.87;1.74;5.2;8.45;5.1;11.71;4.87;12.2;5.82;6.64;6.6;4.05;1;24.3;1.4;4.5;5.7;18.3;28.4
1200;FF3470;Fourrage;FOINS;Légumineuses Fourragères, Luzerne Fané au sol par temps de pluie 2e cycle après coupe bourgeonnement Repousses à tiges de 7 semaines;85;0.63;0.53;36;81;39;6.95;1.76;2.01;2.1;1.27;1.09;1.14;915;55;172;70;404;50;585;47;387;39;16;25;2.2;1.3;11;3.3;2;829;4434;52;1854;72;71;75;0.9;0.5;36;4.1;773;8;40;50;0.2;0.2;0.2;50000;800;10;5.82;2.21;5.34;4.94;6.54;1.27;5.07;8.47;5.24;15.18;5.31;10.6;9.28;5.35;5.86;3.52;3.12;6.95;2.01;4.76;5.18;5.87;1.76;5.22;8.44;5.11;11.69;4.86;12.23;5.76;6.64;6.61;4.05;1;24.4;1.4;4.5;5.7;18.5;27.9
1201;FF3480;Fourrage;FOINS;Légumineuses Fourragères, Luzerne Fané au sol par temps de pluie 2e cycle après coupe bourgeonnement Repousses à tiges de 8 semaines;85;0.6;0.49;34;79;38;6.82;1.77;1.81;2.1;1.31;1.11;1.18;915;53;169;69;423;49;598;45;400;37;16;25;1.9;1.1;11;3.3;1.5;697;4429;50;1773;73;71;74;0.9;0.4;31;4.1;641;8;30;40;0.2;0.2;0.2;50000;800;10;5.46;1.7;4.97;5.39;5.59;1.29;5.31;8.85;5.16;15.17;5.93;11.92;7.17;6.14;6.44;3.5;3.12;6.82;1.81;4.68;5.32;5.57;1.77;5.32;8.58;5.08;11.68;5.11;12.67;4.97;6.98;6.71;4.05;1;24.4;1.4;4.5;5.7;18.5;27.8
1202;FF3490;Fourrage;FOINS;Légumineuses Fourragères, Luzerne Fané au sol par temps de pluie 3e cycle Repousses à tiges de 6 semaines;85;0.64;0.54;39;84;50;6.9;1.73;2.01;2.1;1.27;1.1;1.14;907;56;186;70;379;48;567;47;370;38;17;27;2.2;1.3;12.9;3.9;1.5;697;4422;52;1867;73;72;77;0.9;0.4;31;4.1;641;8;30;40;0.2;0.2;0.2;50000;800;10;5.82;2.21;5.34;4.94;6.54;1.27;5.07;8.47;5.24;15.18;5.31;10.6;9.28;5.35;5.86;3.52;3.12;6.9;2.01;4.77;5.16;5.87;1.73;5.2;8.45;5.1;11.73;4.88;12.18;5.86;6.63;6.59;4.05;1;24.3;1.4;4.5;5.6;18.2;28.7
1203;FF3500;Fourrage;FOINS;Légumineuses Fourragères, Luzerne Fané au sol par temps de pluie 3e cycle Repousses à tiges de 7 semaines;85;0.64;0.54;38;84;49;6.91;1.73;2.01;2.1;1.28;1.1;1.16;910;56;184;70;379;46;567;45;370;36;17;26;2.2;1.3;14.4;4.3;2;419;4432;52;1870;73;72;77;0.9;0.5;20;4.1;363;8;30;40;0.2;0.2;0.2;50000;800;10;5.82;2.21;5.34;4.94;6.54;1.27;5.07;8.47;5.24;15.18;5.31;10.6;9.28;5.35;5.86;3.52;3.12;6.91;2.01;4.76;5.17;5.87;1.73;5.2;8.45;5.1;11.72;4.87;12.19;5.84;6.64;6.59;4.05;1;24.3;1.4;4.5;5.7;18.2;28.6
1204;FF3510;Fourrage;FOINS;Légumineuses Fourragères, Luzerne Fané au sol par temps de pluie 3e cycle Repousses à tiges de 8 semaines;85;0.6;0.5;36;80;42;6.94;1.75;2.01;2.1;1.31;1.12;1.18;908;54;174;69;381;45;569;44;372;35;16;26;2.2;1.3;14.1;4.2;2;419;4406;50;1787;73;71;75;0.9;0.5;20;4.1;363;8;30;40;0.2;0.2;0.2;50000;800;10;5.82;2.21;5.34;4.94;6.54;1.27;5.07;8.47;5.24;15.18;5.31;10.6;9.28;5.35;5.86;3.52;3.12;6.94;2.01;4.76;5.18;5.87;1.75;5.21;8.44;5.1;11.7;4.87;12.22;5.78;6.64;6.6;4.05;1;24.4;1.4;4.5;5.7;18.4;28.1
1205;FF3520;Fourrage;FOINS;Légumineuses Fourragères, Trèfle Violet Ventilé 1er cycle Début bourgeonnement;85;0.81;0.75;43;93;36;6.74;1.98;2.04;2.8;0.98;0.95;0.92;880;67;180;63;245;49;485;57;299;50;16;26;2.7;1.6;10.3;3.1;2;419;4290;63;2279;71;72;82;0.9;0.5;20;4.1;363;8;30;40;0.2;0.2;0.2;50000;800;10;5.44;2.27;5.05;4.83;5.72;1.85;5.04;8.32;5.62;13.76;5.49;10.91;10.14;5.46;5.96;4.14;3.12;6.74;2.04;4.7;5.12;5.59;1.98;5.17;8.39;5.24;11.34;4.95;12.27;6.21;6.68;6.6;4.11;1;20.8;1.4;4.1;4.2;18.9;45.8
1206;FF3530;Fourrage;FOINS;Légumineuses Fourragères, Trèfle Violet Ventilé 1er cycle Bourgeonnement;85;0.8;0.73;39;89;23;6.8;2;2.03;2.7;0.99;0.96;0.93;895;66;164;62;270;51;502;57;316;50;15;24;2.4;1.4;9.9;3;2;419;4330;62;2258;70;71;79;0.9;0.5;20;4.1;363;8;30;40;0.2;0.2;0.2;50000;800;10;5.44;2.27;5.05;4.83;5.72;1.85;5.04;8.32;5.62;13.76;5.49;10.91;10.14;5.46;5.96;4.14;3.12;6.8;2.03;4.7;5.14;5.61;2;5.2;8.38;5.23;11.32;4.93;12.32;6.07;6.68;6.62;4.12;1;21.1;1.4;4.1;4.3;19.2;44.7
1207;FF3540;Fourrage;FOINS;Légumineuses Fourragères, Trèfle Violet Ventilé 1er cycle Début floraison;85;0.74;0.66;34;82;16;6.86;2.02;2.02;2.4;1.11;1.01;1.01;895;62;150;61;301;48;524;52;337;45;14;23;2.2;1.3;9.9;3;2;419;4306;59;2114;70;70;76;0.9;0.5;20;4.1;363;8;30;40;0.2;0.2;0.2;50000;800;10;5.44;2.27;5.05;4.83;5.72;1.85;5.04;8.32;5.62;13.76;5.49;10.91;10.14;5.46;5.96;4.14;3.12;6.86;2.02;4.7;5.16;5.62;2.02;5.22;8.37;5.23;11.3;4.91;12.37;5.92;6.69;6.64;4.12;1;21.4;1.4;4.2;4.3;19.4;43.7
1208;FF3550;Fourrage;FOINS;Légumineuses Fourragères, Trèfle Violet Ventilé 1er cycle Floraison;85;0.73;0.65;31;79;6;6.91;2.03;2.01;2.4;1.13;1.01;1.02;909;61;138;60;327;50;542;52;355;46;13;22;2.2;1.3;9.5;2.9;2;419;4348;58;2090;70;69;74;0.9;0.5;20;4.1;363;8;30;40;0.2;0.2;0.2;50000;800;10;5.44;2.27;5.05;4.83;5.72;1.85;5.04;8.32;5.62;13.76;5.49;10.91;10.14;5.46;5.96;4.14;3.12;6.91;2.01;4.7;5.18;5.63;2.03;5.24;8.36;5.22;11.28;4.89;12.42;5.8;6.7;6.66;4.13;1;21.7;1.4;4.2;4.4;19.7;42.8
1209;FF3560;Fourrage;FOINS;Légumineuses Fourragères, Trèfle Violet Ventilé 2e cycle après coupe bourgeonnement Repousses à tiges de 6 semaines;85;0.79;0.72;45;94;42;6.7;1.97;2.04;3;0.9;0.92;0.86;890;65;189;64;257;46;493;54;307;47;17;27;2.4;1.4;10.6;3.2;2.5;;4351;62;2237;70;72;80;1.4;0.5;15;;;;40;40;0.02;0.02;0.1;50000;800;10;5.44;2.27;5.05;4.83;5.72;1.85;5.04;8.32;5.62;13.76;5.49;10.91;10.14;5.46;5.96;4.14;3.12;6.7;2.04;4.7;5.11;5.59;1.97;5.16;8.4;5.24;11.35;4.96;12.24;6.28;6.67;6.59;4.11;1;20.6;1.4;4;4.2;18.7;46.4
1210;FF3570;Fourrage;FOINS;Légumineuses Fourragères, Trèfle Violet Ventilé 2e cycle après coupe bourgeonnement Repousses à tiges de 7 semaines;85;0.77;0.69;41;90;33;6.75;1.99;2.03;2.9;0.93;0.93;0.88;903;63;176;63;276;45;507;52;320;44;16;26;2.4;1.4;10.3;3.1;2.5;;4387;60;2182;70;71;78;1.4;0.5;15;;;;40;40;0.02;0.02;0.1;50000;800;10;5.44;2.27;5.05;4.83;5.72;1.85;5.04;8.32;5.62;13.76;5.49;10.91;10.14;5.46;5.96;4.14;3.12;6.75;2.03;4.7;5.12;5.6;1.99;5.18;8.39;5.24;11.33;4.94;12.28;6.17;6.68;6.6;4.11;1;20.9;1.4;4.1;4.2;18.9;45.5
1211;FF3580;Fourrage;FOINS;Légumineuses Fourragères, Trèfle Violet Ventilé 3e cycle Repousses à tiges de 6 semaines;85;0.8;0.74;49;98;60;6.64;1.96;2.05;2.8;0.95;0.94;0.9;854;68;210;65;204;39;456;55;272;45;19;29;2.7;1.6;9.5;2.9;2.5;;4224;64;2254;72;73;83;1.4;0.5;15;;;;40;40;0.02;0.02;0.1;50000;800;10;5.44;2.27;5.05;4.83;5.72;1.85;5.04;8.32;5.62;13.76;5.49;10.91;10.14;5.46;5.96;4.14;3.12;6.64;2.05;4.7;5.09;5.58;1.96;5.14;8.41;5.25;11.37;4.98;12.19;6.42;6.66;6.56;4.1;1;20.2;1.4;3.9;4.1;18.3;47.6
1212;FF3590;Fourrage;FOINS;Légumineuses Fourragères, Trèfle Violet Ventilé 3e cycle Repousses à tiges de 7 semaines;85;0.79;0.72;48;97;58;6.66;1.96;2.05;2.8;0.97;0.95;0.91;865;66;207;65;222;41;469;54;284;45;19;28;2.4;1.4;9.1;2.7;2.5;;4269;63;2226;72;73;82;1.4;0.5;15;;;;40;40;0.02;0.02;0.1;50000;800;10;5.44;2.27;5.05;4.83;5.72;1.85;5.04;8.32;5.62;13.76;5.49;10.91;10.14;5.46;5.96;4.14;3.12;6.66;2.05;4.7;5.09;5.58;1.96;5.14;8.4;5.24;11.37;4.98;12.2;6.39;6.66;6.57;4.1;1;20.3;1.4;3.9;4.1;18.3;47.5
1213;FF3600;Fourrage;FOINS;Légumineuses Fourragères, Trèfle Violet Ventilé 3e cycle Repousses à tiges de 8 semaines;85;0.74;0.67;45;93;61;6.68;1.97;2.04;2.4;1.12;1.01;1.01;857;64;205;65;221;37;468;52;283;42;19;28;2.4;1.4;9.1;2.7;3.5;909;4229;61;2119;73;73;81;1.1;0.5;40;4.9;841;6;40;50;0.02;0.02;0.1;50000;800;10;5.44;2.27;5.05;4.83;5.72;1.85;5.04;8.32;5.62;13.76;5.49;10.91;10.14;5.46;5.96;4.14;3.12;6.68;2.04;4.7;5.1;5.58;1.97;5.15;8.4;5.24;11.36;4.97;12.22;6.33;6.67;6.58;4.11;1;20.3;1.4;4;4.1;18.4;47.3
1214;FF3610;Fourrage;FOINS;Légumineuses Fourragères, Trèfle Violet Fané au sol 1er cycle Début bourgeonnement;85;0.71;0.63;44;91;42;6.69;1.97;2.04;2.8;0.98;1.01;1;871;61;183;64;255;36;492;47;306;37;16;26;2.7;1.6;10.3;3.1;2;419;4254;58;2038;71;72;82;0.9;0.5;20;4.1;363;8;30;40;0.2;0.2;0.2;50000;800;10;5.44;2.27;5.05;4.83;5.72;1.85;5.04;8.32;5.62;13.76;5.49;10.91;10.14;5.46;5.96;4.14;3.12;6.69;2.04;4.7;5.1;5.59;1.97;5.16;8.4;5.24;11.36;4.96;12.23;6.31;6.67;6.58;4.11;1;20.8;1.4;4.1;4.2;18.9;42.8
1215;FF3620;Fourrage;FOINS;Légumineuses Fourragères, Trèfle Violet Fané au sol 1er cycle Bourgeonnement;85;0.71;0.62;40;87;29;6.75;1.99;2.03;2.7;0.99;1.02;1.01;886;60;167;63;280;39;509;47;323;38;15;24;2.4;1.4;9.9;3;2;419;4294;57;2034;70;71;80;0.9;0.5;20;4.1;363;8;30;40;0.2;0.2;0.2;50000;800;10;5.44;2.27;5.05;4.83;5.72;1.85;5.04;8.32;5.62;13.76;5.49;10.91;10.14;5.46;5.96;4.14;3.12;6.75;2.03;4.7;5.13;5.6;1.99;5.18;8.39;5.24;11.33;4.94;12.28;6.17;6.68;6.6;4.11;1;21.1;1.4;4.1;4.3;19.2;41.7
1216;FF3630;Fourrage;FOINS;Légumineuses Fourragères, Trèfle Violet Fané au sol 1er cycle Début floraison;85;0.67;0.58;35;81;21;6.82;2.01;2.02;2.4;1.11;1.07;1.1;886;58;153;61;311;41;531;46;344;38;14;23;2.2;1.3;9.9;3;2;419;4270;55;1940;71;70;77;0.9;0.5;20;4.1;363;8;30;40;0.2;0.2;0.2;50000;800;10;5.44;2.27;5.05;4.83;5.72;1.85;5.04;8.32;5.62;13.76;5.49;10.91;10.14;5.46;5.96;4.14;3.12;6.82;2.02;4.7;5.15;5.61;2.01;5.21;8.37;5.23;11.31;4.92;12.34;6.01;6.69;6.63;4.12;1;21.4;1.4;4.2;4.3;19.4;40.7
1217;FF3640;Fourrage;FOINS;Légumineuses Fourragères, Trèfle Violet Fané au sol 1er cycle Floraison;85;0.66;0.57;31;78;12;6.88;2.02;2.01;2.4;1.13;1.07;1.11;900;58;141;60;337;44;549;47;361;39;13;22;2.2;1.3;9.5;2.9;2;419;4313;54;1933;70;69;75;0.9;0.5;20;4.1;363;8;30;40;0.2;0.2;0.2;50000;800;10;5.44;2.27;5.05;4.83;5.72;1.85;5.04;8.32;5.62;13.76;5.49;10.91;10.14;5.46;5.96;4.14;3.12;6.88;2.01;4.7;5.17;5.62;2.02;5.23;8.36;5.23;11.29;4.9;12.39;5.88;6.69;6.65;4.12;1;21.7;1.4;4.2;4.4;19.7;39.8
1218;FF3650;Fourrage;FOINS;Légumineuses Fourragères, Trèfle Violet Fané au sol 2e cycle après coupe bourgeonnement Repousses à tiges de 6 semaines;85;0.7;0.62;46;92;48;6.66;1.96;2.05;3;0.9;0.98;0.94;881;60;192;64;267;36;500;47;314;36;17;27;2.4;1.4;10.6;3.2;2.5;;4315;57;2022;71;72;80;1.4;0.5;15;;;;40;40;0.02;0.02;0.1;50000;800;10;5.44;2.27;5.05;4.83;5.72;1.85;5.04;8.32;5.62;13.76;5.49;10.91;10.14;5.46;5.96;4.14;3.12;6.66;2.05;4.7;5.1;5.58;1.96;5.15;8.4;5.24;11.37;4.97;12.21;6.38;6.67;6.57;4.11;1;20.6;1.4;4;4.2;18.7;43.4
1219;FF3660;Fourrage;FOINS;Légumineuses Fourragères, Trèfle Violet Fané au sol 2e cycle après coupe bourgeonnement Repousses à tiges de 7 semaines;85;0.69;0.6;42;88;39;6.72;1.98;2.04;2.9;0.93;0.99;0.96;894;59;179;63;286;38;514;46;327;37;16;26;2.4;1.4;10.3;3.1;2.5;;4351;55;1995;70;72;78;1.4;0.5;15;;;;40;40;0.02;0.02;0.1;50000;800;10;5.44;2.27;5.05;4.83;5.72;1.85;5.04;8.32;5.62;13.76;5.49;10.91;10.14;5.46;5.96;4.14;3.12;6.72;2.04;4.7;5.11;5.59;1.98;5.17;8.39;5.24;11.35;4.96;12.25;6.25;6.67;6.59;4.11;1;20.9;1.4;4.1;4.2;18.9;42.5
1220;FF3670;Fourrage;FOINS;Légumineuses Fourragères, Trèfle Violet Fané au sol 3e cycle Repousses à tiges de 6 semaines;85;0.7;0.62;50;96;67;6.6;1.94;2.06;2.8;0.95;1;0.98;845;62;213;66;214;26;463;46;278;33;19;29;2.7;1.6;9.5;2.9;2.5;;4189;58;2008;72;73;83;1.4;0.5;15;;;;40;40;0.02;0.02;0.1;50000;800;10;5.44;2.27;5.05;4.83;5.72;1.85;5.04;8.32;5.62;13.76;5.49;10.91;10.14;5.46;5.96;4.14;3.12;6.6;2.06;4.7;5.07;5.57;1.94;5.12;8.41;5.25;11.39;4.99;12.15;6.52;6.66;6.55;4.1;1;20.2;1.4;3.9;4.1;18.3;44.6
1221;FF3680;Fourrage;FOINS;Légumineuses Fourragères, Trèfle Violet Fané au sol 3e cycle Repousses à tiges de 7 semaines;85;0.69;0.61;49;95;65;6.61;1.95;2.06;2.8;0.97;1.01;0.99;856;61;210;65;232;29;476;46;291;34;19;28;2.4;1.4;9.1;2.7;2.5;;4233;57;1997;72;73;83;1.4;0.5;15;;;;40;40;0.02;0.02;0.1;50000;800;10;5.44;2.27;5.05;4.83;5.72;1.85;5.04;8.32;5.62;13.76;5.49;10.91;10.14;5.46;5.96;4.14;3.12;6.61;2.06;4.7;5.08;5.57;1.95;5.13;8.41;5.25;11.38;4.99;12.17;6.49;6.66;6.55;4.1;1;20.3;1.4;3.9;4.1;18.3;44.5
1222;FF3690;Fourrage;FOINS;Légumineuses Fourragères, Trèfle Violet Fané au sol 3e cycle Repousses à tiges de 8 semaines;85;0.66;0.58;46;91;67;6.64;1.96;2.05;2.4;1.12;1.07;1.1;848;60;208;65;231;26;475;44;290;31;19;28;2.4;1.4;9.1;2.7;3.5;909;4194;56;1919;73;73;82;1.1;0.5;40;4.9;841;6;40;50;0.02;0.02;0.1;50000;800;10;5.44;2.27;5.05;4.83;5.72;1.85;5.04;8.32;5.62;13.76;5.49;10.91;10.14;5.46;5.96;4.14;3.12;6.64;2.05;4.7;5.09;5.58;1.96;5.14;8.41;5.25;11.37;4.98;12.19;6.42;6.66;6.56;4.1;1;20.3;1.4;4;4.1;18.4;44.3
1223;FP0010;Fourrage;PAILLES, FOURRAGES LIGNIFIÉS; Paille de Blé, Seule Bonne;88;0.44;0.32;7;48;-55;7.45;2.2;1.87;1.1;2.41;1.45;1.6;920;42;35;0;420;50;798;47;504;49;7;15;1;0.5;2;0.8;1;238;4340;38;1351;68;60;59;0.6;1.5;9.5;2.5;201;4;10;20;0.02;0.02;0.1;1000;600;2;5.19;1.9;4.15;5.71;8.65;1.9;3.81;6.57;3.46;11.94;6.06;14.01;11.25;6.06;7.09;2.25;3.12;7.45;1.87;4.63;5.45;6.02;2.2;5.3;8.04;4.92;10.92;4.77;13.23;4.59;6.85;6.91;4.1;;;;;;;
1224;FP0020;Fourrage;PAILLES, FOURRAGES LIGNIFIÉS; Paille de Blé, Seule Moyenne;88;0.43;0.32;7;48;-55;7.45;2.2;1.87;1.1;2.41;1.6;1.8;920;42;35;0;420;50;798;47;504;49;7;15;1;0.5;2;0.8;1;238;4340;38;1332;68;60;59;0.6;1.5;9.5;2.5;201;4;10;20;0.02;0.02;0.1;1000;600;2;5.19;1.9;4.15;5.71;8.65;1.9;3.81;6.57;3.46;11.94;6.06;14.01;11.25;6.06;7.09;2.25;3.12;7.45;1.87;4.63;5.45;6.02;2.2;5.3;8.04;4.92;10.92;4.77;13.23;4.59;6.85;6.91;4.1;;;;;;;
1225;FP0030;Fourrage;PAILLES, FOURRAGES LIGNIFIÉS; Paille de Blé, Seule Mauvaise;88;0.44;0.32;7;48;-55;7.45;2.2;1.87;1.1;2.41;1.8;2;920;42;35;0;420;50;798;47;504;49;7;15;1;0.5;2;0.8;1;217;4340;38;1351;68;60;59;0.6;1;9.5;2.5;179;4;10;20;0.02;0.02;0.1;1000;600;2;5.19;1.9;4.15;5.71;8.65;1.9;3.81;6.57;3.46;11.94;6.06;14.01;11.25;6.06;7.09;2.25;3.12;7.45;1.87;4.63;5.45;6.02;2.2;5.3;8.04;4.92;10.92;4.77;13.23;4.59;6.85;6.91;4.1;;;;;;;
1226;FP0040;Fourrage;PAILLES, FOURRAGES LIGNIFIÉS; Paille de Blé, Traitée à l'ammoniac ;88;0.61;0.51;21;67;-20;7.01;2.09;1.87;1.6;1.7;1.15;1.3;915;54;100;44;419;65;766;58;504;62;7;15;1;0.5;3.5;1.4;1;238;4380;50;1805;66;60;61;1.6;1.5;9.5;2.5;138;4;10;20;0.02;0.02;0.1;1000;600;2;5.19;1.9;4.15;5.71;8.65;1.9;3.81;6.57;3.46;11.94;6.06;14.01;11.25;6.06;7.09;2.25;3.12;7.01;1.87;4.55;5.42;6.3;2.09;4.92;7.85;4.65;10.86;4.99;13.28;5.67;6.89;6.84;3.99;;;;;;;
1227;FP0050;Fourrage;PAILLES, FOURRAGES LIGNIFIÉS; Paille d'Orge, Seule Bonne;88;0.46;0.35;7;50;-55;7.54;2.26;1.9;1.1;2.47;1.45;1.6;920;44;38;8;420;54;798;49;504;51;7;15;1;0.5;3.5;1.4;1.5;238;4300;40;1409;68;60;59;0.6;1.5;9.5;2.5;201;4;10;20;0.02;0.02;0.1;1000;600;2;5.97;2.16;6.47;4.81;6.97;2.32;4.81;8.46;6.14;10.78;5.14;13.76;7.46;5.64;6.14;2.99;3.12;7.54;1.9;4.79;5.36;5.85;2.26;5.43;8.27;5.23;10.82;4.65;13.21;4.17;6.79;6.86;4.13;;;;;;;
1228;FP0060;Fourrage;PAILLES, FOURRAGES LIGNIFIÉS; Paille d'Orge, Seule Moyenne;88;0.46;0.35;7;50;-55;7.54;2.26;1.9;1.1;2.47;1.6;1.8;920;44;38;8;420;54;798;49;504;51;7;15;1;0.5;3.5;1.4;1;238;4300;40;1409;68;60;59;0.6;1.5;9.5;2.5;201;4;10;20;0.02;0.02;0.1;1000;600;2;5.97;2.16;6.47;4.81;6.97;2.32;4.81;8.46;6.14;10.78;5.14;13.76;7.46;5.64;6.14;2.99;3.12;7.54;1.9;4.79;5.36;5.85;2.26;5.43;8.27;5.23;10.82;4.65;13.21;4.17;6.79;6.86;4.13;;;;;;;
1229;FP0070;Fourrage;PAILLES, FOURRAGES LIGNIFIÉS; Paille d'Orge, Seule Mauvaise;88;0.46;0.35;7;50;-55;7.54;2.26;1.9;1.1;2.47;1.8;2;920;44;38;8;420;54;798;49;504;51;7;15;1;0.5;3.5;1.4;1;217;4300;40;1409;68;60;59;0.6;1;9.5;2.5;179;4;10;20;0.02;0.02;0.1;1000;600;2;5.97;2.16;6.47;4.81;6.97;2.32;4.81;8.46;6.14;10.78;5.14;13.76;7.46;5.64;6.14;2.99;3.12;7.54;1.9;4.79;5.36;5.85;2.26;5.43;8.27;5.23;10.82;4.65;13.21;4.17;6.79;6.86;4.13;;;;;;;
1230;FP0080;Fourrage;PAILLES, FOURRAGES LIGNIFIÉS; Paille d'Orge, Traitée à l'ammoniac ;88;0.61;0.51;21;67;-21;7.23;2.22;1.94;1.6;1.74;1.15;1.3;920;55;100;44;420;64;766;59;504;63;7;15;1;0.5;3.5;1.4;1.5;238;4300;51;1803;66;60;61;1.6;1.5;9.5;2.5;138;4;10;20;0.02;0.02;0.1;1000;600;2;5.97;2.16;6.47;4.81;6.97;2.32;4.81;8.46;6.14;10.78;5.14;13.76;7.46;5.64;6.14;2.99;3.12;7.23;1.94;4.89;5.22;5.92;2.22;5.24;8.35;5.33;10.67;4.72;13.23;4.67;6.77;6.73;4.05;;;;;;;
1231;FP0090;Fourrage;PAILLES, FOURRAGES LIGNIFIÉS; Paille d'Avoine, Seule ;88;0.51;0.41;6;50;-61;7.5;2.23;1.86;1.2;2.3;1.55;1.7;910;48;32;0;420;61;760;51;470;52;7;15;1;0.5;3.5;1.4;1;282;4240;44;1546;67;60;59;0.5;2.5;9.5;2.5;251;4;10;20;0.02;0.02;0.1;1000;600;2;5.08;1.86;5.25;5.08;5.75;2.03;3.89;8.46;5.92;12.01;6.77;14.38;6.26;5.92;6.94;4.4;3.12;7.5;1.86;4.71;5.41;5.74;2.23;5.35;8.27;5.21;10.94;4.84;13.28;3.98;6.84;6.93;4.19;;;;;;;
1232;FP0100;Fourrage;PAILLES, FOURRAGES LIGNIFIÉS; Paille de Sorgho, Seule ;85;0.56;0.45;9;54;-55;6.98;2.15;1.93;1.5;1.77;1.18;1.36;922;50;44;16;326;60;780;;450;;7;15;1;0.5;3.5;1.4;1;251;4320;46;1660;66;60;61;0.7;1.8;9.5;2.5;208;4;10;20;0.02;0.02;0.1;1000;600;2;2.43;2.33;4.23;3.49;5.71;1.69;4.44;14.39;5.61;2.12;4.87;22.22;8.99;3.28;9.84;4.34;2.9;6.98;1.93;4.63;5.18;5.72;2.15;5.35;9.12;5.18;9.97;4.63;14.31;4.46;6.41;7.09;4.17;;;;;;;
1233;FP0110;Fourrage;PAILLES, FOURRAGES LIGNIFIÉS; Paille de Sorgho, Traitée à l'ammoniac ;86;0.74;0.65;31;81;-2;5.9;1.98;2.03;2;1.35;1.04;1.07;932;62;140;56;312;70;749;;450;;7;15;1;0.5;3.5;1.4;1;251;4400;58;2113;64;60;63;0.7;1.8;9.5;2.5;208;4;10;20;0.02;0.02;0.1;1000;600;2;2.43;2.33;4.23;3.49;5.71;1.69;4.44;14.39;5.61;2.12;4.87;22.22;8.99;3.28;9.84;4.34;2.9;5.9;2.03;4.55;4.8;5.62;1.98;5.02;10.31;5.22;8.69;4.67;15.76;5.42;5.88;7.25;4.14;;;;;;;
1234;FP0120;Fourrage;PAILLES, FOURRAGES LIGNIFIÉS; Paille de Riz, Seule ;90;0.53;0.45;7;52;-60;7.34;2.29;1.94;1.1;2.4;1.6;1.8;850;54;37;0;367;62;780;59;450;57;7;15;1;0.5;3.5;1.4;1;195;3800;50;1572;68;60;59;0.6;0.5;9.5;2.5;157;4;10;20;0.02;0.02;0.1;1000;600;2;4.04;2.51;8.95;3.71;6.44;2.51;4.37;8.62;5.57;9.39;5.35;18.23;4.69;4.8;5.79;5.02;3.5;7.34;1.94;4.95;5.27;5.81;2.29;5.39;8.3;5.18;10.74;4.69;13.7;3.83;6.7;6.86;4.21;;;;;;;
1235;FP0130;Fourrage;PAILLES, FOURRAGES LIGNIFIÉS; Paille de Riz, Traitée à l'ammoniac ;90;0.64;0.56;20;67;-20;6.75;2.29;2.05;1.5;1.82;1.21;1.37;856;58;100;30;377;73;749;62;450;62;7;15;1;0.5;3.5;1.4;1;195;4190;54;1876;66;60;61;1.6;0.5;9.5;2.5;95;4;10;20;0.02;0.02;0.1;1000;600;2;4.04;2.51;8.95;3.71;6.44;2.51;4.37;8.62;5.57;9.39;5.35;18.23;4.69;4.8;5.79;5.02;3.5;6.75;2.05;5.27;5.01;5.84;2.29;5.13;8.43;5.21;10.47;4.81;14.35;3.97;6.55;6.72;4.22;;;;;;;
1236;FP0140;Fourrage;PAILLES, FOURRAGES LIGNIFIÉS; Paille de Graminée fourragère ;88;0.52;0.41;18;62;-28;7.22;2.1;2.08;1.8;1.54;1.11;1.2;926;48;84;49;400;53;760;51;480;53;7;15;1;0.5;3;1.2;1;195;4340;44;1571;65;60;62;1.3;0.5;9.5;2.5;114;4;20;20;0.02;0.02;0.1;1000;600;2;5.74;2.68;5.93;5.14;6.59;1.84;5.1;8.89;5.72;11.55;5.01;12.92;6.05;5.72;7.29;3.83;3.12;7.22;2.08;4.82;5.32;5.86;2.1;5.36;8.47;5.24;10.84;4.69;13.08;4.28;6.81;6.9;4.13;;;;;;;
1237;FP0150;Fourrage;PAILLES, FOURRAGES LIGNIFIÉS; Paille de Féverole, Seule ;87;0.47;0.36;10;53;-49;7.64;1.96;2.01;1.6;1.74;1.17;1.33;924;45;49;12;479;47;460;;370;;7;15;1;0.5;5;2;1;341;4200;41;1420;66;60;61;0.8;1;16;4;291;4;20;20;0.02;0.02;0.1;1000;600;2;6.82;2.67;10.45;3.84;4.8;0.75;4.37;8.1;4.48;12.79;5.44;18.76;4.37;4.58;4.37;3.41;2.1;7.64;2.01;5.21;5.21;5.61;1.96;5.32;8.28;5.03;11.06;4.75;14.03;3.83;6.63;6.73;4.15;;;;;;;
1238;FP0160;Fourrage;PAILLES, FOURRAGES LIGNIFIÉS; Paille de Pois, Seule ;86;0.55;0.46;14;59;-41;7.8;1.97;2.04;1.6;1.64;1.14;1.27;901;52;66;35;413;48;540;;380;;7;15;1;0.5;5;2;1;341;4130;48;1646;66;60;61;1.1;1;16;4;272;4;20;20;0.02;0.02;0.1;1000;600;2;7.87;2.69;9.27;4.09;5.06;1.08;4.53;7.65;5.06;12.61;5.06;17.67;4.53;4.74;4.74;3.34;2.2;7.8;2.04;5.18;5.19;5.6;1.97;5.29;8.2;5.11;11.04;4.7;14;3.88;6.61;6.7;4.12;;;;;;;
1239;FP0170;Fourrage;PAILLES, FOURRAGES LIGNIFIÉS; Cannes de Maïs, Fraîches ;52.4;0.63;0.54;10;57;-57;7.45;2.05;2.08;1.3;2.07;1.3;1.3;914;57;48;10;310;64;650;;360;;7;15;1.5;0.8;3;1.2;1;350;4160;53;1836;67;60;60;0.8;1.8;15;4;300;4;20;20;0.02;0.02;0.1;1000;600;2;5.6;3.39;3.13;4.95;7.16;1.04;4.69;15.49;5.34;10.94;5.86;8.2;7.29;4.56;8.72;3.65;3.12;7.45;2.08;4.54;5.36;5.89;2.05;5.39;9.25;5.14;10.82;4.78;12.51;4.21;6.62;7.02;4.15;;;;;;;
1240;FP0180;Fourrage;PAILLES, FOURRAGES LIGNIFIÉS; Cannes de Maïs, Ensilées ;31;0.63;0.54;13;60;-44;7.36;1.99;2.14;1.1;2.5;1;2;907;57;66;42;337;65;610;;380;;7;15;1.5;0.8;3;1.2;1;363;4200;53;1834;68;60;59;0.8;1.5;16;4;313;4;20;20;0.02;0.02;0.1;1000;600;2;5.6;3.39;3.13;4.95;7.16;1.04;4.69;15.49;5.34;10.94;5.86;8.2;7.29;4.56;8.72;3.65;3.12;7.36;2.14;4.5;5.33;5.91;1.99;5.33;9.53;5.14;10.79;4.82;12.33;4.33;6.57;7.03;4.13;;;;;;;
1241;FP0190;Fourrage;PAILLES, FOURRAGES LIGNIFIÉS; Cannes de Maïs, Traitée à l'ammoniac (4% de la MS) ;60;0.76;0.7;28;80;2;7.03;1.77;2.33;1.2;2.2;1.28;1.3;908;67;144;49;340;81;600;;360;;7;15;1.5;0.8;3;1.2;1;337;4220;63;2167;67;60;60;0.8;1.5;15;4;287;4;20;20;0.02;0.02;0.1;1000;600;2;5.6;3.39;3.13;4.95;7.16;1.04;4.69;15.49;5.34;10.94;5.86;8.2;7.29;4.56;8.72;3.65;3.12;7.03;2.33;4.37;5.23;6;1.77;5.15;10.45;5.13;10.67;4.98;11.74;4.76;6.39;7.07;4.09;;;;;;;
1242;FP0200;Fourrage;PAILLES, FOURRAGES LIGNIFIÉS; Spathes de Maïs, Fraîches ;52.7;0.84;0.77;10;65;-67;7.85;2.3;1.87;1.5;1.76;1.15;1.15;963;68;49;18;289;73;730;;350;;7;15;0.5;0.3;3;1.2;1;315;4340;64;2345;66;60;61;0.8;1;15;4;265;4;20;20;0.02;0.02;0.1;1000;600;2;0;0;0;0;0;0;0;0;0;0;0;0;0;0;0;0;0;7.85;1.87;4.71;5.5;5.81;2.3;5.63;8.23;5.17;11.01;4.61;13.25;3.73;6.85;7;4.22;;;;;;;
1243;FP0210;Fourrage;PAILLES, FOURRAGES LIGNIFIÉS; Spathes de Maïs, Traitée à l'ammoniac (4% de la MS) ;55;0.72;0.64;29;80;-4;7.9;2.31;1.88;1.6;1.7;1.15;1.15;974;62;137;51;227;53;700;;;;7;15;0.5;0.3;3;1.2;1;315;4390;58;2077;66;60;61;0.8;1;15;4;265;4;20;20;0.02;0.02;0.1;1000;600;2;0;0;0;0;0;0;0;0;0;0;0;0;0;0;0;0;0;7.9;1.88;4.74;5.53;5.84;2.31;5.66;8.28;5.2;11.07;4.64;13.32;3.75;6.89;7.04;4.24;;;;;;;
1244;FR0010;Fourrage;RACINES ET TUBERCULES; Betteraves Fourragères ;13;1.22;1.27;14;77;-28;7.14;1.98;1.86;3;0.91;1;1.2;915;90;104;61;70;86;130;;70;;3;6;1.5;1.1;2.5;0.5;1.3;226;4110;88;3150;81;85;70;1.7;0.7;23;14;120;6;35;100;0.02;0.02;0.1;100;0;0;3.84;1.82;4.44;4.85;5.66;0.81;2.63;5.66;2.63;9.9;5.45;37.78;1.82;3.64;5.45;3.64;3.12;7.14;1.86;4.65;5.35;5.71;1.98;5;7.88;4.74;10.72;4.74;16.66;3.42;6.45;6.8;4.15;0;20.6;;1.4;9.7;57.8;10.5
1245;FR0020;Fourrage;RACINES ET TUBERCULES; Betteraves Fourragères riches en MS ;19;1.16;1.2;11;75;-41;7.3;2.06;1.86;2.3;1.17;0.5;0.6;956;90;90;57;63;86;136;;72;;3;6;1.5;1.1;2.5;0.5;1.3;226;3990;88;3011;82;85;67;1.4;0.7;23;14;138;6;35;100;0.02;0.02;0.1;100;0;0;3.84;1.82;4.44;4.85;5.66;0.81;2.63;5.66;2.63;9.9;5.45;37.78;1.82;3.64;5.45;3.64;3.12;7.3;1.86;4.66;5.38;5.73;2.06;5.14;7.95;4.84;10.78;4.7;15.84;3.49;6.53;6.84;4.16;0;20.6;;1.4;9.7;57.8;10.5
1246;FR0030;Fourrage;RACINES ET TUBERCULES; Betteraves Sucrières ;23.2;1.18;1.21;9;74;-46;7.84;2.3;1.87;1.7;1.56;0.5;0.6;968;91;84;54;58;86;100;;;;3;6;1.5;1.1;3;0.6;1.3;749;4020;89;3038;84;85;64;1.3;0.7;50;20;668;6;35;100;0.02;0.02;0.1;100;0;0;0;0;0;0;0;0;0;0;0;0;0;0;0;0;0;0;0;7.84;1.87;4.71;5.49;5.81;2.3;5.62;8.22;5.16;10.99;4.61;13.23;3.73;6.84;7;4.21;0;20.6;;1.4;9.7;57.8;10.5
1247;FR0040;Fourrage;RACINES ET TUBERCULES; Carottes ;12.5;1.16;1.19;14;75;-26;7.4;2.13;1.87;3;0.9;0.6;0.7;910;88;105;58;100;79;100;;90;;7;14;3;2.1;4.5;0.9;1.9;708;4030;86;3011;80;85;66;1.7;3;28;5;601;10;30;30;0.02;0.02;0.1;25000;600;0;5.32;1.86;6.38;3.72;5.85;1.6;3.86;5.59;3.46;15.56;4.12;25.66;3.86;3.86;6.38;2.93;3.12;7.4;1.87;4.82;5.21;5.75;2.13;5.24;7.89;4.88;11.34;4.52;14.93;3.74;6.51;6.88;4.13;;;;;;;
1248;FR0050;Fourrage;RACINES ET TUBERCULES; Endives ;16.7;1.09;1.1;8;68;-64;7.84;2.3;1.87;3;0.9;0.6;0.7;913;85;56;32;100;82;190;;145;;10;20;2.5;1.8;4;0.8;1.3;631;4030;81;2853;80;85;70;0.9;0.7;30;6;574;30;30;50;0.02;0.02;0.1;500;0;5;0;0;0;0;0;0;0;0;0;0;0;0;0;0;0;0;0;7.84;1.87;4.71;5.49;5.8;2.3;5.62;8.22;5.16;10.99;4.61;13.23;3.72;6.84;6.99;4.21;;;;;;;
1249;FR0060;Fourrage;RACINES ET TUBERCULES; Navet ;9.5;1.21;1.24;16;78;-18;6.99;2.06;1.81;3;0.9;0.6;0.7;905;89;115;64;110;80;150;;;;8;15;2.5;1.8;5.5;1.1;0;;4120;87;3118;80;85;70;1.8;;30;6;;0;0;0;0;0;0;0;0;0;3.45;1.55;5.7;6.56;5.87;1.38;4.32;7.77;5.35;11.4;5.7;18.31;6.04;6.39;7.6;2.59;3.12;6.99;1.81;4.76;5.58;5.73;2.06;5.27;8.19;5.15;10.86;4.79;13.95;4.11;6.95;6.94;4.08;;;;;;;
1250;FR0070;Fourrage;RACINES ET TUBERCULES; Pommes de terre ;20;1.26;1.31;21;81;-38;7.43;2.08;1.92;3;0.9;0.6;0.7;950;93;108;58;26;55;73;;44;;1;2;2;1.4;0.5;0.1;1;484;4130;90;3224;65;65;56;1.7;0.1;22;3;378;4;10;40;0.01;0.01;0.01;0;0;0;6.15;2.01;5.2;4.02;5.79;1.65;3.66;5.44;4.37;26;3.78;18.68;2.96;3.07;3.31;3.9;3.12;7.43;1.92;4.75;5.16;5.74;2.08;5.04;7.74;4.98;13.13;4.42;14.35;3.57;6.18;6.54;4.17;0;17.2;;3.9;1.6;29.2;20.7
1251;FR0080;Fourrage;RACINES ET TUBERCULES; Rutabagas ;11.5;1.29;1.35;12;77;-43;7.85;2.3;1.87;3;0.9;0.6;0.7;940;93;90;71;85;75;140;;125;;2;4;2.5;1.8;3.5;0.7;1;484;4140;91;3290;80;85;70;1.4;0.1;22;3;396;4;10;40;0.01;0.01;0.01;0;0;0;0;0;0;0;0;0;0;0;0;0;0;0;0;0;0;0;0;7.85;1.87;4.71;5.5;5.81;2.3;5.63;8.23;5.17;11.01;4.61;13.25;3.73;6.85;7;4.22;;;;;;;
1252;FR0090;Fourrage;RACINES ET TUBERCULES; Topinambour ;20;1.17;1.19;10;72;-52;7.85;2.3;1.87;3;0.9;0.6;0.7;942;86;73;60;39;30;90;;57;;9;17;2;1.4;3;0.6;1;484;4210;83;3053;80;85;70;1.2;0.1;22;3;409;4;10;40;0.01;0.01;0.01;0;0;0;0;0;0;0;0;0;0;0;0;0;0;0;0;0;0;0;0;7.85;1.87;4.71;5.5;5.81;2.3;5.63;8.23;5.17;11;4.61;13.24;3.73;6.85;7;4.21;;;;;;;
1253;FR0100;Fourrage;RACINES ET TUBERCULES; Feuilles et collets de betteraves propres ;13;0.96;0.96;34;88;18;6.77;1.88;2.21;3.6;0.75;0.8;0.8;803;82;164;72;95;75;350;;210;;10;20;2.5;1.8;10;2;2;727;3730;79;2541;71;75;72;1;0.2;50;20;665;10;30;80;0.01;0.01;0.01;5000;0;0;5;2.86;5;5.18;5;1.43;3.39;7.86;4.64;10.54;5.71;21.79;4.29;6.43;6.61;4.29;3.12;6.77;2.21;4.7;5.28;5.43;1.88;4.61;8.22;4.92;10.58;4.98;15.68;3.9;7.08;6.77;4.15;;;;;;;
1254;FR0110;Fourrage;RACINES ET TUBERCULES; Feuilles et collets de betteraves sales ;13;0.77;0.76;32;80;19;6.75;1.87;2.22;3.6;0.75;0.8;0.8;680;79;153;69;85;76;330;;200;;8;16;2.5;1.8;15;3;2;727;3160;76;2072;71;75;72;1;0.2;50;20;665;12;60;150;0.01;0.01;0.01;5000;0;0;5;2.86;5;5.18;5;1.43;3.39;7.86;4.64;10.54;5.71;21.79;4.29;6.43;6.61;4.29;3.12;6.75;2.22;4.7;5.28;5.43;1.87;4.59;8.22;4.92;10.57;4.99;15.74;3.9;7.08;6.76;4.14;;;;;;;
1255;FR0120;Fourrage;RACINES ET TUBERCULES; Pulpes de betteraves surpressées ensilées ;22;1.05;1.06;18;73;-34;7.98;2.18;2.37;1.7;1.63;1.05;1.05;912;86;98;55;206;77;482;;241;;8;15;1;0.9;13;2.6;1;81;4010;82;2779;66;60;55;2;0.2;5;2;-44;6;40;50;0.01;0.01;0.01;1000;50;0;8.73;4.15;5.4;5.43;7.54;2.07;4.84;7.8;5.03;8.85;6.3;11.26;5.26;5.15;5.83;6.36;2.48;7.98;2.37;4.75;5.4;6.03;2.18;5.33;8.21;5.09;10.47;4.99;12.78;4.05;6.68;6.77;4.3;;20.6;;1.4;9.7;57.8;10.5